2025-09-24 12:19:16,343 - automation_pipeline - INFO - ================================================================================
2025-09-24 12:19:16,343 - automation_pipeline - INFO - EXCEL TO TERRAFORM AUTOMATION PIPELINE
2025-09-24 12:19:16,343 - automation_pipeline - INFO - ================================================================================
2025-09-24 12:19:16,343 - automation_pipeline - INFO - Started at: 2025-09-24 12:19:16.343589
2025-09-24 12:19:16,343 - automation_pipeline - INFO - Configuration: automation_config.json
2025-09-24 12:19:16,344 - automation_pipeline - INFO - Step 1: Validating inputs...
2025-09-24 12:19:16,344 - automation_pipeline - INFO - ✓ Input validation completed
2025-09-24 12:19:16,344 - automation_pipeline - INFO - Step 2: Backing up previous outputs...
2025-09-24 12:19:16,348 - automation_pipeline - INFO - Previous outputs backed up to: backup_20250924_121916
2025-09-24 12:19:16,348 - automation_pipeline - INFO - ✓ Previous outputs backed up
2025-09-24 12:19:16,348 - automation_pipeline - INFO - Step 3: Extracting Excel data to JSON...
2025-09-24 12:19:18,120 - automation_pipeline - INFO - JSON file created: comprehensive_excel_data.json (4,849,826 bytes)
2025-09-24 12:19:18,120 - automation_pipeline - INFO - ✓ Excel data extracted to: comprehensive_excel_data.json
2025-09-24 12:19:18,120 - automation_pipeline - INFO - Step 4: Generating Terraform files...
2025-09-24 12:19:18,142 - automation_pipeline - INFO - Generated 6 Terraform files
2025-09-24 12:19:18,142 - automation_pipeline - INFO - Resources: 23 VMs, 13 security rules
2025-09-24 12:19:18,143 - automation_pipeline - INFO - ✓ Terraform files generated in: test_automation_output
2025-09-24 12:19:18,143 - automation_pipeline - INFO - Step 5: Validating generated files...
2025-09-24 12:19:18,165 - automation_pipeline - INFO - ✓ Output validation completed
2025-09-24 12:19:18,165 - automation_pipeline - INFO - Step 6: Generating summary report...
2025-09-24 12:19:18,165 - automation_pipeline - INFO - ✓ Summary report generated
2025-09-24 12:19:18,165 - automation_pipeline - INFO - Step 7: Cleaning up temporary files...
2025-09-24 12:19:18,165 - automation_pipeline - INFO - ✓ Temporary files cleaned up
2025-09-24 12:19:18,165 - automation_pipeline - INFO - ================================================================================
2025-09-24 12:19:18,165 - automation_pipeline - INFO - AUTOMATION PIPELINE COMPLETED SUCCESSFULLY!
2025-09-24 12:19:18,165 - automation_pipeline - INFO - ================================================================================
2025-09-24 12:19:18,165 - automation_pipeline - INFO - Files generated: 7
2025-09-24 12:19:18,165 - automation_pipeline - INFO - Steps completed: 7
2025-09-24 12:19:18,166 - automation_pipeline - INFO - Duration: 0.00 seconds
2025-09-24 12:19:18,166 - automation_pipeline - INFO - Results saved to: automation_results_20250924_121918.json
2025-09-24 12:19:18,166 - automation_pipeline - INFO - ✓ Automation completed successfully - notification sent
2025-09-25 18:10:47,840 - automation_pipeline - INFO - ================================================================================
2025-09-25 18:10:47,841 - automation_pipeline - INFO - EXCEL TO TERRAFORM AUTOMATION PIPELINE
2025-09-25 18:10:47,841 - automation_pipeline - INFO - ================================================================================
2025-09-25 18:10:47,841 - automation_pipeline - INFO - Started at: 2025-09-25 18:10:47.840644
2025-09-25 18:10:47,841 - automation_pipeline - INFO - Configuration: automation_config.json
2025-09-25 18:10:47,841 - automation_pipeline - INFO - Step 1: Validating inputs...
2025-09-25 18:10:47,842 - automation_pipeline - INFO - Found 1 Excel files in sourcefiles
2025-09-25 18:10:47,842 - automation_pipeline - INFO -   - LLDtest.xlsm
2025-09-25 18:10:47,842 - automation_pipeline - INFO - ✓ Input validation completed
2025-09-25 18:10:47,843 - automation_pipeline - INFO - Found 1 Excel files in sourcefiles
2025-09-25 18:10:47,843 - automation_pipeline - INFO -   - LLDtest.xlsm
2025-09-25 18:10:47,843 - automation_pipeline - INFO - Processing 1 Excel file(s)
2025-09-25 18:10:47,843 - automation_pipeline - INFO - Step 2: Backing up previous outputs...
2025-09-25 18:10:47,871 - automation_pipeline - INFO - Previous outputs backed up to: backup_20250925_181047
2025-09-25 18:10:47,871 - automation_pipeline - INFO - ✓ Previous outputs backed up
2025-09-25 18:10:47,871 - automation_pipeline - INFO - Processing file 1/1: LLDtest.xlsm
2025-09-25 18:10:47,871 - automation_pipeline - INFO - Step 3.1: Extracting Excel data to JSON...
2025-09-25 18:10:49,545 - automation_pipeline - INFO - JSON file created: LLDtest_comprehensive_data.json (4,849,850 bytes)
2025-09-25 18:10:49,545 - automation_pipeline - INFO - ✓ Excel data extracted to: LLDtest_comprehensive_data.json
2025-09-25 18:10:49,545 - automation_pipeline - INFO - Step 4.1: Generating Terraform files...
2025-09-25 18:10:49,570 - automation_pipeline - INFO - Generated 13 Terraform files
2025-09-25 18:10:49,570 - automation_pipeline - INFO - Resources: 23 VMs, 13 security rules
2025-09-25 18:10:49,572 - automation_pipeline - INFO - ✓ Terraform files generated in: terraform_output/LLDtest_terraform
2025-09-25 18:10:49,572 - automation_pipeline - INFO - Step 5: Validating generated files...
2025-09-25 18:10:49,593 - automation_pipeline - INFO - ✓ Output validation completed
2025-09-25 18:10:49,593 - automation_pipeline - INFO - Step 6: Generating summary report...
2025-09-25 18:10:49,593 - automation_pipeline - INFO - ✓ Summary report generated
2025-09-25 18:10:49,593 - automation_pipeline - INFO - Step 7: Cleaning up temporary files...
2025-09-25 18:10:49,593 - automation_pipeline - INFO - ✓ Temporary files cleaned up
2025-09-25 18:10:49,593 - automation_pipeline - INFO - ================================================================================
2025-09-25 18:10:49,593 - automation_pipeline - INFO - AUTOMATION PIPELINE COMPLETED SUCCESSFULLY!
2025-09-25 18:10:49,593 - automation_pipeline - INFO - ================================================================================
2025-09-25 18:10:49,593 - automation_pipeline - INFO - Files processed: 1
2025-09-25 18:10:49,593 - automation_pipeline - INFO - Files generated: 14
2025-09-25 18:10:49,593 - automation_pipeline - INFO - Steps completed: 7
2025-09-25 18:10:49,594 - automation_pipeline - INFO - Duration: 0.00 seconds
2025-09-25 18:10:49,594 - automation_pipeline - INFO - Results saved to: automation_results_20250925_181049.json
2025-09-25 18:10:49,594 - automation_pipeline - INFO - ✓ Automation completed successfully - notification sent
2025-09-25 18:11:03,506 - automation_pipeline - INFO - ================================================================================
2025-09-25 18:11:03,506 - automation_pipeline - INFO - EXCEL TO TERRAFORM AUTOMATION PIPELINE
2025-09-25 18:11:03,506 - automation_pipeline - INFO - ================================================================================
2025-09-25 18:11:03,506 - automation_pipeline - INFO - Started at: 2025-09-25 18:11:03.506339
2025-09-25 18:11:03,506 - automation_pipeline - INFO - Configuration: automation_config.json
2025-09-25 18:11:03,506 - automation_pipeline - INFO - Step 1: Validating inputs...
2025-09-25 18:11:03,506 - automation_pipeline - INFO - Found 1 Excel files in sourcefiles
2025-09-25 18:11:03,506 - automation_pipeline - INFO -   - LLDtest.xlsm
2025-09-25 18:11:03,506 - automation_pipeline - INFO - ✓ Input validation completed
2025-09-25 18:11:03,507 - automation_pipeline - INFO - Found 1 Excel files in sourcefiles
2025-09-25 18:11:03,507 - automation_pipeline - INFO -   - LLDtest.xlsm
2025-09-25 18:11:03,507 - automation_pipeline - INFO - Processing 1 Excel file(s)
2025-09-25 18:11:03,507 - automation_pipeline - INFO - Step 2: Backing up previous outputs...
2025-09-25 18:11:03,509 - automation_pipeline - INFO - Previous outputs backed up to: backup_20250925_181103
2025-09-25 18:11:03,509 - automation_pipeline - INFO - ✓ Previous outputs backed up
2025-09-25 18:11:03,509 - automation_pipeline - INFO - Processing file 1/1: LLDtest.xlsm
2025-09-25 18:11:03,509 - automation_pipeline - INFO - Step 3.1: Extracting Excel data to JSON...
2025-09-25 18:11:05,091 - automation_pipeline - INFO - JSON file created: LLDtest_comprehensive_data.json (4,849,850 bytes)
2025-09-25 18:11:05,091 - automation_pipeline - INFO - ✓ Excel data extracted to: LLDtest_comprehensive_data.json
2025-09-25 18:11:05,091 - automation_pipeline - INFO - Step 4.1: Generating Terraform files...
2025-09-25 18:11:05,114 - automation_pipeline - INFO - Generated 13 Terraform files
2025-09-25 18:11:05,114 - automation_pipeline - INFO - Resources: 23 VMs, 13 security rules
2025-09-25 18:11:05,115 - automation_pipeline - INFO - ✓ Terraform files generated in: output_package/LLDtest_terraform
2025-09-25 18:11:05,115 - automation_pipeline - INFO - Step 5: Validating generated files...
2025-09-25 18:11:05,134 - automation_pipeline - INFO - ✓ Output validation completed
2025-09-25 18:11:05,135 - automation_pipeline - INFO - Step 6: Generating summary report...
2025-09-25 18:11:05,135 - automation_pipeline - INFO - ✓ Summary report generated
2025-09-25 18:11:05,135 - automation_pipeline - INFO - Step 7: Cleaning up temporary files...
2025-09-25 18:11:05,135 - automation_pipeline - INFO - ✓ Temporary files cleaned up
2025-09-25 18:11:05,135 - automation_pipeline - INFO - ================================================================================
2025-09-25 18:11:05,135 - automation_pipeline - INFO - AUTOMATION PIPELINE COMPLETED SUCCESSFULLY!
2025-09-25 18:11:05,135 - automation_pipeline - INFO - ================================================================================
2025-09-25 18:11:05,135 - automation_pipeline - INFO - Files processed: 1
2025-09-25 18:11:05,135 - automation_pipeline - INFO - Files generated: 14
2025-09-25 18:11:05,135 - automation_pipeline - INFO - Steps completed: 7
2025-09-25 18:11:05,135 - automation_pipeline - INFO - Duration: 0.00 seconds
2025-09-25 18:11:05,135 - automation_pipeline - INFO - Results saved to: automation_results_20250925_181105.json
2025-09-25 18:11:05,135 - automation_pipeline - INFO - ✓ Automation completed successfully - notification sent
2025-09-26 09:04:29,163 - automation_pipeline - INFO - ================================================================================
2025-09-26 09:04:29,163 - automation_pipeline - INFO - EXCEL TO TERRAFORM AUTOMATION PIPELINE
2025-09-26 09:04:29,163 - automation_pipeline - INFO - ================================================================================
2025-09-26 09:04:29,163 - automation_pipeline - INFO - Started at: 2025-09-26 09:04:29.163194
2025-09-26 09:04:29,164 - automation_pipeline - INFO - Configuration: automation_config.json
2025-09-26 09:04:29,164 - automation_pipeline - INFO - Step 1: Validating inputs...
2025-09-26 09:04:29,164 - automation_pipeline - INFO - No specific file provided, searching sourcefiles directory for Excel files...
2025-09-26 09:04:29,164 - automation_pipeline - INFO - Found 1 Excel file(s) in sourcefiles directory
2025-09-26 09:04:29,164 - automation_pipeline - INFO -   - LLDtest.xlsm
2025-09-26 09:04:29,165 - automation_pipeline - INFO - ✓ Input validation completed
2025-09-26 09:04:29,165 - automation_pipeline - INFO - No specific file provided, searching sourcefiles directory for Excel files...
2025-09-26 09:04:29,165 - automation_pipeline - INFO - Found 1 Excel file(s) in sourcefiles directory
2025-09-26 09:04:29,165 - automation_pipeline - INFO -   - LLDtest.xlsm
2025-09-26 09:04:29,165 - automation_pipeline - INFO - Processing 1 Excel file(s)
2025-09-26 09:04:29,165 - automation_pipeline - INFO - Step 2: Backing up previous outputs...
2025-09-26 09:04:29,170 - automation_pipeline - INFO - Previous outputs backed up to: backup_20250926_090429
2025-09-26 09:04:29,170 - automation_pipeline - INFO - ✓ Previous outputs backed up
2025-09-26 09:04:29,170 - automation_pipeline - INFO - Processing file 1/1: LLDtest.xlsm
2025-09-26 09:04:29,170 - automation_pipeline - INFO - Step 3.1: Extracting Excel data to JSON...
2025-09-26 09:04:34,189 - automation_pipeline - INFO - JSON file created: LLDtest_comprehensive_data.json (4,849,850 bytes)
2025-09-26 09:04:34,190 - automation_pipeline - INFO - ✓ Excel data extracted to: LLDtest_comprehensive_data.json
2025-09-26 09:04:34,190 - automation_pipeline - INFO - Step 4.1: Generating Terraform files...
2025-09-26 09:04:34,249 - automation_pipeline - INFO - Generated 10 Terraform files
2025-09-26 09:04:34,249 - automation_pipeline - INFO - Resources: 23 VMs, 13 security rules
2025-09-26 09:04:34,252 - automation_pipeline - INFO - ✓ Terraform files generated in: output_package/LLDtest_terraform
2025-09-26 09:04:34,252 - automation_pipeline - INFO - Step 5: Validating generated files...
2025-09-26 09:04:34,304 - automation_pipeline - INFO - ✓ Output validation completed
2025-09-26 09:04:34,305 - automation_pipeline - INFO - Step 6: Generating summary report...
2025-09-26 09:04:34,305 - automation_pipeline - INFO - ✓ Summary report generated
2025-09-26 09:04:34,305 - automation_pipeline - INFO - Step 7: Cleaning up temporary files...
2025-09-26 09:04:34,305 - automation_pipeline - INFO - ✓ Temporary files cleaned up
2025-09-26 09:04:34,305 - automation_pipeline - INFO - ================================================================================
2025-09-26 09:04:34,305 - automation_pipeline - INFO - AUTOMATION PIPELINE COMPLETED SUCCESSFULLY!
2025-09-26 09:04:34,305 - automation_pipeline - INFO - ================================================================================
2025-09-26 09:04:34,306 - automation_pipeline - INFO - Files processed: 1
2025-09-26 09:04:34,306 - automation_pipeline - INFO - Files generated: 11
2025-09-26 09:04:34,306 - automation_pipeline - INFO - Steps completed: 7
2025-09-26 09:04:34,306 - automation_pipeline - INFO - Duration: 0.00 seconds
2025-09-26 09:04:34,307 - automation_pipeline - INFO - Results saved to: automation_results_20250926_090434.json
2025-09-26 09:04:34,307 - automation_pipeline - INFO - ✓ Automation completed successfully - notification sent
2025-09-26 09:09:54,231 - automation_pipeline - INFO - ================================================================================
2025-09-26 09:09:54,232 - automation_pipeline - INFO - EXCEL TO TERRAFORM AUTOMATION PIPELINE
2025-09-26 09:09:54,232 - automation_pipeline - INFO - ================================================================================
2025-09-26 09:09:54,232 - automation_pipeline - INFO - Started at: 2025-09-26 09:09:54.231176
2025-09-26 09:09:54,232 - automation_pipeline - INFO - Configuration: automation_config.json
2025-09-26 09:09:54,232 - automation_pipeline - INFO - Step 1: Validating inputs...
2025-09-26 09:09:54,232 - automation_pipeline - INFO - No specific file provided, searching sourcefiles directory for Excel files...
2025-09-26 09:09:54,232 - automation_pipeline - INFO - Found 1 Excel file(s) in sourcefiles directory
2025-09-26 09:09:54,232 - automation_pipeline - INFO -   - LLDtest.xlsm
2025-09-26 09:09:54,233 - automation_pipeline - INFO - ✓ Input validation completed
2025-09-26 09:09:54,233 - automation_pipeline - INFO - No specific file provided, searching sourcefiles directory for Excel files...
2025-09-26 09:09:54,233 - automation_pipeline - INFO - Found 1 Excel file(s) in sourcefiles directory
2025-09-26 09:09:54,233 - automation_pipeline - INFO -   - LLDtest.xlsm
2025-09-26 09:09:54,233 - automation_pipeline - INFO - Processing 1 Excel file(s)
2025-09-26 09:09:54,234 - automation_pipeline - INFO - Step 2: Backing up previous outputs...
2025-09-26 09:09:54,252 - automation_pipeline - INFO - Previous outputs backed up to: backup_20250926_090954
2025-09-26 09:09:54,252 - automation_pipeline - INFO - ✓ Previous outputs backed up
2025-09-26 09:09:54,252 - automation_pipeline - INFO - Processing file 1/1: LLDtest.xlsm
2025-09-26 09:09:54,252 - automation_pipeline - INFO - Step 3.1: Extracting Excel data to JSON...
2025-09-26 09:09:59,425 - automation_pipeline - INFO - JSON file created: LLDtest_comprehensive_data.json (4,849,850 bytes)
2025-09-26 09:09:59,425 - automation_pipeline - INFO - ✓ Excel data extracted to: LLDtest_comprehensive_data.json
2025-09-26 09:09:59,425 - automation_pipeline - INFO - Step 4.1: Generating Terraform files...
2025-09-26 09:09:59,481 - automation_pipeline - INFO - Generated 10 Terraform files
2025-09-26 09:09:59,481 - automation_pipeline - INFO - Resources: 2 VMs, 13 security rules
2025-09-26 09:09:59,484 - automation_pipeline - INFO - ✓ Terraform files generated in: output_package/LLDtest_terraform
2025-09-26 09:09:59,485 - automation_pipeline - INFO - Step 5: Validating generated files...
2025-09-26 09:09:59,536 - automation_pipeline - INFO - ✓ Output validation completed
2025-09-26 09:09:59,536 - automation_pipeline - INFO - Step 6: Generating summary report...
2025-09-26 09:09:59,537 - automation_pipeline - INFO - ✓ Summary report generated
2025-09-26 09:09:59,537 - automation_pipeline - INFO - Step 7: Cleaning up temporary files...
2025-09-26 09:09:59,537 - automation_pipeline - INFO - ✓ Temporary files cleaned up
2025-09-26 09:09:59,537 - automation_pipeline - INFO - ================================================================================
2025-09-26 09:09:59,537 - automation_pipeline - INFO - AUTOMATION PIPELINE COMPLETED SUCCESSFULLY!
2025-09-26 09:09:59,537 - automation_pipeline - INFO - ================================================================================
2025-09-26 09:09:59,537 - automation_pipeline - INFO - Files processed: 1
2025-09-26 09:09:59,538 - automation_pipeline - INFO - Files generated: 11
2025-09-26 09:09:59,538 - automation_pipeline - INFO - Steps completed: 7
2025-09-26 09:09:59,538 - automation_pipeline - INFO - Duration: 0.00 seconds
2025-09-26 09:09:59,538 - automation_pipeline - INFO - Results saved to: automation_results_20250926_090959.json
2025-09-26 09:09:59,538 - automation_pipeline - INFO - ✓ Automation completed successfully - notification sent
2025-09-26 11:12:43,090 - automation_pipeline - INFO - ================================================================================
2025-09-26 11:12:43,091 - automation_pipeline - INFO - EXCEL TO TERRAFORM AUTOMATION PIPELINE
2025-09-26 11:12:43,091 - automation_pipeline - INFO - ================================================================================
2025-09-26 11:12:43,091 - automation_pipeline - INFO - Started at: 2025-09-26 11:12:43.090752
2025-09-26 11:12:43,092 - automation_pipeline - INFO - Configuration: automation_config.json
2025-09-26 11:12:43,092 - automation_pipeline - INFO - Step 1: Validating inputs...
2025-09-26 11:12:43,092 - automation_pipeline - INFO - No specific file provided, searching sourcefiles directory for Excel files...
2025-09-26 11:12:43,092 - automation_pipeline - INFO - Found 1 Excel file(s) in sourcefiles directory
2025-09-26 11:12:43,092 - automation_pipeline - INFO -   - LLDtest.xlsm
2025-09-26 11:12:43,093 - automation_pipeline - INFO - ✓ Input validation completed
2025-09-26 11:12:43,093 - automation_pipeline - INFO - No specific file provided, searching sourcefiles directory for Excel files...
2025-09-26 11:12:43,093 - automation_pipeline - INFO - Found 1 Excel file(s) in sourcefiles directory
2025-09-26 11:12:43,093 - automation_pipeline - INFO -   - LLDtest.xlsm
2025-09-26 11:12:43,093 - automation_pipeline - INFO - Processing 1 Excel file(s)
2025-09-26 11:12:43,094 - automation_pipeline - INFO - Step 2: Backing up previous outputs...
2025-09-26 11:12:43,112 - automation_pipeline - INFO - Previous outputs backed up to: backup_20250926_111243
2025-09-26 11:12:43,112 - automation_pipeline - INFO - ✓ Previous outputs backed up
2025-09-26 11:12:43,112 - automation_pipeline - INFO - Processing file 1/1: LLDtest.xlsm
2025-09-26 11:12:43,113 - automation_pipeline - INFO - Step 3.1: Extracting Excel data to JSON...
2025-09-26 11:12:47,764 - automation_pipeline - INFO - JSON file created: LLDtest_comprehensive_data.json (4,849,850 bytes)
2025-09-26 11:12:47,765 - automation_pipeline - INFO - ✓ Excel data extracted to: LLDtest_comprehensive_data.json
2025-09-26 11:12:47,765 - automation_pipeline - INFO - Step 4.1: Generating Terraform files...
2025-09-26 11:12:47,817 - automation_pipeline - INFO - Generated 10 Terraform files
2025-09-26 11:12:47,817 - automation_pipeline - INFO - Resources: 2 VMs, 13 security rules
2025-09-26 11:12:47,820 - automation_pipeline - INFO - ✓ Terraform files generated in: output_package/LLDtest_terraform
2025-09-26 11:12:47,820 - automation_pipeline - INFO - Step 5: Validating generated files...
2025-09-26 11:12:47,869 - automation_pipeline - INFO - ✓ Output validation completed
2025-09-26 11:12:47,869 - automation_pipeline - INFO - Step 6: Generating summary report...
2025-09-26 11:12:47,869 - automation_pipeline - INFO - ✓ Summary report generated
2025-09-26 11:12:47,869 - automation_pipeline - INFO - Step 7: Cleaning up temporary files...
2025-09-26 11:12:47,870 - automation_pipeline - INFO - ✓ Temporary files cleaned up
2025-09-26 11:12:47,870 - automation_pipeline - INFO - ================================================================================
2025-09-26 11:12:47,870 - automation_pipeline - INFO - AUTOMATION PIPELINE COMPLETED SUCCESSFULLY!
2025-09-26 11:12:47,870 - automation_pipeline - INFO - ================================================================================
2025-09-26 11:12:47,870 - automation_pipeline - INFO - Files processed: 1
2025-09-26 11:12:47,870 - automation_pipeline - INFO - Files generated: 11
2025-09-26 11:12:47,870 - automation_pipeline - INFO - Steps completed: 7
2025-09-26 11:12:47,870 - automation_pipeline - INFO - Duration: 0.00 seconds
2025-09-26 11:12:47,871 - automation_pipeline - INFO - Results saved to: automation_results_20250926_111247.json
2025-09-26 11:12:47,872 - automation_pipeline - INFO - ✓ Automation completed successfully - notification sent
2025-09-26 11:19:57,160 - automation_pipeline - INFO - ================================================================================
2025-09-26 11:19:57,161 - automation_pipeline - INFO - EXCEL TO TERRAFORM AUTOMATION PIPELINE
2025-09-26 11:19:57,161 - automation_pipeline - INFO - ================================================================================
2025-09-26 11:19:57,161 - automation_pipeline - INFO - Started at: 2025-09-26 11:19:57.160749
2025-09-26 11:19:57,162 - automation_pipeline - INFO - Configuration: automation_config.json
2025-09-26 11:19:57,162 - automation_pipeline - INFO - Step 1: Validating inputs...
2025-09-26 11:19:57,162 - automation_pipeline - INFO - No specific file provided, searching sourcefiles directory for Excel files...
2025-09-26 11:19:57,163 - automation_pipeline - INFO - Found 2 Excel file(s) in sourcefiles directory
2025-09-26 11:19:57,163 - automation_pipeline - INFO -   - ~$LLDtest.xlsm
2025-09-26 11:19:57,164 - automation_pipeline - INFO -   - LLDtest.xlsm
2025-09-26 11:19:57,165 - automation_pipeline - INFO - ✓ Input validation completed
2025-09-26 11:19:57,166 - automation_pipeline - INFO - No specific file provided, searching sourcefiles directory for Excel files...
2025-09-26 11:19:57,166 - automation_pipeline - INFO - Found 2 Excel file(s) in sourcefiles directory
2025-09-26 11:19:57,166 - automation_pipeline - INFO -   - ~$LLDtest.xlsm
2025-09-26 11:19:57,166 - automation_pipeline - INFO -   - LLDtest.xlsm
2025-09-26 11:19:57,167 - automation_pipeline - INFO - Processing 2 Excel file(s)
2025-09-26 11:19:57,167 - automation_pipeline - INFO - Step 2: Backing up previous outputs...
2025-09-26 11:19:57,190 - automation_pipeline - INFO - Previous outputs backed up to: backup_20250926_111957
2025-09-26 11:19:57,191 - automation_pipeline - INFO - ✓ Previous outputs backed up
2025-09-26 11:19:57,191 - automation_pipeline - INFO - Processing file 1/2: ~$LLDtest.xlsm
2025-09-26 11:19:57,191 - automation_pipeline - INFO - Step 3.1: Extracting Excel data to JSON...
2025-09-26 11:19:57,540 - automation_pipeline - ERROR - Failed to process sourcefiles/~$LLDtest.xlsm: ['Failed to create JSON file']
2025-09-26 11:19:57,540 - automation_pipeline - INFO - Processing file 2/2: LLDtest.xlsm
2025-09-26 11:19:57,540 - automation_pipeline - INFO - Step 3.2: Extracting Excel data to JSON...
2025-09-26 11:20:03,039 - automation_pipeline - INFO - JSON file created: LLDtest_comprehensive_data.json (4,849,850 bytes)
2025-09-26 11:20:03,039 - automation_pipeline - INFO - ✓ Excel data extracted to: LLDtest_comprehensive_data.json
2025-09-26 11:20:03,039 - automation_pipeline - INFO - Step 4.2: Generating Terraform files...
2025-09-26 11:20:03,093 - automation_pipeline - INFO - Generated 10 Terraform files
2025-09-26 11:20:03,094 - automation_pipeline - INFO - Resources: 2 VMs, 13 security rules
2025-09-26 11:20:03,096 - automation_pipeline - INFO - ✓ Terraform files generated in: output_package/LLDtest_terraform
2025-09-26 11:20:03,097 - automation_pipeline - INFO - Step 5: Validating generated files...
2025-09-26 11:20:03,146 - automation_pipeline - INFO - ✓ Output validation completed
2025-09-26 11:20:03,146 - automation_pipeline - INFO - Step 6: Generating summary report...
2025-09-26 11:20:03,147 - automation_pipeline - INFO - ✓ Summary report generated
2025-09-26 11:20:03,147 - automation_pipeline - INFO - Step 7: Cleaning up temporary files...
2025-09-26 11:20:03,147 - automation_pipeline - INFO - ✓ Temporary files cleaned up
2025-09-26 11:20:03,147 - automation_pipeline - INFO - ================================================================================
2025-09-26 11:20:03,147 - automation_pipeline - INFO - AUTOMATION PIPELINE COMPLETED SUCCESSFULLY!
2025-09-26 11:20:03,147 - automation_pipeline - INFO - ================================================================================
2025-09-26 11:20:03,147 - automation_pipeline - INFO - Files processed: 1
2025-09-26 11:20:03,147 - automation_pipeline - INFO - Files generated: 11
2025-09-26 11:20:03,147 - automation_pipeline - INFO - Steps completed: 7
2025-09-26 11:20:03,148 - automation_pipeline - INFO - Duration: 0.00 seconds
2025-09-26 11:20:03,148 - automation_pipeline - INFO - Results saved to: automation_results_20250926_112003.json
2025-09-26 11:20:03,148 - automation_pipeline - INFO - ✓ Automation completed successfully - notification sent
2025-09-26 11:36:54,111 - automation_pipeline - INFO - ================================================================================
2025-09-26 11:36:54,112 - automation_pipeline - INFO - EXCEL TO TERRAFORM AUTOMATION PIPELINE
2025-09-26 11:36:54,113 - automation_pipeline - INFO - ================================================================================
2025-09-26 11:36:54,113 - automation_pipeline - INFO - Started at: 2025-09-26 11:36:54.111845
2025-09-26 11:36:54,113 - automation_pipeline - INFO - Configuration: automation_config.json
2025-09-26 11:36:54,113 - automation_pipeline - INFO - Step 1: Validating inputs...
2025-09-26 11:36:54,113 - automation_pipeline - INFO - No specific file provided, searching sourcefiles directory for Excel files...
2025-09-26 11:36:54,114 - automation_pipeline - INFO - Found 1 Excel file(s) in sourcefiles directory
2025-09-26 11:36:54,114 - automation_pipeline - INFO -   - LLDtest.xlsm
2025-09-26 11:36:54,114 - automation_pipeline - INFO - ✓ Input validation completed
2025-09-26 11:36:54,114 - automation_pipeline - INFO - No specific file provided, searching sourcefiles directory for Excel files...
2025-09-26 11:36:54,114 - automation_pipeline - INFO - Found 1 Excel file(s) in sourcefiles directory
2025-09-26 11:36:54,115 - automation_pipeline - INFO -   - LLDtest.xlsm
2025-09-26 11:36:54,115 - automation_pipeline - INFO - Processing 1 Excel file(s)
2025-09-26 11:36:54,115 - automation_pipeline - INFO - Step 2: Backing up previous outputs...
2025-09-26 11:36:54,130 - automation_pipeline - INFO - Previous outputs backed up to: backup_20250926_113654
2025-09-26 11:36:54,130 - automation_pipeline - INFO - ✓ Previous outputs backed up
2025-09-26 11:36:54,130 - automation_pipeline - INFO - Processing file 1/1: LLDtest.xlsm
2025-09-26 11:36:54,130 - automation_pipeline - INFO - Step 3.1: Extracting Excel data to JSON...
2025-09-26 11:36:59,570 - automation_pipeline - INFO - JSON file created: LLDtest_comprehensive_data.json (4,849,850 bytes)
2025-09-26 11:36:59,570 - automation_pipeline - INFO - ✓ Excel data extracted to: LLDtest_comprehensive_data.json
2025-09-26 11:36:59,570 - automation_pipeline - INFO - Step 4.1: Generating Terraform files...
2025-09-26 11:36:59,623 - automation_pipeline - INFO - Generated 10 Terraform files
2025-09-26 11:36:59,623 - automation_pipeline - INFO - Resources: 2 VMs, 13 security rules
2025-09-26 11:36:59,628 - automation_pipeline - INFO - ✓ Terraform files generated in: output_package/LLDtest_terraform
2025-09-26 11:36:59,628 - automation_pipeline - INFO - Step 5: Validating generated files...
2025-09-26 11:36:59,677 - automation_pipeline - INFO - ✓ Output validation completed
2025-09-26 11:36:59,678 - automation_pipeline - INFO - Step 6: Generating summary report...
2025-09-26 11:36:59,678 - automation_pipeline - INFO - ✓ Summary report generated
2025-09-26 11:36:59,679 - automation_pipeline - INFO - Step 7: Cleaning up temporary files...
2025-09-26 11:36:59,679 - automation_pipeline - INFO - ✓ Temporary files cleaned up
2025-09-26 11:36:59,679 - automation_pipeline - INFO - ================================================================================
2025-09-26 11:36:59,679 - automation_pipeline - INFO - AUTOMATION PIPELINE COMPLETED SUCCESSFULLY!
2025-09-26 11:36:59,679 - automation_pipeline - INFO - ================================================================================
2025-09-26 11:36:59,679 - automation_pipeline - INFO - Files processed: 1
2025-09-26 11:36:59,680 - automation_pipeline - INFO - Files generated: 11
2025-09-26 11:36:59,680 - automation_pipeline - INFO - Steps completed: 7
2025-09-26 11:36:59,680 - automation_pipeline - INFO - Duration: 0.00 seconds
2025-09-26 11:36:59,681 - automation_pipeline - INFO - Results saved to: automation_results_20250926_113659.json
2025-09-26 11:36:59,681 - automation_pipeline - INFO - ✓ Automation completed successfully - notification sent
2025-09-29 09:16:29,942 - automation_pipeline - INFO - ================================================================================
2025-09-29 09:16:29,942 - automation_pipeline - INFO - EXCEL TO TERRAFORM AUTOMATION PIPELINE
2025-09-29 09:16:29,942 - automation_pipeline - INFO - ================================================================================
2025-09-29 09:16:29,943 - automation_pipeline - INFO - Started at: 2025-09-29 09:16:29.942518
2025-09-29 09:16:29,943 - automation_pipeline - INFO - Configuration: automation_config.json
2025-09-29 09:16:29,943 - automation_pipeline - INFO - Step 1: Validating inputs...
2025-09-29 09:16:29,943 - automation_pipeline - INFO - No specific file provided, searching sourcefiles directory for Excel files...
2025-09-29 09:16:29,943 - automation_pipeline - INFO - Found 1 Excel file(s) in sourcefiles directory
2025-09-29 09:16:29,943 - automation_pipeline - INFO -   - LLDtest.xlsm
2025-09-29 09:16:29,943 - automation_pipeline - INFO - ✓ Input validation completed
2025-09-29 09:16:29,943 - automation_pipeline - INFO - No specific file provided, searching sourcefiles directory for Excel files...
2025-09-29 09:16:29,943 - automation_pipeline - INFO - Found 1 Excel file(s) in sourcefiles directory
2025-09-29 09:16:29,943 - automation_pipeline - INFO -   - LLDtest.xlsm
2025-09-29 09:16:29,943 - automation_pipeline - INFO - Processing 1 Excel file(s)
2025-09-29 09:16:29,943 - automation_pipeline - INFO - Step 2: Backing up previous outputs...
2025-09-29 09:16:29,967 - automation_pipeline - INFO - Previous outputs backed up to: backup_20250929_091629
2025-09-29 09:16:29,967 - automation_pipeline - INFO - ✓ Previous outputs backed up
2025-09-29 09:16:29,968 - automation_pipeline - INFO - Processing file 1/1: LLDtest.xlsm
2025-09-29 09:16:29,968 - automation_pipeline - INFO - Step 3.1: Extracting Excel data to JSON...
2025-09-29 09:16:32,908 - automation_pipeline - INFO - JSON file created: LLDtest_comprehensive_data.json (4,849,850 bytes)
2025-09-29 09:16:32,908 - automation_pipeline - INFO - ✓ Excel data extracted to: LLDtest_comprehensive_data.json
2025-09-29 09:16:32,908 - automation_pipeline - INFO - Step 4.1: Generating Terraform files...
2025-09-29 09:16:32,942 - automation_pipeline - INFO - Generated 10 Terraform files
2025-09-29 09:16:32,942 - automation_pipeline - INFO - Resources: 2 VMs, 13 security rules
2025-09-29 09:16:32,945 - automation_pipeline - INFO - ✓ Terraform files generated in: output_package/LLDtest_terraform
2025-09-29 09:16:32,945 - automation_pipeline - INFO - Step 5: Validating generated files...
2025-09-29 09:16:32,973 - automation_pipeline - INFO - ✓ Output validation completed
2025-09-29 09:16:32,973 - automation_pipeline - INFO - Step 6: Generating summary report...
2025-09-29 09:16:32,973 - automation_pipeline - INFO - ✓ Summary report generated
2025-09-29 09:16:32,973 - automation_pipeline - INFO - Step 7: Cleaning up temporary files...
2025-09-29 09:16:32,973 - automation_pipeline - INFO - ✓ Temporary files cleaned up
2025-09-29 09:16:32,973 - automation_pipeline - INFO - ================================================================================
2025-09-29 09:16:32,973 - automation_pipeline - INFO - AUTOMATION PIPELINE COMPLETED SUCCESSFULLY!
2025-09-29 09:16:32,973 - automation_pipeline - INFO - ================================================================================
2025-09-29 09:16:32,973 - automation_pipeline - INFO - Files processed: 1
2025-09-29 09:16:32,973 - automation_pipeline - INFO - Files generated: 11
2025-09-29 09:16:32,973 - automation_pipeline - INFO - Steps completed: 7
2025-09-29 09:16:32,973 - automation_pipeline - INFO - Duration: 0.00 seconds
2025-09-29 09:16:32,973 - automation_pipeline - INFO - Results saved to: automation_results_20250929_091632.json
2025-09-29 09:16:32,974 - automation_pipeline - INFO - ✓ Automation completed successfully - notification sent
2025-09-29 09:17:22,535 - automation_pipeline - INFO - ================================================================================
2025-09-29 09:17:22,535 - automation_pipeline - INFO - EXCEL TO TERRAFORM AUTOMATION PIPELINE
2025-09-29 09:17:22,535 - automation_pipeline - INFO - ================================================================================
2025-09-29 09:17:22,535 - automation_pipeline - INFO - Started at: 2025-09-29 09:17:22.535070
2025-09-29 09:17:22,535 - automation_pipeline - INFO - Configuration: automation_config.json
2025-09-29 09:17:22,535 - automation_pipeline - INFO - Step 1: Validating inputs...
2025-09-29 09:17:22,535 - automation_pipeline - INFO - No specific file provided, searching sourcefiles directory for Excel files...
2025-09-29 09:17:22,535 - automation_pipeline - INFO - Found 1 Excel file(s) in sourcefiles directory
2025-09-29 09:17:22,535 - automation_pipeline - INFO -   - LLDtest.xlsm
2025-09-29 09:17:22,536 - automation_pipeline - INFO - ✓ Input validation completed
2025-09-29 09:17:22,536 - automation_pipeline - INFO - No specific file provided, searching sourcefiles directory for Excel files...
2025-09-29 09:17:22,536 - automation_pipeline - INFO - Found 1 Excel file(s) in sourcefiles directory
2025-09-29 09:17:22,536 - automation_pipeline - INFO -   - LLDtest.xlsm
2025-09-29 09:17:22,536 - automation_pipeline - INFO - Processing 1 Excel file(s)
2025-09-29 09:17:22,536 - automation_pipeline - INFO - Step 2: Backing up previous outputs...
2025-09-29 09:17:22,554 - automation_pipeline - INFO - Previous outputs backed up to: backup_20250929_091722
2025-09-29 09:17:22,554 - automation_pipeline - INFO - ✓ Previous outputs backed up
2025-09-29 09:17:22,554 - automation_pipeline - INFO - Processing file 1/1: LLDtest.xlsm
2025-09-29 09:17:22,554 - automation_pipeline - INFO - Step 3.1: Extracting Excel data to JSON...
2025-09-29 09:17:25,419 - automation_pipeline - INFO - JSON file created: LLDtest_comprehensive_data.json (4,849,850 bytes)
2025-09-29 09:17:25,419 - automation_pipeline - INFO - ✓ Excel data extracted to: LLDtest_comprehensive_data.json
2025-09-29 09:17:25,419 - automation_pipeline - INFO - Step 4.1: Generating Terraform files...
2025-09-29 09:17:25,462 - automation_pipeline - INFO - Generated 10 Terraform files
2025-09-29 09:17:25,462 - automation_pipeline - INFO - Resources: 2 VMs, 13 security rules
2025-09-29 09:17:25,464 - automation_pipeline - INFO - ✓ Terraform files generated in: output_package/LLDtest_terraform
2025-09-29 09:17:25,464 - automation_pipeline - INFO - Step 5: Validating generated files...
2025-09-29 09:17:25,504 - automation_pipeline - INFO - ✓ Output validation completed
2025-09-29 09:17:25,504 - automation_pipeline - INFO - Step 6: Generating summary report...
2025-09-29 09:17:25,504 - automation_pipeline - INFO - ✓ Summary report generated
2025-09-29 09:17:25,504 - automation_pipeline - INFO - Step 7: Cleaning up temporary files...
2025-09-29 09:17:25,504 - automation_pipeline - INFO - ✓ Temporary files cleaned up
2025-09-29 09:17:25,504 - automation_pipeline - INFO - ================================================================================
2025-09-29 09:17:25,505 - automation_pipeline - INFO - AUTOMATION PIPELINE COMPLETED SUCCESSFULLY!
2025-09-29 09:17:25,505 - automation_pipeline - INFO - ================================================================================
2025-09-29 09:17:25,505 - automation_pipeline - INFO - Files processed: 1
2025-09-29 09:17:25,505 - automation_pipeline - INFO - Files generated: 11
2025-09-29 09:17:25,505 - automation_pipeline - INFO - Steps completed: 7
2025-09-29 09:17:25,505 - automation_pipeline - INFO - Duration: 0.00 seconds
2025-09-29 09:17:25,505 - automation_pipeline - INFO - Results saved to: automation_results_20250929_091725.json
2025-09-29 09:17:25,506 - automation_pipeline - INFO - ✓ Automation completed successfully - notification sent
2025-09-30 17:54:55,441 - automation_pipeline - INFO - ================================================================================
2025-09-30 17:54:55,441 - automation_pipeline - INFO - EXCEL TO TERRAFORM AUTOMATION PIPELINE
2025-09-30 17:54:55,441 - automation_pipeline - INFO - ================================================================================
2025-09-30 17:54:55,441 - automation_pipeline - INFO - Started at: 2025-09-30 17:54:55.441403
2025-09-30 17:54:55,441 - automation_pipeline - INFO - Configuration: automation_config.json
2025-09-30 17:54:55,441 - automation_pipeline - INFO - Step 1: Validating inputs...
2025-09-30 17:54:55,441 - automation_pipeline - INFO - No specific file provided, searching sourcefiles directory for Excel files...
2025-09-30 17:54:55,442 - automation_pipeline - INFO - Found 1 Excel file(s) in sourcefiles directory
2025-09-30 17:54:55,442 - automation_pipeline - INFO -   - LLDtest.xlsm
2025-09-30 17:54:55,442 - automation_pipeline - INFO - ✓ Input validation completed
2025-09-30 17:54:55,442 - automation_pipeline - INFO - No specific file provided, searching sourcefiles directory for Excel files...
2025-09-30 17:54:55,442 - automation_pipeline - INFO - Found 1 Excel file(s) in sourcefiles directory
2025-09-30 17:54:55,442 - automation_pipeline - INFO -   - LLDtest.xlsm
2025-09-30 17:54:55,442 - automation_pipeline - INFO - Processing 1 Excel file(s)
2025-09-30 17:54:55,442 - automation_pipeline - INFO - Step 2: Backing up previous outputs...
2025-09-30 17:54:55,458 - automation_pipeline - INFO - Previous outputs backed up to: backup_20250930_175455
2025-09-30 17:54:55,458 - automation_pipeline - INFO - ✓ Previous outputs backed up
2025-09-30 17:54:55,458 - automation_pipeline - INFO - Processing file 1/1: LLDtest.xlsm
2025-09-30 17:54:55,458 - automation_pipeline - INFO - Step 3.1: Extracting Excel data to JSON...
2025-09-30 17:54:57,735 - automation_pipeline - INFO - JSON file created: LLDtest_comprehensive_data.json (4,849,850 bytes)
2025-09-30 17:54:57,735 - automation_pipeline - INFO - ✓ Excel data extracted to: LLDtest_comprehensive_data.json
2025-09-30 17:54:57,735 - automation_pipeline - INFO - Step 4.1: Generating Terraform files...
2025-09-30 17:54:57,761 - automation_pipeline - INFO - Generated 10 Terraform files
2025-09-30 17:54:57,761 - automation_pipeline - INFO - Resources: 2 VMs, 13 security rules
2025-09-30 17:54:57,762 - automation_pipeline - INFO - ✓ Terraform files generated in: output_package/LLDtest_terraform
2025-09-30 17:54:57,762 - automation_pipeline - INFO - Step 5: Validating generated files...
2025-09-30 17:54:57,784 - automation_pipeline - INFO - ✓ Output validation completed
2025-09-30 17:54:57,784 - automation_pipeline - INFO - Step 6: Generating summary report...
2025-09-30 17:54:57,784 - automation_pipeline - INFO - ✓ Summary report generated
2025-09-30 17:54:57,784 - automation_pipeline - INFO - Step 7: Cleaning up temporary files...
2025-09-30 17:54:57,784 - automation_pipeline - INFO - ✓ Temporary files cleaned up
2025-09-30 17:54:57,784 - automation_pipeline - INFO - ================================================================================
2025-09-30 17:54:57,785 - automation_pipeline - INFO - AUTOMATION PIPELINE COMPLETED SUCCESSFULLY!
2025-09-30 17:54:57,785 - automation_pipeline - INFO - ================================================================================
2025-09-30 17:54:57,785 - automation_pipeline - INFO - Files processed: 1
2025-09-30 17:54:57,785 - automation_pipeline - INFO - Files generated: 11
2025-09-30 17:54:57,785 - automation_pipeline - INFO - Steps completed: 7
2025-09-30 17:54:57,785 - automation_pipeline - INFO - Duration: 0.00 seconds
2025-09-30 17:54:57,785 - automation_pipeline - INFO - Results saved to: automation_results_20250930_175457.json
2025-09-30 17:54:57,785 - automation_pipeline - INFO - ✓ Automation completed successfully - notification sent
2025-09-30 17:56:47,663 - automation_pipeline - INFO - ================================================================================
2025-09-30 17:56:47,663 - automation_pipeline - INFO - EXCEL TO TERRAFORM AUTOMATION PIPELINE
2025-09-30 17:56:47,663 - automation_pipeline - INFO - ================================================================================
2025-09-30 17:56:47,663 - automation_pipeline - INFO - Started at: 2025-09-30 17:56:47.663120
2025-09-30 17:56:47,663 - automation_pipeline - INFO - Configuration: automation_config.json
2025-09-30 17:56:47,663 - automation_pipeline - INFO - Step 1: Validating inputs...
2025-09-30 17:56:47,663 - automation_pipeline - INFO - Found 1 Excel files in sourcefiles
2025-09-30 17:56:47,663 - automation_pipeline - INFO -   - LLDtest.xlsm
2025-09-30 17:56:47,664 - automation_pipeline - INFO - ✓ Input validation completed
2025-09-30 17:56:47,664 - automation_pipeline - INFO - Found 1 Excel files in sourcefiles
2025-09-30 17:56:47,664 - automation_pipeline - INFO -   - LLDtest.xlsm
2025-09-30 17:56:47,664 - automation_pipeline - INFO - Processing 1 Excel file(s)
2025-09-30 17:56:47,664 - automation_pipeline - INFO - Step 2: Backing up previous outputs...
2025-09-30 17:56:47,675 - automation_pipeline - INFO - Previous outputs backed up to: backup_20250930_175647
2025-09-30 17:56:47,675 - automation_pipeline - INFO - ✓ Previous outputs backed up
2025-09-30 17:56:47,675 - automation_pipeline - INFO - Processing file 1/1: LLDtest.xlsm
2025-09-30 17:56:47,675 - automation_pipeline - INFO - Step 3.1: Extracting Excel data to JSON...
2025-09-30 17:56:49,521 - automation_pipeline - INFO - JSON file created: LLDtest_comprehensive_data.json (4,849,850 bytes)
2025-09-30 17:56:49,521 - automation_pipeline - INFO - ✓ Excel data extracted to: LLDtest_comprehensive_data.json
2025-09-30 17:56:49,521 - automation_pipeline - INFO - Step 4.1: Generating Terraform files...
2025-09-30 17:56:49,543 - automation_pipeline - INFO - Generated 10 Terraform files
2025-09-30 17:56:49,543 - automation_pipeline - INFO - Resources: 2 VMs, 13 security rules
2025-09-30 17:56:49,544 - automation_pipeline - INFO - ✓ Terraform files generated in: output_package/LLDtest_terraform
2025-09-30 17:56:49,544 - automation_pipeline - INFO - Step 5: Validating generated files...
2025-09-30 17:56:49,565 - automation_pipeline - INFO - ✓ Output validation completed
2025-09-30 17:56:49,565 - automation_pipeline - INFO - Step 6: Generating summary report...
2025-09-30 17:56:49,565 - automation_pipeline - INFO - ✓ Summary report generated
2025-09-30 17:56:49,565 - automation_pipeline - INFO - Step 7: Cleaning up temporary files...
2025-09-30 17:56:49,565 - automation_pipeline - INFO - ✓ Temporary files cleaned up
2025-09-30 17:56:49,565 - automation_pipeline - INFO - ================================================================================
2025-09-30 17:56:49,565 - automation_pipeline - INFO - AUTOMATION PIPELINE COMPLETED SUCCESSFULLY!
2025-09-30 17:56:49,565 - automation_pipeline - INFO - ================================================================================
2025-09-30 17:56:49,565 - automation_pipeline - INFO - Files processed: 1
2025-09-30 17:56:49,565 - automation_pipeline - INFO - Files generated: 11
2025-09-30 17:56:49,565 - automation_pipeline - INFO - Steps completed: 7
2025-09-30 17:56:49,565 - automation_pipeline - INFO - Duration: 0.00 seconds
2025-09-30 17:56:49,565 - automation_pipeline - INFO - Results saved to: automation_results_20250930_175649.json
2025-09-30 17:56:49,565 - automation_pipeline - INFO - ✓ Automation completed successfully - notification sent
2025-10-02 14:30:25,393 - automation_pipeline - INFO - ================================================================================
2025-10-02 14:30:25,393 - automation_pipeline - INFO - EXCEL TO TERRAFORM AUTOMATION PIPELINE
2025-10-02 14:30:25,393 - automation_pipeline - INFO - ================================================================================
2025-10-02 14:30:25,394 - automation_pipeline - INFO - Started at: 2025-10-02 14:30:25.393091
2025-10-02 14:30:25,394 - automation_pipeline - INFO - Configuration: automation_config.json
2025-10-02 14:30:25,394 - automation_pipeline - INFO - Step 1: Validating inputs...
2025-10-02 14:30:25,394 - automation_pipeline - INFO - No specific file provided, searching sourcefiles directory for Excel files...
2025-10-02 14:30:25,396 - automation_pipeline - INFO - Found 1 Excel file(s) in sourcefiles directory
2025-10-02 14:30:25,396 - automation_pipeline - INFO -   - LLDtest.xlsm
2025-10-02 14:30:25,399 - automation_pipeline - INFO - ✓ Input validation completed
2025-10-02 14:30:25,399 - automation_pipeline - INFO - No specific file provided, searching sourcefiles directory for Excel files...
2025-10-02 14:30:25,400 - automation_pipeline - INFO - Found 1 Excel file(s) in sourcefiles directory
2025-10-02 14:30:25,400 - automation_pipeline - INFO -   - LLDtest.xlsm
2025-10-02 14:30:25,400 - automation_pipeline - INFO - Processing 1 Excel file(s)
2025-10-02 14:30:25,400 - automation_pipeline - INFO - Step 2: Backing up previous outputs...
2025-10-02 14:30:25,429 - automation_pipeline - INFO - Previous outputs backed up to: backup_20251002_143025
2025-10-02 14:30:25,429 - automation_pipeline - INFO - ✓ Previous outputs backed up
2025-10-02 14:30:25,429 - automation_pipeline - INFO - Processing file 1/1: LLDtest.xlsm
2025-10-02 14:30:25,429 - automation_pipeline - INFO - Step 3.1: Extracting Excel data to JSON...
2025-10-02 14:30:36,226 - automation_pipeline - INFO - JSON file created: LLDtest_comprehensive_data.json (4,849,850 bytes)
2025-10-02 14:30:36,227 - automation_pipeline - INFO - ✓ Excel data extracted to: LLDtest_comprehensive_data.json
2025-10-02 14:30:36,228 - automation_pipeline - INFO - Step 4.1: Generating Terraform files...
2025-10-02 14:30:36,345 - automation_pipeline - INFO - Generated 10 Terraform files
2025-10-02 14:30:36,345 - automation_pipeline - INFO - Resources: 2 VMs, 13 security rules
2025-10-02 14:30:36,352 - automation_pipeline - INFO - ✓ Terraform files generated in: output_package/LLDtest_terraform
2025-10-02 14:30:36,352 - automation_pipeline - INFO - Step 5: Validating generated files...
2025-10-02 14:30:36,467 - automation_pipeline - INFO - ✓ Output validation completed
2025-10-02 14:30:36,467 - automation_pipeline - INFO - Step 6: Generating summary report...
2025-10-02 14:30:36,468 - automation_pipeline - INFO - ✓ Summary report generated
2025-10-02 14:30:36,468 - automation_pipeline - INFO - Step 7: Cleaning up temporary files...
2025-10-02 14:30:36,469 - automation_pipeline - INFO - ✓ Temporary files cleaned up
2025-10-02 14:30:36,470 - automation_pipeline - INFO - ================================================================================
2025-10-02 14:30:36,470 - automation_pipeline - INFO - AUTOMATION PIPELINE COMPLETED SUCCESSFULLY!
2025-10-02 14:30:36,470 - automation_pipeline - INFO - ================================================================================
2025-10-02 14:30:36,470 - automation_pipeline - INFO - Files processed: 1
2025-10-02 14:30:36,470 - automation_pipeline - INFO - Files generated: 11
2025-10-02 14:30:36,470 - automation_pipeline - INFO - Steps completed: 7
2025-10-02 14:30:36,470 - automation_pipeline - INFO - Duration: 0.00 seconds
2025-10-02 14:30:36,472 - automation_pipeline - INFO - Results saved to: automation_results_20251002_143036.json
2025-10-02 14:30:36,473 - automation_pipeline - INFO - ✓ Automation completed successfully - notification sent
2025-10-02 14:31:06,351 - automation_pipeline - INFO - ================================================================================
2025-10-02 14:31:06,352 - automation_pipeline - INFO - EXCEL TO TERRAFORM AUTOMATION PIPELINE
2025-10-02 14:31:06,352 - automation_pipeline - INFO - ================================================================================
2025-10-02 14:31:06,353 - automation_pipeline - INFO - Started at: 2025-10-02 14:31:06.351739
2025-10-02 14:31:06,354 - automation_pipeline - INFO - Configuration: automation_config.json
2025-10-02 14:31:06,355 - automation_pipeline - INFO - Step 1: Validating inputs...
2025-10-02 14:31:06,355 - automation_pipeline - INFO - No specific file provided, searching sourcefiles directory for Excel files...
2025-10-02 14:31:06,356 - automation_pipeline - INFO - Found 1 Excel file(s) in sourcefiles directory
2025-10-02 14:31:06,356 - automation_pipeline - INFO -   - LLDtest.xlsm
2025-10-02 14:31:06,357 - automation_pipeline - INFO - ✓ Input validation completed
2025-10-02 14:31:06,357 - automation_pipeline - INFO - No specific file provided, searching sourcefiles directory for Excel files...
2025-10-02 14:31:06,358 - automation_pipeline - INFO - Found 1 Excel file(s) in sourcefiles directory
2025-10-02 14:31:06,358 - automation_pipeline - INFO -   - LLDtest.xlsm
2025-10-02 14:31:06,358 - automation_pipeline - INFO - Processing 1 Excel file(s)
2025-10-02 14:31:06,358 - automation_pipeline - INFO - Step 2: Backing up previous outputs...
2025-10-02 14:31:06,384 - automation_pipeline - INFO - Previous outputs backed up to: backup_20251002_143106
2025-10-02 14:31:06,385 - automation_pipeline - INFO - ✓ Previous outputs backed up
2025-10-02 14:31:06,385 - automation_pipeline - INFO - Processing file 1/1: LLDtest.xlsm
2025-10-02 14:31:06,385 - automation_pipeline - INFO - Step 3.1: Extracting Excel data to JSON...
2025-10-02 14:31:16,295 - automation_pipeline - INFO - JSON file created: LLDtest_comprehensive_data.json (4,849,850 bytes)
2025-10-02 14:31:16,296 - automation_pipeline - INFO - ✓ Excel data extracted to: LLDtest_comprehensive_data.json
2025-10-02 14:31:16,296 - automation_pipeline - INFO - Step 4.1: Generating Terraform files...
2025-10-02 14:31:16,423 - automation_pipeline - INFO - Generated 10 Terraform files
2025-10-02 14:31:16,423 - automation_pipeline - INFO - Resources: 2 VMs, 13 security rules
2025-10-02 14:31:16,431 - automation_pipeline - INFO - ✓ Terraform files generated in: output_package/LLDtest_terraform
2025-10-02 14:31:16,432 - automation_pipeline - INFO - Step 5: Validating generated files...
2025-10-02 14:31:16,536 - automation_pipeline - INFO - ✓ Output validation completed
2025-10-02 14:31:16,537 - automation_pipeline - INFO - Step 6: Generating summary report...
2025-10-02 14:31:16,538 - automation_pipeline - INFO - ✓ Summary report generated
2025-10-02 14:31:16,538 - automation_pipeline - INFO - Step 7: Cleaning up temporary files...
2025-10-02 14:31:16,538 - automation_pipeline - INFO - ✓ Temporary files cleaned up
2025-10-02 14:31:16,539 - automation_pipeline - INFO - ================================================================================
2025-10-02 14:31:16,539 - automation_pipeline - INFO - AUTOMATION PIPELINE COMPLETED SUCCESSFULLY!
2025-10-02 14:31:16,539 - automation_pipeline - INFO - ================================================================================
2025-10-02 14:31:16,539 - automation_pipeline - INFO - Files processed: 1
2025-10-02 14:31:16,539 - automation_pipeline - INFO - Files generated: 11
2025-10-02 14:31:16,540 - automation_pipeline - INFO - Steps completed: 7
2025-10-02 14:31:16,540 - automation_pipeline - INFO - Duration: 0.00 seconds
2025-10-02 14:31:16,541 - automation_pipeline - INFO - Results saved to: automation_results_20251002_143116.json
2025-10-02 14:31:16,541 - automation_pipeline - INFO - ✓ Automation completed successfully - notification sent
2025-10-02 15:02:10,245 - automation_pipeline - INFO - ================================================================================
2025-10-02 15:02:10,246 - automation_pipeline - INFO - EXCEL TO TERRAFORM AUTOMATION PIPELINE
2025-10-02 15:02:10,246 - automation_pipeline - INFO - ================================================================================
2025-10-02 15:02:10,246 - automation_pipeline - INFO - Started at: 2025-10-02 15:02:10.245312
2025-10-02 15:02:10,246 - automation_pipeline - INFO - Configuration: automation_config.json
2025-10-02 15:02:10,246 - automation_pipeline - INFO - Step 1: Validating inputs...
2025-10-02 15:02:10,246 - automation_pipeline - INFO - No specific file provided, searching sourcefiles directory for Excel files...
2025-10-02 15:02:10,247 - automation_pipeline - INFO - Found 1 Excel file(s) in sourcefiles directory
2025-10-02 15:02:10,247 - automation_pipeline - INFO -   - LLDtest.xlsm
2025-10-02 15:02:10,247 - automation_pipeline - INFO - ✓ Input validation completed
2025-10-02 15:02:10,248 - automation_pipeline - INFO - No specific file provided, searching sourcefiles directory for Excel files...
2025-10-02 15:02:10,248 - automation_pipeline - INFO - Found 1 Excel file(s) in sourcefiles directory
2025-10-02 15:02:10,248 - automation_pipeline - INFO -   - LLDtest.xlsm
2025-10-02 15:02:10,248 - automation_pipeline - INFO - Processing 1 Excel file(s)
2025-10-02 15:02:10,248 - automation_pipeline - INFO - Step 2: Backing up previous outputs...
2025-10-02 15:02:10,266 - automation_pipeline - INFO - Previous outputs backed up to: backup_20251002_150210
2025-10-02 15:02:10,267 - automation_pipeline - INFO - ✓ Previous outputs backed up
2025-10-02 15:02:10,267 - automation_pipeline - INFO - Processing file 1/1: LLDtest.xlsm
2025-10-02 15:02:10,267 - automation_pipeline - INFO - Step 3.1: Extracting Excel data to JSON...
2025-10-02 15:02:20,940 - automation_pipeline - INFO - JSON file created: LLDtest_comprehensive_data.json (4,849,850 bytes)
2025-10-02 15:02:20,940 - automation_pipeline - INFO - ✓ Excel data extracted to: LLDtest_comprehensive_data.json
2025-10-02 15:02:20,941 - automation_pipeline - INFO - Step 4.1: Generating Terraform files...
2025-10-02 15:02:21,056 - automation_pipeline - INFO - Generated 10 Terraform files
2025-10-02 15:02:21,056 - automation_pipeline - INFO - Resources: 2 VMs, 13 security rules
2025-10-02 15:02:21,065 - automation_pipeline - INFO - ✓ Terraform files generated in: output_package/LLDtest_terraform
2025-10-02 15:02:21,066 - automation_pipeline - INFO - Step 5: Validating generated files...
2025-10-02 15:02:21,175 - automation_pipeline - INFO - ✓ Output validation completed
2025-10-02 15:02:21,175 - automation_pipeline - INFO - Step 6: Generating summary report...
2025-10-02 15:02:21,177 - automation_pipeline - INFO - ✓ Summary report generated
2025-10-02 15:02:21,177 - automation_pipeline - INFO - Step 7: Cleaning up temporary files...
2025-10-02 15:02:21,178 - automation_pipeline - INFO - ✓ Temporary files cleaned up
2025-10-02 15:02:21,179 - automation_pipeline - INFO - ================================================================================
2025-10-02 15:02:21,179 - automation_pipeline - INFO - AUTOMATION PIPELINE COMPLETED SUCCESSFULLY!
2025-10-02 15:02:21,179 - automation_pipeline - INFO - ================================================================================
2025-10-02 15:02:21,179 - automation_pipeline - INFO - Files processed: 1
2025-10-02 15:02:21,180 - automation_pipeline - INFO - Files generated: 11
2025-10-02 15:02:21,180 - automation_pipeline - INFO - Steps completed: 7
2025-10-02 15:02:21,180 - automation_pipeline - INFO - Duration: 0.00 seconds
2025-10-02 15:02:21,182 - automation_pipeline - INFO - Results saved to: automation_results_20251002_150221.json
2025-10-02 15:02:21,182 - automation_pipeline - INFO - ✓ Automation completed successfully - notification sent
2025-10-02 15:34:43,098 - automation_pipeline - INFO - Found 1 Excel files in sourcefiles
2025-10-02 15:34:43,099 - automation_pipeline - INFO -   - LLDtest.xlsm
2025-10-02 15:34:43,099 - automation_pipeline - INFO - Found 1 Excel files in sourcefiles
2025-10-02 15:34:43,100 - automation_pipeline - INFO -   - LLDtest.xlsm
2025-10-02 15:34:52,971 - automation_pipeline - INFO - Found 1 Excel files in sourcefiles
2025-10-02 15:34:52,972 - automation_pipeline - INFO -   - LLDtest.xlsm
2025-10-02 15:34:52,973 - automation_pipeline - INFO - Found 1 Excel files in sourcefiles
2025-10-02 15:34:52,974 - automation_pipeline - INFO -   - LLDtest.xlsm
2025-10-02 15:35:03,928 - automation_pipeline - INFO - JSON file created: LLDtest_comprehensive_data.json (4,849,850 bytes)
2025-10-02 15:35:08,694 - automation_pipeline - INFO - Generated 10 Terraform files
2025-10-02 15:35:08,694 - automation_pipeline - INFO - Resources: 2 VMs, 13 security rules
2025-10-02 15:35:25,046 - automation_pipeline - INFO - ================================================================================
2025-10-02 15:35:25,047 - automation_pipeline - INFO - EXCEL TO TERRAFORM AUTOMATION PIPELINE
2025-10-02 15:35:25,047 - automation_pipeline - INFO - ================================================================================
2025-10-02 15:35:25,047 - automation_pipeline - INFO - Started at: 2025-10-02 15:35:25.046060
2025-10-02 15:35:25,047 - automation_pipeline - INFO - Configuration: automation_config.json
2025-10-02 15:35:25,047 - automation_pipeline - INFO - Step 1: Validating inputs...
2025-10-02 15:35:25,049 - automation_pipeline - INFO - Found 1 Excel files in sourcefiles
2025-10-02 15:35:25,049 - automation_pipeline - INFO -   - LLDtest.xlsm
2025-10-02 15:35:25,052 - automation_pipeline - INFO - SUCCESS: Input validation completed
2025-10-02 15:35:25,052 - automation_pipeline - INFO - Found 1 Excel files in sourcefiles
2025-10-02 15:35:25,052 - automation_pipeline - INFO -   - LLDtest.xlsm
2025-10-02 15:35:25,053 - automation_pipeline - INFO - Processing 1 Excel file(s)
2025-10-02 15:35:25,053 - automation_pipeline - INFO - Step 2: Backing up previous outputs...
2025-10-02 15:35:25,078 - automation_pipeline - INFO - Previous outputs backed up to: backup_20251002_153525
2025-10-02 15:35:25,079 - automation_pipeline - INFO - SUCCESS: Previous outputs backed up
2025-10-02 15:35:25,079 - automation_pipeline - INFO - Processing file 1/1: LLDtest.xlsm
2025-10-02 15:35:25,079 - automation_pipeline - INFO - Step 3.1: Extracting Excel data to JSON...
2025-10-02 15:35:35,230 - automation_pipeline - INFO - JSON file created: LLDtest_comprehensive_data.json (4,849,850 bytes)
2025-10-02 15:35:35,237 - automation_pipeline - INFO - SUCCESS: Excel data extracted to: LLDtest_comprehensive_data.json
2025-10-02 15:35:35,238 - automation_pipeline - INFO - Step 4.1: Generating Terraform files...
2025-10-02 15:35:35,352 - automation_pipeline - INFO - Generated 10 Terraform files
2025-10-02 15:35:35,353 - automation_pipeline - INFO - Resources: 2 VMs, 13 security rules
2025-10-02 15:35:35,361 - automation_pipeline - INFO - SUCCESS: Terraform files generated in: output_package/LLDtest_terraform
2025-10-02 15:35:35,361 - automation_pipeline - INFO - Step 5: Validating generated files...
2025-10-02 15:35:35,465 - automation_pipeline - INFO - SUCCESS: Output validation completed
2025-10-02 15:35:35,465 - automation_pipeline - INFO - Step 6: Generating summary report...
2025-10-02 15:35:35,466 - automation_pipeline - INFO - SUCCESS: Summary report generated
2025-10-02 15:35:35,466 - automation_pipeline - INFO - Step 7: Cleaning up temporary files...
2025-10-02 15:35:35,467 - automation_pipeline - INFO - SUCCESS: Temporary files cleaned up
2025-10-02 15:35:35,467 - automation_pipeline - INFO - ================================================================================
2025-10-02 15:35:35,467 - automation_pipeline - INFO - AUTOMATION PIPELINE COMPLETED SUCCESSFULLY!
2025-10-02 15:35:35,467 - automation_pipeline - INFO - ================================================================================
2025-10-02 15:35:35,467 - automation_pipeline - INFO - Files processed: 1
2025-10-02 15:35:35,468 - automation_pipeline - INFO - Files generated: 11
2025-10-02 15:35:35,468 - automation_pipeline - INFO - Steps completed: 7
2025-10-02 15:35:35,468 - automation_pipeline - INFO - Duration: 0.00 seconds
2025-10-02 15:35:35,469 - automation_pipeline - INFO - Results saved to: automation_results_20251002_153535.json
2025-10-02 15:35:35,469 - automation_pipeline - INFO - SUCCESS: Automation completed successfully - notification sent
2025-10-02 15:35:49,549 - automation_pipeline - INFO - ================================================================================
2025-10-02 15:35:49,550 - automation_pipeline - INFO - EXCEL TO TERRAFORM AUTOMATION PIPELINE
2025-10-02 15:35:49,550 - automation_pipeline - INFO - ================================================================================
2025-10-02 15:35:49,550 - automation_pipeline - INFO - Started at: 2025-10-02 15:35:49.549424
2025-10-02 15:35:49,550 - automation_pipeline - INFO - Configuration: automation_config.json
2025-10-02 15:35:49,550 - automation_pipeline - INFO - Step 1: Validating inputs...
2025-10-02 15:35:49,550 - automation_pipeline - INFO - Found 1 Excel files in sourcefiles
2025-10-02 15:35:49,550 - automation_pipeline - INFO -   - LLDtest.xlsm
2025-10-02 15:35:49,551 - automation_pipeline - INFO - SUCCESS: Input validation completed
2025-10-02 15:35:49,551 - automation_pipeline - INFO - Found 1 Excel files in sourcefiles
2025-10-02 15:35:49,551 - automation_pipeline - INFO -   - LLDtest.xlsm
2025-10-02 15:35:49,551 - automation_pipeline - INFO - Processing 1 Excel file(s)
2025-10-02 15:35:49,551 - automation_pipeline - INFO - Step 2: Backing up previous outputs...
2025-10-02 15:35:49,571 - automation_pipeline - INFO - Previous outputs backed up to: backup_20251002_153549
2025-10-02 15:35:49,571 - automation_pipeline - INFO - SUCCESS: Previous outputs backed up
2025-10-02 15:35:49,571 - automation_pipeline - INFO - Processing file 1/1: LLDtest.xlsm
2025-10-02 15:35:49,572 - automation_pipeline - INFO - Step 3.1: Extracting Excel data to JSON...
2025-10-02 15:36:01,462 - automation_pipeline - INFO - JSON file created: LLDtest_comprehensive_data.json (4,849,850 bytes)
2025-10-02 15:36:01,463 - automation_pipeline - INFO - SUCCESS: Excel data extracted to: LLDtest_comprehensive_data.json
2025-10-02 15:36:01,463 - automation_pipeline - INFO - Step 4.1: Generating Terraform files...
2025-10-02 15:36:01,584 - automation_pipeline - INFO - Generated 10 Terraform files
2025-10-02 15:36:01,584 - automation_pipeline - INFO - Resources: 2 VMs, 13 security rules
2025-10-02 15:36:01,592 - automation_pipeline - INFO - SUCCESS: Terraform files generated in: output_package/LLDtest_terraform
2025-10-02 15:36:01,593 - automation_pipeline - INFO - Step 5: Validating generated files...
2025-10-02 15:36:01,698 - automation_pipeline - INFO - SUCCESS: Output validation completed
2025-10-02 15:36:01,698 - automation_pipeline - INFO - Step 6: Generating summary report...
2025-10-02 15:36:01,699 - automation_pipeline - INFO - SUCCESS: Summary report generated
2025-10-02 15:36:01,699 - automation_pipeline - INFO - Step 7: Cleaning up temporary files...
2025-10-02 15:36:01,700 - automation_pipeline - INFO - SUCCESS: Temporary files cleaned up
2025-10-02 15:36:01,700 - automation_pipeline - INFO - ================================================================================
2025-10-02 15:36:01,700 - automation_pipeline - INFO - AUTOMATION PIPELINE COMPLETED SUCCESSFULLY!
2025-10-02 15:36:01,700 - automation_pipeline - INFO - ================================================================================
2025-10-02 15:36:01,701 - automation_pipeline - INFO - Files processed: 1
2025-10-02 15:36:01,701 - automation_pipeline - INFO - Files generated: 11
2025-10-02 15:36:01,701 - automation_pipeline - INFO - Steps completed: 7
2025-10-02 15:36:01,701 - automation_pipeline - INFO - Duration: 0.00 seconds
2025-10-02 15:36:01,702 - automation_pipeline - INFO - Results saved to: automation_results_20251002_153601.json
2025-10-02 15:36:01,702 - automation_pipeline - INFO - SUCCESS: Automation completed successfully - notification sent
2025-10-02 15:37:30,789 - automation_pipeline - INFO - ================================================================================
2025-10-02 15:37:30,790 - automation_pipeline - INFO - EXCEL TO TERRAFORM AUTOMATION PIPELINE
2025-10-02 15:37:30,790 - automation_pipeline - INFO - ================================================================================
2025-10-02 15:37:30,791 - automation_pipeline - INFO - Started at: 2025-10-02 15:37:30.789612
2025-10-02 15:37:30,791 - automation_pipeline - INFO - Configuration: automation_config.json
2025-10-02 15:37:30,791 - automation_pipeline - INFO - Step 1: Validating inputs...
2025-10-02 15:37:30,792 - automation_pipeline - INFO - Found 1 Excel files in sourcefiles
2025-10-02 15:37:30,793 - automation_pipeline - INFO -   - LLDtest.xlsm
2025-10-02 15:37:30,794 - automation_pipeline - INFO - SUCCESS: Input validation completed
2025-10-02 15:37:30,794 - automation_pipeline - INFO - Found 1 Excel files in sourcefiles
2025-10-02 15:37:30,795 - automation_pipeline - INFO -   - LLDtest.xlsm
2025-10-02 15:37:30,795 - automation_pipeline - INFO - Processing 1 Excel file(s)
2025-10-02 15:37:30,795 - automation_pipeline - INFO - Step 2: Backing up previous outputs...
2025-10-02 15:37:30,819 - automation_pipeline - INFO - Previous outputs backed up to: backup_20251002_153730
2025-10-02 15:37:30,821 - automation_pipeline - INFO - SUCCESS: Previous outputs backed up
2025-10-02 15:37:30,821 - automation_pipeline - INFO - Processing file 1/1: LLDtest.xlsm
2025-10-02 15:37:30,821 - automation_pipeline - INFO - Step 3.1: Extracting Excel data to JSON...
2025-10-02 15:37:41,119 - automation_pipeline - INFO - JSON file created: LLDtest_comprehensive_data.json (4,849,850 bytes)
2025-10-02 15:37:41,120 - automation_pipeline - INFO - SUCCESS: Excel data extracted to: LLDtest_comprehensive_data.json
2025-10-02 15:37:41,121 - automation_pipeline - INFO - Step 4.1: Generating Terraform files...
2025-10-02 15:37:41,232 - automation_pipeline - INFO - Generated 10 Terraform files
2025-10-02 15:37:41,232 - automation_pipeline - INFO - Resources: 2 VMs, 13 security rules
2025-10-02 15:37:41,241 - automation_pipeline - INFO - SUCCESS: Terraform files generated in: output_package/LLDtest_terraform
2025-10-02 15:37:41,241 - automation_pipeline - INFO - Step 5: Validating generated files...
2025-10-02 15:37:41,359 - automation_pipeline - INFO - SUCCESS: Output validation completed
2025-10-02 15:37:41,359 - automation_pipeline - INFO - Step 6: Generating summary report...
2025-10-02 15:37:41,360 - automation_pipeline - INFO - SUCCESS: Summary report generated
2025-10-02 15:37:41,360 - automation_pipeline - INFO - Step 7: Cleaning up temporary files...
2025-10-02 15:37:41,360 - automation_pipeline - INFO - SUCCESS: Temporary files cleaned up
2025-10-02 15:37:41,361 - automation_pipeline - INFO - ================================================================================
2025-10-02 15:37:41,362 - automation_pipeline - INFO - AUTOMATION PIPELINE COMPLETED SUCCESSFULLY!
2025-10-02 15:37:41,362 - automation_pipeline - INFO - ================================================================================
2025-10-02 15:37:41,362 - automation_pipeline - INFO - Files processed: 1
2025-10-02 15:37:41,362 - automation_pipeline - INFO - Files generated: 11
2025-10-02 15:37:41,363 - automation_pipeline - INFO - Steps completed: 7
2025-10-02 15:37:41,363 - automation_pipeline - INFO - Duration: 0.00 seconds
2025-10-02 15:37:41,365 - automation_pipeline - INFO - Results saved to: automation_results_20251002_153741.json
2025-10-02 15:37:41,365 - automation_pipeline - INFO - SUCCESS: Automation completed successfully - notification sent
2025-10-02 15:56:40,566 - automation_pipeline - INFO - ================================================================================
2025-10-02 15:56:40,567 - automation_pipeline - INFO - EXCEL TO TERRAFORM AUTOMATION PIPELINE
2025-10-02 15:56:40,567 - automation_pipeline - INFO - ================================================================================
2025-10-02 15:56:40,567 - automation_pipeline - INFO - Started at: 2025-10-02 15:56:40.566593
2025-10-02 15:56:40,567 - automation_pipeline - INFO - Configuration: automation_config.json
2025-10-02 15:56:40,567 - automation_pipeline - INFO - Step 1: Validating inputs...
2025-10-02 15:56:40,568 - automation_pipeline - INFO - Found 1 Excel files in sourcefiles
2025-10-02 15:56:40,568 - automation_pipeline - INFO -   - LLDtest.xlsm
2025-10-02 15:56:40,568 - automation_pipeline - INFO - SUCCESS: Input validation completed
2025-10-02 15:56:40,569 - automation_pipeline - INFO - Found 1 Excel files in sourcefiles
2025-10-02 15:56:40,569 - automation_pipeline - INFO -   - LLDtest.xlsm
2025-10-02 15:56:40,569 - automation_pipeline - INFO - Processing 1 Excel file(s)
2025-10-02 15:56:40,569 - automation_pipeline - INFO - Step 2: Backing up previous outputs...
2025-10-02 15:56:40,589 - automation_pipeline - INFO - Previous outputs backed up to: backup_20251002_155640
2025-10-02 15:56:40,590 - automation_pipeline - INFO - SUCCESS: Previous outputs backed up
2025-10-02 15:56:40,590 - automation_pipeline - INFO - Processing file 1/1: LLDtest.xlsm
2025-10-02 15:56:40,590 - automation_pipeline - INFO - Step 3.1: Extracting Excel data to JSON...
2025-10-02 15:56:50,314 - automation_pipeline - INFO - JSON file created: LLDtest_comprehensive_data.json (4,849,850 bytes)
2025-10-02 15:56:50,314 - automation_pipeline - INFO - SUCCESS: Excel data extracted to: LLDtest_comprehensive_data.json
2025-10-02 15:56:50,314 - automation_pipeline - INFO - Step 4.1: Generating Terraform files...
2025-10-02 15:56:50,437 - automation_pipeline - INFO - Generated 10 Terraform files
2025-10-02 15:56:50,437 - automation_pipeline - INFO - Resources: 23 VMs, 13 security rules
2025-10-02 15:56:50,443 - automation_pipeline - INFO - SUCCESS: Terraform files generated in: output_package/LLDtest_terraform
2025-10-02 15:56:50,443 - automation_pipeline - INFO - Step 5: Validating generated files...
2025-10-02 15:56:50,526 - automation_pipeline - INFO - SUCCESS: Output validation completed
2025-10-02 15:56:50,527 - automation_pipeline - INFO - Step 6: Generating summary report...
2025-10-02 15:56:50,527 - automation_pipeline - INFO - SUCCESS: Summary report generated
2025-10-02 15:56:50,528 - automation_pipeline - INFO - Step 7: Cleaning up temporary files...
2025-10-02 15:56:50,529 - automation_pipeline - INFO - SUCCESS: Temporary files cleaned up
2025-10-02 15:56:50,529 - automation_pipeline - INFO - ================================================================================
2025-10-02 15:56:50,530 - automation_pipeline - INFO - AUTOMATION PIPELINE COMPLETED SUCCESSFULLY!
2025-10-02 15:56:50,530 - automation_pipeline - INFO - ================================================================================
2025-10-02 15:56:50,530 - automation_pipeline - INFO - Files processed: 1
2025-10-02 15:56:50,530 - automation_pipeline - INFO - Files generated: 11
2025-10-02 15:56:50,530 - automation_pipeline - INFO - Steps completed: 7
2025-10-02 15:56:50,531 - automation_pipeline - INFO - Duration: 0.00 seconds
2025-10-02 15:56:50,532 - automation_pipeline - INFO - Results saved to: automation_results_20251002_155650.json
2025-10-02 15:56:50,532 - automation_pipeline - INFO - SUCCESS: Automation completed successfully - notification sent
2025-10-07 10:32:36,894 - automation_pipeline - INFO - ================================================================================
2025-10-07 10:32:36,895 - automation_pipeline - INFO - EXCEL TO TERRAFORM AUTOMATION PIPELINE
2025-10-07 10:32:36,895 - automation_pipeline - INFO - ================================================================================
2025-10-07 10:32:36,895 - automation_pipeline - INFO - Started at: 2025-10-07 10:32:36.894909
2025-10-07 10:32:36,895 - automation_pipeline - INFO - Configuration: automation_config.json
2025-10-07 10:32:36,895 - automation_pipeline - INFO - Step 1: Validating inputs...
2025-10-07 10:32:36,895 - automation_pipeline - INFO - Found 1 Excel files in sourcefiles
2025-10-07 10:32:36,895 - automation_pipeline - INFO -   - LLDtest.xlsm
2025-10-07 10:32:36,895 - automation_pipeline - INFO - SUCCESS: Input validation completed
2025-10-07 10:32:36,895 - automation_pipeline - INFO - Found 1 Excel files in sourcefiles
2025-10-07 10:32:36,895 - automation_pipeline - INFO -   - LLDtest.xlsm
2025-10-07 10:32:36,895 - automation_pipeline - INFO - Processing 1 Excel file(s)
2025-10-07 10:32:36,895 - automation_pipeline - INFO - Step 2: Backing up previous outputs...
2025-10-07 10:32:36,913 - automation_pipeline - INFO - Previous outputs backed up to: backup_20251007_103236
2025-10-07 10:32:36,913 - automation_pipeline - INFO - SUCCESS: Previous outputs backed up
2025-10-07 10:32:36,913 - automation_pipeline - INFO - Processing file 1/1: LLDtest.xlsm
2025-10-07 10:32:36,913 - automation_pipeline - INFO - Step 3.1: Extracting Excel data to JSON...
2025-10-07 10:32:38,809 - automation_pipeline - INFO - JSON file created: LLDtest_comprehensive_data.json (4,849,850 bytes)
2025-10-07 10:32:38,809 - automation_pipeline - INFO - SUCCESS: Excel data extracted to: LLDtest_comprehensive_data.json
2025-10-07 10:32:38,809 - automation_pipeline - INFO - Step 4.1: Generating Terraform files...
2025-10-07 10:32:38,836 - automation_pipeline - INFO - Generated 10 Terraform files
2025-10-07 10:32:38,836 - automation_pipeline - INFO - Resources: 23 VMs, 13 security rules
2025-10-07 10:32:38,837 - automation_pipeline - INFO - SUCCESS: Terraform files generated in: output_package/LLDtest_terraform
2025-10-07 10:32:38,837 - automation_pipeline - INFO - Step 5: Validating generated files...
2025-10-07 10:32:38,858 - automation_pipeline - INFO - SUCCESS: Output validation completed
2025-10-07 10:32:38,858 - automation_pipeline - INFO - Step 6: Generating summary report...
2025-10-07 10:32:38,858 - automation_pipeline - INFO - SUCCESS: Summary report generated
2025-10-07 10:32:38,858 - automation_pipeline - INFO - Step 7: Cleaning up temporary files...
2025-10-07 10:32:38,859 - automation_pipeline - INFO - SUCCESS: Temporary files cleaned up
2025-10-07 10:32:38,859 - automation_pipeline - INFO - ================================================================================
2025-10-07 10:32:38,859 - automation_pipeline - INFO - AUTOMATION PIPELINE COMPLETED SUCCESSFULLY!
2025-10-07 10:32:38,859 - automation_pipeline - INFO - ================================================================================
2025-10-07 10:32:38,859 - automation_pipeline - INFO - Files processed: 1
2025-10-07 10:32:38,859 - automation_pipeline - INFO - Files generated: 11
2025-10-07 10:32:38,859 - automation_pipeline - INFO - Steps completed: 7
2025-10-07 10:32:38,859 - automation_pipeline - INFO - Duration: 0.00 seconds
2025-10-07 10:32:38,859 - automation_pipeline - INFO - Results saved to: automation_results_20251007_103238.json
2025-10-07 10:32:38,859 - automation_pipeline - INFO - SUCCESS: Automation completed successfully - notification sent
2025-10-07 23:01:53,287 - automation_pipeline - INFO - Found subscription in Build_ENV: subscription-dev-001
2025-10-07 23:01:53,287 - automation_pipeline - INFO - Using subscription-based naming: subscription-dev-001_20251007_230153
2025-10-07 23:01:53,287 - automation_pipeline - INFO - Creating dynamic output directory: output_package/subscription-dev-001_20251007_230153
2025-10-07 23:01:53,287 - automation_pipeline - INFO - Based on subscription: subscription-dev-001
2025-10-07 23:01:53,287 - automation_pipeline - INFO - Timestamp: 20251007_230153
2025-10-07 23:01:53,287 - automation_pipeline - INFO - Found subscription in Build_ENV: subscription-dev-001
2025-10-08 18:16:41,080 - automation_pipeline - INFO - Found 1 Excel files in sourcefiles
2025-10-08 18:16:41,089 - automation_pipeline - INFO -   - LLDtest.xlsm
2025-10-08 18:18:45,571 - automation_pipeline - INFO - ================================================================================
2025-10-08 18:18:45,571 - automation_pipeline - INFO - EXCEL TO TERRAFORM AUTOMATION PIPELINE
2025-10-08 18:18:45,572 - automation_pipeline - INFO - ================================================================================
2025-10-08 18:18:45,572 - automation_pipeline - INFO - Started at: 2025-10-08 18:18:45.571625
2025-10-08 18:18:45,572 - automation_pipeline - INFO - Configuration: automation_config.json
2025-10-08 18:18:45,572 - automation_pipeline - INFO - Step 1: Validating inputs...
2025-10-08 18:18:45,572 - automation_pipeline - INFO - Found 1 Excel files in sourcefiles
2025-10-08 18:18:45,572 - automation_pipeline - INFO -   - LLDtest.xlsm
2025-10-08 18:18:45,572 - automation_pipeline - INFO - SUCCESS: Input validation completed
2025-10-08 18:18:45,572 - automation_pipeline - INFO - Found 1 Excel files in sourcefiles
2025-10-08 18:18:45,572 - automation_pipeline - INFO -   - LLDtest.xlsm
2025-10-08 18:18:45,572 - automation_pipeline - INFO - Processing 1 Excel file(s)
2025-10-08 18:18:45,572 - automation_pipeline - INFO - Step 2: Backing up previous outputs...
2025-10-08 18:18:45,588 - automation_pipeline - INFO - Previous outputs backed up to: backup_20251008_181845
2025-10-08 18:18:45,588 - automation_pipeline - INFO - SUCCESS: Previous outputs backed up
2025-10-08 18:18:45,588 - automation_pipeline - INFO - Processing file 1/1: LLDtest.xlsm
2025-10-08 18:18:45,588 - automation_pipeline - INFO - Step 3.1: Extracting Excel data to JSON...
2025-10-08 18:18:47,531 - automation_pipeline - INFO - JSON file created: LLDtest_comprehensive_data.json (4,849,850 bytes)
2025-10-08 18:18:47,531 - automation_pipeline - INFO - SUCCESS: Excel data extracted to: LLDtest_comprehensive_data.json
2025-10-08 18:18:47,531 - automation_pipeline - INFO - Step 4.1: Generating Terraform files...
2025-10-08 18:18:47,562 - automation_pipeline - INFO - Found subscription in Resources: subscription
2025-10-08 18:18:47,563 - automation_pipeline - INFO - Using subscription-based naming: subscription_20251008_181847
2025-10-08 18:18:47,563 - automation_pipeline - INFO - Creating dynamic output directory: output_package/subscription_20251008_181847
2025-10-08 18:18:47,563 - automation_pipeline - INFO - Based on subscription: subscription
2025-10-08 18:18:47,563 - automation_pipeline - INFO - Timestamp: 20251008_181847
2025-10-08 18:18:47,587 - automation_pipeline - INFO - Using Enhanced Terraform Generator v2 (module.md patterns)
2025-10-08 18:18:47,589 - automation_pipeline - INFO - Generated 18 Terraform files
2025-10-08 18:18:47,589 - automation_pipeline - INFO - Resources: 23 VMs, 13 security rules
2025-10-08 18:18:47,590 - automation_pipeline - INFO - SUCCESS: Terraform files generated in: output_package/subscription_20251008_181847
2025-10-08 18:18:47,590 - automation_pipeline - INFO - Step 5: Validating generated files...
2025-10-08 18:18:47,612 - automation_pipeline - INFO - SUCCESS: Output validation completed
2025-10-08 18:18:47,612 - automation_pipeline - INFO - Step 6: Generating summary report...
2025-10-08 18:18:47,612 - automation_pipeline - INFO - SUCCESS: Summary report generated
2025-10-08 18:18:47,612 - automation_pipeline - INFO - Step 7: Cleaning up temporary files...
2025-10-08 18:18:47,612 - automation_pipeline - INFO - SUCCESS: Temporary files cleaned up
2025-10-08 18:18:47,612 - automation_pipeline - INFO - ================================================================================
2025-10-08 18:18:47,612 - automation_pipeline - INFO - AUTOMATION PIPELINE COMPLETED SUCCESSFULLY!
2025-10-08 18:18:47,612 - automation_pipeline - INFO - ================================================================================
2025-10-08 18:18:47,612 - automation_pipeline - INFO - Files processed: 1
2025-10-08 18:18:47,612 - automation_pipeline - INFO - Files generated: 19
2025-10-08 18:18:47,612 - automation_pipeline - INFO - Steps completed: 7
2025-10-08 18:18:47,612 - automation_pipeline - INFO - Duration: 0.00 seconds
2025-10-08 18:18:47,613 - automation_pipeline - INFO - Results saved to: automation_results_20251008_181847.json
2025-10-08 18:18:47,613 - automation_pipeline - INFO - SUCCESS: Automation completed successfully - notification sent
2025-10-08 18:21:20,397 - automation_pipeline - INFO - Found 1 Excel files in sourcefiles
2025-10-08 18:21:20,397 - automation_pipeline - INFO -   - LLDtest.xlsm
2025-10-09 13:26:27,039 - automation_pipeline - INFO - ================================================================================
2025-10-09 13:26:27,039 - automation_pipeline - INFO - EXCEL TO TERRAFORM AUTOMATION PIPELINE
2025-10-09 13:26:27,039 - automation_pipeline - INFO - ================================================================================
2025-10-09 13:26:27,039 - automation_pipeline - INFO - Started at: 2025-10-09 13:26:27.039699
2025-10-09 13:26:27,039 - automation_pipeline - INFO - Configuration: automation_config.json
2025-10-09 13:26:27,040 - automation_pipeline - INFO - Step 1: Validating inputs...
2025-10-09 13:26:27,040 - automation_pipeline - INFO - Found 1 Excel files in sourcefiles
2025-10-09 13:26:27,040 - automation_pipeline - INFO -   - LLDtest.xlsm
2025-10-09 13:26:27,041 - automation_pipeline - INFO - SUCCESS: Input validation completed
2025-10-09 13:26:27,041 - automation_pipeline - INFO - Found 1 Excel files in sourcefiles
2025-10-09 13:26:27,041 - automation_pipeline - INFO -   - LLDtest.xlsm
2025-10-09 13:26:27,041 - automation_pipeline - INFO - Processing 1 Excel file(s)
2025-10-09 13:26:27,041 - automation_pipeline - INFO - Step 2: Backing up previous outputs...
2025-10-09 13:26:27,076 - automation_pipeline - INFO - Previous outputs backed up to: backup_20251009_132627
2025-10-09 13:26:27,077 - automation_pipeline - INFO - SUCCESS: Previous outputs backed up
2025-10-09 13:26:27,077 - automation_pipeline - INFO - Processing file 1/1: LLDtest.xlsm
2025-10-09 13:26:27,077 - automation_pipeline - INFO - Step 3.1: Extracting Excel data to JSON...
2025-10-09 13:26:29,314 - automation_pipeline - INFO - JSON file created: LLDtest_comprehensive_data.json (4,849,850 bytes)
2025-10-09 13:26:29,314 - automation_pipeline - INFO - SUCCESS: Excel data extracted to: LLDtest_comprehensive_data.json
2025-10-09 13:26:29,314 - automation_pipeline - INFO - Step 4.1: Generating Terraform files...
2025-10-09 13:26:29,340 - automation_pipeline - INFO - Found subscription in Resources: subscription
2025-10-09 13:26:29,341 - automation_pipeline - INFO - Using subscription-based naming: subscription_20251009_132629
2025-10-09 13:26:29,341 - automation_pipeline - INFO - Creating dynamic output directory: output_package/subscription_20251009_132629
2025-10-09 13:26:29,341 - automation_pipeline - INFO - Based on subscription: subscription
2025-10-09 13:26:29,341 - automation_pipeline - INFO - Timestamp: 20251009_132629
2025-10-09 13:26:29,363 - automation_pipeline - INFO - Using Enhanced Terraform Generator v2 (module.md patterns)
2025-10-09 13:26:29,365 - automation_pipeline - INFO - Generated 18 Terraform files
2025-10-09 13:26:29,365 - automation_pipeline - INFO - Resources: 23 VMs, 13 security rules
2025-10-09 13:26:29,366 - automation_pipeline - INFO - SUCCESS: Terraform files generated in: output_package/subscription_20251009_132629
2025-10-09 13:26:29,366 - automation_pipeline - INFO - Step 5: Validating generated files...
2025-10-09 13:26:29,389 - automation_pipeline - INFO - SUCCESS: Output validation completed
2025-10-09 13:26:29,389 - automation_pipeline - INFO - Step 6: Generating summary report...
2025-10-09 13:26:29,389 - automation_pipeline - INFO - SUCCESS: Summary report generated
2025-10-09 13:26:29,389 - automation_pipeline - INFO - Step 7: Cleaning up temporary files...
2025-10-09 13:26:29,389 - automation_pipeline - INFO - SUCCESS: Temporary files cleaned up
2025-10-09 13:26:29,389 - automation_pipeline - INFO - ================================================================================
2025-10-09 13:26:29,389 - automation_pipeline - INFO - AUTOMATION PIPELINE COMPLETED SUCCESSFULLY!
2025-10-09 13:26:29,389 - automation_pipeline - INFO - ================================================================================
2025-10-09 13:26:29,389 - automation_pipeline - INFO - Files processed: 1
2025-10-09 13:26:29,389 - automation_pipeline - INFO - Files generated: 19
2025-10-09 13:26:29,389 - automation_pipeline - INFO - Steps completed: 7
2025-10-09 13:26:29,389 - automation_pipeline - INFO - Duration: 0.00 seconds
2025-10-09 13:26:29,390 - automation_pipeline - INFO - Results saved to: automation_results_20251009_132629.json
2025-10-09 13:26:29,390 - automation_pipeline - INFO - SUCCESS: Automation completed successfully - notification sent
2025-10-09 13:31:45,758 - automation_pipeline - INFO - ================================================================================
2025-10-09 13:31:45,758 - automation_pipeline - INFO - EXCEL TO TERRAFORM AUTOMATION PIPELINE
2025-10-09 13:31:45,758 - automation_pipeline - INFO - ================================================================================
2025-10-09 13:31:45,758 - automation_pipeline - INFO - Started at: 2025-10-09 13:31:45.758543
2025-10-09 13:31:45,758 - automation_pipeline - INFO - Configuration: automation_config.json
2025-10-09 13:31:45,758 - automation_pipeline - INFO - Step 1: Validating inputs...
2025-10-09 13:31:45,758 - automation_pipeline - INFO - No specific file provided, searching sourcefiles directory for Excel files...
2025-10-09 13:31:45,758 - automation_pipeline - INFO - Found 1 Excel file(s) in sourcefiles directory
2025-10-09 13:31:45,758 - automation_pipeline - INFO -   - LLDtest.xlsm
2025-10-09 13:31:45,759 - automation_pipeline - INFO - SUCCESS: Input validation completed
2025-10-09 13:31:45,759 - automation_pipeline - INFO - No specific file provided, searching sourcefiles directory for Excel files...
2025-10-09 13:31:45,759 - automation_pipeline - INFO - Found 1 Excel file(s) in sourcefiles directory
2025-10-09 13:31:45,759 - automation_pipeline - INFO -   - LLDtest.xlsm
2025-10-09 13:31:45,759 - automation_pipeline - INFO - Processing 1 Excel file(s)
2025-10-09 13:31:45,759 - automation_pipeline - INFO - Step 2: Backing up previous outputs...
2025-10-09 13:31:45,781 - automation_pipeline - INFO - Previous outputs backed up to: backup_20251009_133145
2025-10-09 13:31:45,781 - automation_pipeline - INFO - SUCCESS: Previous outputs backed up
2025-10-09 13:31:45,781 - automation_pipeline - INFO - Processing file 1/1: LLDtest.xlsm
2025-10-09 13:31:45,781 - automation_pipeline - INFO - Step 3.1: Extracting Excel data to JSON...
2025-10-09 13:31:47,665 - automation_pipeline - INFO - JSON file created: LLDtest_comprehensive_data.json (4,849,850 bytes)
2025-10-09 13:31:47,665 - automation_pipeline - INFO - SUCCESS: Excel data extracted to: LLDtest_comprehensive_data.json
2025-10-09 13:31:47,665 - automation_pipeline - INFO - Step 4.1: Generating Terraform files...
2025-10-09 13:31:47,698 - automation_pipeline - INFO - Found subscription in Resources: subscription
2025-10-09 13:31:47,699 - automation_pipeline - INFO - Using subscription-based naming: subscription_20251009_133147
2025-10-09 13:31:47,699 - automation_pipeline - INFO - Creating dynamic output directory: output_package/subscription_20251009_133147
2025-10-09 13:31:47,699 - automation_pipeline - INFO - Based on subscription: subscription
2025-10-09 13:31:47,699 - automation_pipeline - INFO - Timestamp: 20251009_133147
2025-10-09 13:31:47,723 - automation_pipeline - INFO - Using Enhanced Terraform Generator v2 (module.md patterns)
2025-10-09 13:31:47,725 - automation_pipeline - INFO - Generated 18 Terraform files
2025-10-09 13:31:47,725 - automation_pipeline - INFO - Resources: 63 VMs, 13 security rules
2025-10-09 13:31:47,726 - automation_pipeline - INFO - SUCCESS: Terraform files generated in: output_package/subscription_20251009_133147
2025-10-09 13:31:47,726 - automation_pipeline - INFO - Step 5: Validating generated files...
2025-10-09 13:31:47,746 - automation_pipeline - INFO - SUCCESS: Output validation completed
2025-10-09 13:31:47,746 - automation_pipeline - INFO - Step 6: Generating summary report...
2025-10-09 13:31:47,746 - automation_pipeline - INFO - SUCCESS: Summary report generated
2025-10-09 13:31:47,746 - automation_pipeline - INFO - Step 7: Cleaning up temporary files...
2025-10-09 13:31:47,746 - automation_pipeline - INFO - SUCCESS: Temporary files cleaned up
2025-10-09 13:31:47,746 - automation_pipeline - INFO - ================================================================================
2025-10-09 13:31:47,746 - automation_pipeline - INFO - AUTOMATION PIPELINE COMPLETED SUCCESSFULLY!
2025-10-09 13:31:47,746 - automation_pipeline - INFO - ================================================================================
2025-10-09 13:31:47,746 - automation_pipeline - INFO - Files processed: 1
2025-10-09 13:31:47,746 - automation_pipeline - INFO - Files generated: 19
2025-10-09 13:31:47,746 - automation_pipeline - INFO - Steps completed: 7
2025-10-09 13:31:47,746 - automation_pipeline - INFO - Duration: 0.00 seconds
2025-10-09 13:31:47,747 - automation_pipeline - INFO - Results saved to: automation_results_20251009_133147.json
2025-10-09 13:31:47,747 - automation_pipeline - INFO - SUCCESS: Automation completed successfully - notification sent
2025-10-09 13:32:16,681 - automation_pipeline - INFO - ================================================================================
2025-10-09 13:32:16,681 - automation_pipeline - INFO - EXCEL TO TERRAFORM AUTOMATION PIPELINE
2025-10-09 13:32:16,681 - automation_pipeline - INFO - ================================================================================
2025-10-09 13:32:16,681 - automation_pipeline - INFO - Started at: 2025-10-09 13:32:16.681539
2025-10-09 13:32:16,681 - automation_pipeline - INFO - Configuration: automation_config.json
2025-10-09 13:32:16,681 - automation_pipeline - INFO - Step 1: Validating inputs...
2025-10-09 13:32:16,681 - automation_pipeline - INFO - No specific file provided, searching sourcefiles directory for Excel files...
2025-10-09 13:32:16,681 - automation_pipeline - INFO - Found 1 Excel file(s) in sourcefiles directory
2025-10-09 13:32:16,682 - automation_pipeline - INFO -   - LLDtest.xlsm
2025-10-09 13:32:16,682 - automation_pipeline - INFO - SUCCESS: Input validation completed
2025-10-09 13:32:16,682 - automation_pipeline - INFO - No specific file provided, searching sourcefiles directory for Excel files...
2025-10-09 13:32:16,682 - automation_pipeline - INFO - Found 1 Excel file(s) in sourcefiles directory
2025-10-09 13:32:16,682 - automation_pipeline - INFO -   - LLDtest.xlsm
2025-10-09 13:32:16,682 - automation_pipeline - INFO - Processing 1 Excel file(s)
2025-10-09 13:32:16,682 - automation_pipeline - INFO - Step 2: Backing up previous outputs...
2025-10-09 13:32:16,709 - automation_pipeline - INFO - Previous outputs backed up to: backup_20251009_133216
2025-10-09 13:32:16,709 - automation_pipeline - INFO - SUCCESS: Previous outputs backed up
2025-10-09 13:32:16,709 - automation_pipeline - INFO - Processing file 1/1: LLDtest.xlsm
2025-10-09 13:32:16,709 - automation_pipeline - INFO - Step 3.1: Extracting Excel data to JSON...
2025-10-09 13:32:18,654 - automation_pipeline - INFO - JSON file created: LLDtest_comprehensive_data.json (4,849,850 bytes)
2025-10-09 13:32:18,654 - automation_pipeline - INFO - SUCCESS: Excel data extracted to: LLDtest_comprehensive_data.json
2025-10-09 13:32:18,654 - automation_pipeline - INFO - Step 4.1: Generating Terraform files...
2025-10-09 13:32:18,676 - automation_pipeline - INFO - Found subscription in Resources: subscription
2025-10-09 13:32:18,678 - automation_pipeline - INFO - Using subscription-based naming: subscription_20251009_133218
2025-10-09 13:32:18,678 - automation_pipeline - INFO - Creating dynamic output directory: output_package/subscription_20251009_133218
2025-10-09 13:32:18,678 - automation_pipeline - INFO - Based on subscription: subscription
2025-10-09 13:32:18,678 - automation_pipeline - INFO - Timestamp: 20251009_133218
2025-10-09 13:32:18,699 - automation_pipeline - INFO - Using Enhanced Terraform Generator v2 (module.md patterns)
2025-10-09 13:32:18,701 - automation_pipeline - INFO - Generated 18 Terraform files
2025-10-09 13:32:18,701 - automation_pipeline - INFO - Resources: 63 VMs, 13 security rules
2025-10-09 13:32:18,703 - automation_pipeline - INFO - SUCCESS: Terraform files generated in: output_package/subscription_20251009_133218
2025-10-09 13:32:18,703 - automation_pipeline - INFO - Step 5: Validating generated files...
2025-10-09 13:32:18,726 - automation_pipeline - INFO - SUCCESS: Output validation completed
2025-10-09 13:32:18,726 - automation_pipeline - INFO - Step 6: Generating summary report...
2025-10-09 13:32:18,726 - automation_pipeline - INFO - SUCCESS: Summary report generated
2025-10-09 13:32:18,726 - automation_pipeline - INFO - Step 7: Cleaning up temporary files...
2025-10-09 13:32:18,726 - automation_pipeline - INFO - SUCCESS: Temporary files cleaned up
2025-10-09 13:32:18,726 - automation_pipeline - INFO - ================================================================================
2025-10-09 13:32:18,726 - automation_pipeline - INFO - AUTOMATION PIPELINE COMPLETED SUCCESSFULLY!
2025-10-09 13:32:18,726 - automation_pipeline - INFO - ================================================================================
2025-10-09 13:32:18,726 - automation_pipeline - INFO - Files processed: 1
2025-10-09 13:32:18,726 - automation_pipeline - INFO - Files generated: 19
2025-10-09 13:32:18,726 - automation_pipeline - INFO - Steps completed: 7
2025-10-09 13:32:18,726 - automation_pipeline - INFO - Duration: 0.00 seconds
2025-10-09 13:32:18,726 - automation_pipeline - INFO - Results saved to: automation_results_20251009_133218.json
2025-10-09 13:32:18,726 - automation_pipeline - INFO - SUCCESS: Automation completed successfully - notification sent
2025-10-09 13:32:25,143 - automation_pipeline - INFO - ================================================================================
2025-10-09 13:32:25,144 - automation_pipeline - INFO - EXCEL TO TERRAFORM AUTOMATION PIPELINE
2025-10-09 13:32:25,144 - automation_pipeline - INFO - ================================================================================
2025-10-09 13:32:25,144 - automation_pipeline - INFO - Started at: 2025-10-09 13:32:25.143939
2025-10-09 13:32:25,144 - automation_pipeline - INFO - Configuration: automation_config.json
2025-10-09 13:32:25,144 - automation_pipeline - INFO - Step 1: Validating inputs...
2025-10-09 13:32:25,144 - automation_pipeline - INFO - No specific file provided, searching sourcefiles directory for Excel files...
2025-10-09 13:32:25,144 - automation_pipeline - INFO - Found 1 Excel file(s) in sourcefiles directory
2025-10-09 13:32:25,144 - automation_pipeline - INFO -   - LLDtest.xlsm
2025-10-09 13:32:25,144 - automation_pipeline - INFO - SUCCESS: Input validation completed
2025-10-09 13:32:25,145 - automation_pipeline - INFO - No specific file provided, searching sourcefiles directory for Excel files...
2025-10-09 13:32:25,145 - automation_pipeline - INFO - Found 1 Excel file(s) in sourcefiles directory
2025-10-09 13:32:25,145 - automation_pipeline - INFO -   - LLDtest.xlsm
2025-10-09 13:32:25,145 - automation_pipeline - INFO - Processing 1 Excel file(s)
2025-10-09 13:32:25,145 - automation_pipeline - INFO - Step 2: Backing up previous outputs...
2025-10-09 13:32:25,191 - automation_pipeline - INFO - Previous outputs backed up to: backup_20251009_133225
2025-10-09 13:32:25,191 - automation_pipeline - INFO - SUCCESS: Previous outputs backed up
2025-10-09 13:32:25,191 - automation_pipeline - INFO - Processing file 1/1: LLDtest.xlsm
2025-10-09 13:32:25,191 - automation_pipeline - INFO - Step 3.1: Extracting Excel data to JSON...
2025-10-09 13:32:27,129 - automation_pipeline - INFO - JSON file created: LLDtest_comprehensive_data.json (4,849,850 bytes)
2025-10-09 13:32:27,129 - automation_pipeline - INFO - SUCCESS: Excel data extracted to: LLDtest_comprehensive_data.json
2025-10-09 13:32:27,129 - automation_pipeline - INFO - Step 4.1: Generating Terraform files...
2025-10-09 13:32:27,153 - automation_pipeline - INFO - Found subscription in Resources: subscription
2025-10-09 13:32:27,154 - automation_pipeline - INFO - Using subscription-based naming: subscription_20251009_133227
2025-10-09 13:32:27,154 - automation_pipeline - INFO - Creating dynamic output directory: output_package/subscription_20251009_133227
2025-10-09 13:32:27,154 - automation_pipeline - INFO - Based on subscription: subscription
2025-10-09 13:32:27,154 - automation_pipeline - INFO - Timestamp: 20251009_133227
2025-10-09 13:32:27,175 - automation_pipeline - INFO - Using Enhanced Terraform Generator v2 (module.md patterns)
2025-10-09 13:32:27,177 - automation_pipeline - INFO - Generated 18 Terraform files
2025-10-09 13:32:27,177 - automation_pipeline - INFO - Resources: 63 VMs, 13 security rules
2025-10-09 13:32:27,178 - automation_pipeline - INFO - SUCCESS: Terraform files generated in: output_package/subscription_20251009_133227
2025-10-09 13:32:27,178 - automation_pipeline - INFO - Step 5: Validating generated files...
2025-10-09 13:32:27,199 - automation_pipeline - INFO - SUCCESS: Output validation completed
2025-10-09 13:32:27,199 - automation_pipeline - INFO - Step 6: Generating summary report...
2025-10-09 13:32:27,199 - automation_pipeline - INFO - SUCCESS: Summary report generated
2025-10-09 13:32:27,199 - automation_pipeline - INFO - Step 7: Cleaning up temporary files...
2025-10-09 13:32:27,199 - automation_pipeline - INFO - SUCCESS: Temporary files cleaned up
2025-10-09 13:32:27,199 - automation_pipeline - INFO - ================================================================================
2025-10-09 13:32:27,199 - automation_pipeline - INFO - AUTOMATION PIPELINE COMPLETED SUCCESSFULLY!
2025-10-09 13:32:27,199 - automation_pipeline - INFO - ================================================================================
2025-10-09 13:32:27,199 - automation_pipeline - INFO - Files processed: 1
2025-10-09 13:32:27,200 - automation_pipeline - INFO - Files generated: 19
2025-10-09 13:32:27,200 - automation_pipeline - INFO - Steps completed: 7
2025-10-09 13:32:27,200 - automation_pipeline - INFO - Duration: 0.00 seconds
2025-10-09 13:32:27,200 - automation_pipeline - INFO - Results saved to: automation_results_20251009_133227.json
2025-10-09 13:32:27,200 - automation_pipeline - INFO - SUCCESS: Automation completed successfully - notification sent
2025-10-09 13:32:27,909 - automation_pipeline - INFO - ================================================================================
2025-10-09 13:32:27,909 - automation_pipeline - INFO - EXCEL TO TERRAFORM AUTOMATION PIPELINE
2025-10-09 13:32:27,909 - automation_pipeline - INFO - ================================================================================
2025-10-09 13:32:27,909 - automation_pipeline - INFO - Started at: 2025-10-09 13:32:27.909669
2025-10-09 13:32:27,909 - automation_pipeline - INFO - Configuration: automation_config.json
2025-10-09 13:32:27,909 - automation_pipeline - INFO - Step 1: Validating inputs...
2025-10-09 13:32:27,909 - automation_pipeline - INFO - No specific file provided, searching sourcefiles directory for Excel files...
2025-10-09 13:32:27,910 - automation_pipeline - INFO - Found 1 Excel file(s) in sourcefiles directory
2025-10-09 13:32:27,910 - automation_pipeline - INFO -   - LLDtest.xlsm
2025-10-09 13:32:27,910 - automation_pipeline - INFO - SUCCESS: Input validation completed
2025-10-09 13:32:27,910 - automation_pipeline - INFO - No specific file provided, searching sourcefiles directory for Excel files...
2025-10-09 13:32:27,910 - automation_pipeline - INFO - Found 1 Excel file(s) in sourcefiles directory
2025-10-09 13:32:27,910 - automation_pipeline - INFO -   - LLDtest.xlsm
2025-10-09 13:32:27,910 - automation_pipeline - INFO - Processing 1 Excel file(s)
2025-10-09 13:32:27,910 - automation_pipeline - INFO - Step 2: Backing up previous outputs...
2025-10-09 13:32:27,934 - automation_pipeline - INFO - Previous outputs backed up to: backup_20251009_133227
2025-10-09 13:32:27,934 - automation_pipeline - INFO - SUCCESS: Previous outputs backed up
2025-10-09 13:32:27,934 - automation_pipeline - INFO - Processing file 1/1: LLDtest.xlsm
2025-10-09 13:32:27,934 - automation_pipeline - INFO - Step 3.1: Extracting Excel data to JSON...
2025-10-09 13:32:29,840 - automation_pipeline - INFO - JSON file created: LLDtest_comprehensive_data.json (4,849,850 bytes)
2025-10-09 13:32:29,840 - automation_pipeline - INFO - SUCCESS: Excel data extracted to: LLDtest_comprehensive_data.json
2025-10-09 13:32:29,840 - automation_pipeline - INFO - Step 4.1: Generating Terraform files...
2025-10-09 13:32:29,865 - automation_pipeline - INFO - Found subscription in Resources: subscription
2025-10-09 13:32:29,867 - automation_pipeline - INFO - Using subscription-based naming: subscription_20251009_133229
2025-10-09 13:32:29,867 - automation_pipeline - INFO - Creating dynamic output directory: output_package/subscription_20251009_133229
2025-10-09 13:32:29,867 - automation_pipeline - INFO - Based on subscription: subscription
2025-10-09 13:32:29,867 - automation_pipeline - INFO - Timestamp: 20251009_133229
2025-10-09 13:32:29,895 - automation_pipeline - INFO - Using Enhanced Terraform Generator v2 (module.md patterns)
2025-10-09 13:32:29,897 - automation_pipeline - INFO - Generated 18 Terraform files
2025-10-09 13:32:29,897 - automation_pipeline - INFO - Resources: 63 VMs, 13 security rules
2025-10-09 13:32:29,898 - automation_pipeline - INFO - SUCCESS: Terraform files generated in: output_package/subscription_20251009_133229
2025-10-09 13:32:29,898 - automation_pipeline - INFO - Step 5: Validating generated files...
2025-10-09 13:32:29,922 - automation_pipeline - INFO - SUCCESS: Output validation completed
2025-10-09 13:32:29,922 - automation_pipeline - INFO - Step 6: Generating summary report...
2025-10-09 13:32:29,922 - automation_pipeline - INFO - SUCCESS: Summary report generated
2025-10-09 13:32:29,922 - automation_pipeline - INFO - Step 7: Cleaning up temporary files...
2025-10-09 13:32:29,922 - automation_pipeline - INFO - SUCCESS: Temporary files cleaned up
2025-10-09 13:32:29,922 - automation_pipeline - INFO - ================================================================================
2025-10-09 13:32:29,922 - automation_pipeline - INFO - AUTOMATION PIPELINE COMPLETED SUCCESSFULLY!
2025-10-09 13:32:29,922 - automation_pipeline - INFO - ================================================================================
2025-10-09 13:32:29,922 - automation_pipeline - INFO - Files processed: 1
2025-10-09 13:32:29,922 - automation_pipeline - INFO - Files generated: 19
2025-10-09 13:32:29,922 - automation_pipeline - INFO - Steps completed: 7
2025-10-09 13:32:29,922 - automation_pipeline - INFO - Duration: 0.00 seconds
2025-10-09 13:32:29,923 - automation_pipeline - INFO - Results saved to: automation_results_20251009_133229.json
2025-10-09 13:32:29,923 - automation_pipeline - INFO - SUCCESS: Automation completed successfully - notification sent
2025-10-09 13:33:04,113 - automation_pipeline - INFO - ================================================================================
2025-10-09 13:33:04,113 - automation_pipeline - INFO - EXCEL TO TERRAFORM AUTOMATION PIPELINE
2025-10-09 13:33:04,113 - automation_pipeline - INFO - ================================================================================
2025-10-09 13:33:04,113 - automation_pipeline - INFO - Started at: 2025-10-09 13:33:04.113411
2025-10-09 13:33:04,113 - automation_pipeline - INFO - Configuration: automation_config.json
2025-10-09 13:33:04,113 - automation_pipeline - INFO - Step 1: Validating inputs...
2025-10-09 13:33:04,113 - automation_pipeline - INFO - No specific file provided, searching sourcefiles directory for Excel files...
2025-10-09 13:33:04,113 - automation_pipeline - INFO - Found 1 Excel file(s) in sourcefiles directory
2025-10-09 13:33:04,113 - automation_pipeline - INFO -   - LLDtest.xlsm
2025-10-09 13:33:04,114 - automation_pipeline - INFO - SUCCESS: Input validation completed
2025-10-09 13:33:04,114 - automation_pipeline - INFO - No specific file provided, searching sourcefiles directory for Excel files...
2025-10-09 13:33:04,114 - automation_pipeline - INFO - Found 1 Excel file(s) in sourcefiles directory
2025-10-09 13:33:04,114 - automation_pipeline - INFO -   - LLDtest.xlsm
2025-10-09 13:33:04,114 - automation_pipeline - INFO - Processing 1 Excel file(s)
2025-10-09 13:33:04,114 - automation_pipeline - INFO - Step 2: Backing up previous outputs...
2025-10-09 13:33:04,164 - automation_pipeline - INFO - Previous outputs backed up to: backup_20251009_133304
2025-10-09 13:33:04,164 - automation_pipeline - INFO - SUCCESS: Previous outputs backed up
2025-10-09 13:33:04,164 - automation_pipeline - INFO - Processing file 1/1: LLDtest.xlsm
2025-10-09 13:33:04,164 - automation_pipeline - INFO - Step 3.1: Extracting Excel data to JSON...
2025-10-09 13:33:06,197 - automation_pipeline - INFO - JSON file created: LLDtest_comprehensive_data.json (4,849,850 bytes)
2025-10-09 13:33:06,197 - automation_pipeline - INFO - SUCCESS: Excel data extracted to: LLDtest_comprehensive_data.json
2025-10-09 13:33:06,197 - automation_pipeline - INFO - Step 4.1: Generating Terraform files...
2025-10-09 13:33:06,220 - automation_pipeline - INFO - Found subscription in Resources: subscription
2025-10-09 13:33:06,221 - automation_pipeline - INFO - Using subscription-based naming: subscription_20251009_133306
2025-10-09 13:33:06,221 - automation_pipeline - INFO - Creating dynamic output directory: output_package/subscription_20251009_133306
2025-10-09 13:33:06,221 - automation_pipeline - INFO - Based on subscription: subscription
2025-10-09 13:33:06,221 - automation_pipeline - INFO - Timestamp: 20251009_133306
2025-10-09 13:33:06,242 - automation_pipeline - INFO - Using Enhanced Terraform Generator v2 (module.md patterns)
2025-10-09 13:33:06,245 - automation_pipeline - INFO - Generated 18 Terraform files
2025-10-09 13:33:06,245 - automation_pipeline - INFO - Resources: 63 VMs, 13 security rules
2025-10-09 13:33:06,246 - automation_pipeline - INFO - SUCCESS: Terraform files generated in: output_package/subscription_20251009_133306
2025-10-09 13:33:06,246 - automation_pipeline - INFO - Step 5: Validating generated files...
2025-10-09 13:33:06,266 - automation_pipeline - INFO - SUCCESS: Output validation completed
2025-10-09 13:33:06,267 - automation_pipeline - INFO - Step 6: Generating summary report...
2025-10-09 13:33:06,267 - automation_pipeline - INFO - SUCCESS: Summary report generated
2025-10-09 13:33:06,267 - automation_pipeline - INFO - Step 7: Cleaning up temporary files...
2025-10-09 13:33:06,267 - automation_pipeline - INFO - SUCCESS: Temporary files cleaned up
2025-10-09 13:33:06,267 - automation_pipeline - INFO - ================================================================================
2025-10-09 13:33:06,267 - automation_pipeline - INFO - AUTOMATION PIPELINE COMPLETED SUCCESSFULLY!
2025-10-09 13:33:06,267 - automation_pipeline - INFO - ================================================================================
2025-10-09 13:33:06,267 - automation_pipeline - INFO - Files processed: 1
2025-10-09 13:33:06,267 - automation_pipeline - INFO - Files generated: 19
2025-10-09 13:33:06,267 - automation_pipeline - INFO - Steps completed: 7
2025-10-09 13:33:06,267 - automation_pipeline - INFO - Duration: 0.00 seconds
2025-10-09 13:33:06,267 - automation_pipeline - INFO - Results saved to: automation_results_20251009_133306.json
2025-10-09 13:33:06,267 - automation_pipeline - INFO - SUCCESS: Automation completed successfully - notification sent
2025-10-09 13:33:10,881 - automation_pipeline - INFO - ================================================================================
2025-10-09 13:33:10,881 - automation_pipeline - INFO - EXCEL TO TERRAFORM AUTOMATION PIPELINE
2025-10-09 13:33:10,881 - automation_pipeline - INFO - ================================================================================
2025-10-09 13:33:10,881 - automation_pipeline - INFO - Started at: 2025-10-09 13:33:10.881816
2025-10-09 13:33:10,881 - automation_pipeline - INFO - Configuration: automation_config.json
2025-10-09 13:33:10,882 - automation_pipeline - INFO - Step 1: Validating inputs...
2025-10-09 13:33:10,882 - automation_pipeline - INFO - No specific file provided, searching sourcefiles directory for Excel files...
2025-10-09 13:33:10,882 - automation_pipeline - INFO - Found 1 Excel file(s) in sourcefiles directory
2025-10-09 13:33:10,882 - automation_pipeline - INFO -   - LLDtest.xlsm
2025-10-09 13:33:10,882 - automation_pipeline - INFO - SUCCESS: Input validation completed
2025-10-09 13:33:10,882 - automation_pipeline - INFO - No specific file provided, searching sourcefiles directory for Excel files...
2025-10-09 13:33:10,883 - automation_pipeline - INFO - Found 1 Excel file(s) in sourcefiles directory
2025-10-09 13:33:10,883 - automation_pipeline - INFO -   - LLDtest.xlsm
2025-10-09 13:33:10,883 - automation_pipeline - INFO - Processing 1 Excel file(s)
2025-10-09 13:33:10,883 - automation_pipeline - INFO - Step 2: Backing up previous outputs...
2025-10-09 13:33:10,942 - automation_pipeline - INFO - Previous outputs backed up to: backup_20251009_133310
2025-10-09 13:33:10,942 - automation_pipeline - INFO - SUCCESS: Previous outputs backed up
2025-10-09 13:33:10,942 - automation_pipeline - INFO - Processing file 1/1: LLDtest.xlsm
2025-10-09 13:33:10,942 - automation_pipeline - INFO - Step 3.1: Extracting Excel data to JSON...
2025-10-09 13:33:13,464 - automation_pipeline - INFO - JSON file created: LLDtest_comprehensive_data.json (4,849,850 bytes)
2025-10-09 13:33:13,464 - automation_pipeline - INFO - SUCCESS: Excel data extracted to: LLDtest_comprehensive_data.json
2025-10-09 13:33:13,464 - automation_pipeline - INFO - Step 4.1: Generating Terraform files...
2025-10-09 13:33:13,547 - automation_pipeline - INFO - Found subscription in Resources: subscription
2025-10-09 13:33:13,550 - automation_pipeline - INFO - Using subscription-based naming: subscription_20251009_133313
2025-10-09 13:33:13,553 - automation_pipeline - INFO - Creating dynamic output directory: output_package/subscription_20251009_133313
2025-10-09 13:33:13,553 - automation_pipeline - INFO - Based on subscription: subscription
2025-10-09 13:33:13,553 - automation_pipeline - INFO - Timestamp: 20251009_133313
2025-10-09 13:33:13,597 - automation_pipeline - INFO - Using Enhanced Terraform Generator v2 (module.md patterns)
2025-10-09 13:33:13,598 - automation_pipeline - INFO - Generated 18 Terraform files
2025-10-09 13:33:13,598 - automation_pipeline - INFO - Resources: 63 VMs, 13 security rules
2025-10-09 13:33:13,601 - automation_pipeline - INFO - SUCCESS: Terraform files generated in: output_package/subscription_20251009_133313
2025-10-09 13:33:13,601 - automation_pipeline - INFO - Step 5: Validating generated files...
2025-10-09 13:33:13,625 - automation_pipeline - INFO - SUCCESS: Output validation completed
2025-10-09 13:33:13,625 - automation_pipeline - INFO - Step 6: Generating summary report...
2025-10-09 13:33:13,625 - automation_pipeline - INFO - SUCCESS: Summary report generated
2025-10-09 13:33:13,625 - automation_pipeline - INFO - Step 7: Cleaning up temporary files...
2025-10-09 13:33:13,626 - automation_pipeline - INFO - SUCCESS: Temporary files cleaned up
2025-10-09 13:33:13,626 - automation_pipeline - INFO - ================================================================================
2025-10-09 13:33:13,626 - automation_pipeline - INFO - AUTOMATION PIPELINE COMPLETED SUCCESSFULLY!
2025-10-09 13:33:13,626 - automation_pipeline - INFO - ================================================================================
2025-10-09 13:33:13,626 - automation_pipeline - INFO - Files processed: 1
2025-10-09 13:33:13,626 - automation_pipeline - INFO - Files generated: 19
2025-10-09 13:33:13,626 - automation_pipeline - INFO - Steps completed: 7
2025-10-09 13:33:13,626 - automation_pipeline - INFO - Duration: 0.00 seconds
2025-10-09 13:33:13,626 - automation_pipeline - INFO - Results saved to: automation_results_20251009_133313.json
2025-10-09 13:33:13,626 - automation_pipeline - INFO - SUCCESS: Automation completed successfully - notification sent
2025-10-09 18:32:53,846 - automation_pipeline - INFO - ================================================================================
2025-10-09 18:32:53,846 - automation_pipeline - INFO - EXCEL TO TERRAFORM AUTOMATION PIPELINE
2025-10-09 18:32:53,846 - automation_pipeline - INFO - ================================================================================
2025-10-09 18:32:53,846 - automation_pipeline - INFO - Started at: 2025-10-09 18:32:53.846277
2025-10-09 18:32:53,846 - automation_pipeline - INFO - Configuration: automation_config.json
2025-10-09 18:32:53,846 - automation_pipeline - INFO - Step 1: Validating inputs...
2025-10-09 18:32:53,846 - automation_pipeline - INFO - No specific file provided, searching sourcefiles directory for Excel files...
2025-10-09 18:32:53,846 - automation_pipeline - INFO - Found 1 Excel file(s) in sourcefiles directory
2025-10-09 18:32:53,846 - automation_pipeline - INFO -   - LLDtest.xlsm
2025-10-09 18:32:53,847 - automation_pipeline - INFO - SUCCESS: Input validation completed
2025-10-09 18:32:53,847 - automation_pipeline - INFO - No specific file provided, searching sourcefiles directory for Excel files...
2025-10-09 18:32:53,847 - automation_pipeline - INFO - Found 1 Excel file(s) in sourcefiles directory
2025-10-09 18:32:53,847 - automation_pipeline - INFO -   - LLDtest.xlsm
2025-10-09 18:32:53,847 - automation_pipeline - INFO - Processing 1 Excel file(s)
2025-10-09 18:32:53,847 - automation_pipeline - INFO - Step 2: Backing up previous outputs...
2025-10-09 18:32:53,901 - automation_pipeline - INFO - Previous outputs backed up to: backup_20251009_183253
2025-10-09 18:32:53,901 - automation_pipeline - INFO - SUCCESS: Previous outputs backed up
2025-10-09 18:32:53,901 - automation_pipeline - INFO - Processing file 1/1: LLDtest.xlsm
2025-10-09 18:32:53,901 - automation_pipeline - INFO - Step 3.1: Extracting Excel data to JSON...
2025-10-09 18:32:57,665 - automation_pipeline - INFO - JSON file created: LLDtest_comprehensive_data.json (4,849,850 bytes)
2025-10-09 18:32:57,665 - automation_pipeline - INFO - SUCCESS: Excel data extracted to: LLDtest_comprehensive_data.json
2025-10-09 18:32:57,665 - automation_pipeline - INFO - Step 4.1: Generating Terraform files...
2025-10-09 18:32:57,690 - automation_pipeline - INFO - Found subscription in Resources: subscription
2025-10-09 18:32:57,691 - automation_pipeline - INFO - Using subscription-based naming: subscription_20251009_183257
2025-10-09 18:32:57,691 - automation_pipeline - INFO - Creating dynamic output directory: output_package/subscription_20251009_183257
2025-10-09 18:32:57,691 - automation_pipeline - INFO - Based on subscription: subscription
2025-10-09 18:32:57,691 - automation_pipeline - INFO - Timestamp: 20251009_183257
2025-10-09 18:32:57,712 - automation_pipeline - INFO - Using Enhanced Terraform Generator v2 (module.md patterns)
2025-10-09 18:32:57,726 - automation_pipeline - INFO - Generated 18 Terraform files
2025-10-09 18:32:57,726 - automation_pipeline - INFO - Resources: 63 VMs, 13 security rules
2025-10-09 18:32:57,729 - automation_pipeline - INFO - SUCCESS: Terraform files generated in: output_package/subscription_20251009_183257
2025-10-09 18:32:57,729 - automation_pipeline - INFO - Step 5: Validating generated files...
2025-10-09 18:32:57,753 - automation_pipeline - INFO - SUCCESS: Output validation completed
2025-10-09 18:32:57,753 - automation_pipeline - INFO - Step 6: Generating summary report...
2025-10-09 18:32:57,753 - automation_pipeline - INFO - SUCCESS: Summary report generated
2025-10-09 18:32:57,753 - automation_pipeline - INFO - Step 7: Cleaning up temporary files...
2025-10-09 18:32:57,753 - automation_pipeline - INFO - SUCCESS: Temporary files cleaned up
2025-10-09 18:32:57,753 - automation_pipeline - INFO - ================================================================================
2025-10-09 18:32:57,753 - automation_pipeline - INFO - AUTOMATION PIPELINE COMPLETED SUCCESSFULLY!
2025-10-09 18:32:57,753 - automation_pipeline - INFO - ================================================================================
2025-10-09 18:32:57,753 - automation_pipeline - INFO - Files processed: 1
2025-10-09 18:32:57,753 - automation_pipeline - INFO - Files generated: 19
2025-10-09 18:32:57,753 - automation_pipeline - INFO - Steps completed: 7
2025-10-09 18:32:57,753 - automation_pipeline - INFO - Duration: 0.00 seconds
2025-10-09 18:32:57,753 - automation_pipeline - INFO - Results saved to: automation_results_20251009_183257.json
2025-10-09 18:32:57,753 - automation_pipeline - INFO - SUCCESS: Automation completed successfully - notification sent
2025-10-14 08:06:05,898 - automation_pipeline - INFO - ================================================================================
2025-10-14 08:06:05,898 - automation_pipeline - INFO - EXCEL TO TERRAFORM AUTOMATION PIPELINE
2025-10-14 08:06:05,898 - automation_pipeline - INFO - ================================================================================
2025-10-14 08:06:05,898 - automation_pipeline - INFO - Started at: 2025-10-14 08:06:05.898319
2025-10-14 08:06:05,898 - automation_pipeline - INFO - Configuration: automation_config.json
2025-10-14 08:06:05,898 - automation_pipeline - INFO - Step 1: Validating inputs...
2025-10-14 08:06:05,898 - automation_pipeline - INFO - Found 1 Excel files in sourcefiles
2025-10-14 08:06:05,898 - automation_pipeline - INFO -   - LLDtest.xlsm
2025-10-14 08:06:05,899 - automation_pipeline - INFO - SUCCESS: Input validation completed
2025-10-14 08:06:05,899 - automation_pipeline - INFO - Found 1 Excel files in sourcefiles
2025-10-14 08:06:05,899 - automation_pipeline - INFO -   - LLDtest.xlsm
2025-10-14 08:06:05,899 - automation_pipeline - INFO - Processing 1 Excel file(s)
2025-10-14 08:06:05,899 - automation_pipeline - INFO - Step 2: Backing up previous outputs...
2025-10-14 08:06:05,973 - automation_pipeline - INFO - Previous outputs backed up to: backup_20251014_080605
2025-10-14 08:06:05,973 - automation_pipeline - INFO - SUCCESS: Previous outputs backed up
2025-10-14 08:06:05,973 - automation_pipeline - INFO - Processing file 1/1: LLDtest.xlsm
2025-10-14 08:06:05,973 - automation_pipeline - INFO - Step 3.1: Extracting Excel data to JSON...
2025-10-14 08:06:08,657 - automation_pipeline - INFO - JSON file created: LLDtest_comprehensive_data.json (4,849,850 bytes)
2025-10-14 08:06:08,657 - automation_pipeline - INFO - SUCCESS: Excel data extracted to: LLDtest_comprehensive_data.json
2025-10-14 08:06:08,657 - automation_pipeline - INFO - Step 4.1: Generating Terraform files...
2025-10-14 08:06:08,679 - automation_pipeline - INFO - Found subscription in Resources: subscription
2025-10-14 08:06:08,680 - automation_pipeline - INFO - Using subscription-based naming: subscription_20251014_080608
2025-10-14 08:06:08,680 - automation_pipeline - INFO - Creating dynamic output directory: output_package/subscription_20251014_080608
2025-10-14 08:06:08,680 - automation_pipeline - INFO - Based on subscription: subscription
2025-10-14 08:06:08,680 - automation_pipeline - INFO - Timestamp: 20251014_080608
2025-10-14 08:06:08,702 - automation_pipeline - INFO - Using Enhanced Terraform Generator v2 (module.md patterns)
2025-10-14 08:06:08,704 - automation_pipeline - INFO - Generated 18 Terraform files
2025-10-14 08:06:08,704 - automation_pipeline - INFO - Resources: 63 VMs, 13 security rules
2025-10-14 08:06:08,705 - automation_pipeline - INFO - SUCCESS: Terraform files generated in: output_package/subscription_20251014_080608
2025-10-14 08:06:08,705 - automation_pipeline - INFO - Step 5: Validating generated files...
2025-10-14 08:06:08,730 - automation_pipeline - INFO - SUCCESS: Output validation completed
2025-10-14 08:06:08,730 - automation_pipeline - INFO - Step 6: Generating summary report...
2025-10-14 08:06:08,730 - automation_pipeline - INFO - SUCCESS: Summary report generated
2025-10-14 08:06:08,730 - automation_pipeline - INFO - Step 7: Cleaning up temporary files...
2025-10-14 08:06:08,730 - automation_pipeline - INFO - SUCCESS: Temporary files cleaned up
2025-10-14 08:06:08,730 - automation_pipeline - INFO - ================================================================================
2025-10-14 08:06:08,730 - automation_pipeline - INFO - AUTOMATION PIPELINE COMPLETED SUCCESSFULLY!
2025-10-14 08:06:08,730 - automation_pipeline - INFO - ================================================================================
2025-10-14 08:06:08,730 - automation_pipeline - INFO - Files processed: 1
2025-10-14 08:06:08,730 - automation_pipeline - INFO - Files generated: 19
2025-10-14 08:06:08,730 - automation_pipeline - INFO - Steps completed: 7
2025-10-14 08:06:08,730 - automation_pipeline - INFO - Duration: 0.00 seconds
2025-10-14 08:06:08,730 - automation_pipeline - INFO - Results saved to: automation_results_20251014_080608.json
2025-10-14 08:06:08,730 - automation_pipeline - INFO - SUCCESS: Automation completed successfully - notification sent
2025-10-14 08:06:31,374 - automation_pipeline - INFO - ================================================================================
2025-10-14 08:06:31,374 - automation_pipeline - INFO - EXCEL TO TERRAFORM AUTOMATION PIPELINE
2025-10-14 08:06:31,374 - automation_pipeline - INFO - ================================================================================
2025-10-14 08:06:31,374 - automation_pipeline - INFO - Started at: 2025-10-14 08:06:31.374225
2025-10-14 08:06:31,374 - automation_pipeline - INFO - Configuration: automation_config.json
2025-10-14 08:06:31,374 - automation_pipeline - INFO - Step 1: Validating inputs...
2025-10-14 08:06:31,374 - automation_pipeline - INFO - Found 1 Excel files in sourcefiles
2025-10-14 08:06:31,374 - automation_pipeline - INFO -   - LLDtest.xlsm
2025-10-14 08:06:31,374 - automation_pipeline - INFO - SUCCESS: Input validation completed
2025-10-14 08:06:31,374 - automation_pipeline - INFO - Found 1 Excel files in sourcefiles
2025-10-14 08:06:31,375 - automation_pipeline - INFO -   - LLDtest.xlsm
2025-10-14 08:06:31,375 - automation_pipeline - INFO - Processing 1 Excel file(s)
2025-10-14 08:06:31,375 - automation_pipeline - INFO - Step 2: Backing up previous outputs...
2025-10-14 08:06:31,434 - automation_pipeline - INFO - Previous outputs backed up to: backup_20251014_080631
2025-10-14 08:06:31,434 - automation_pipeline - INFO - SUCCESS: Previous outputs backed up
2025-10-14 08:06:31,434 - automation_pipeline - INFO - Processing file 1/1: LLDtest.xlsm
2025-10-14 08:06:31,434 - automation_pipeline - INFO - Step 3.1: Extracting Excel data to JSON...
2025-10-14 08:06:33,503 - automation_pipeline - INFO - JSON file created: LLDtest_comprehensive_data.json (4,849,850 bytes)
2025-10-14 08:06:33,503 - automation_pipeline - INFO - SUCCESS: Excel data extracted to: LLDtest_comprehensive_data.json
2025-10-14 08:06:33,503 - automation_pipeline - INFO - Step 4.1: Generating Terraform files...
2025-10-14 08:06:33,527 - automation_pipeline - INFO - Found subscription in Resources: subscription
2025-10-14 08:06:33,528 - automation_pipeline - INFO - Using subscription-based naming: subscription_20251014_080633
2025-10-14 08:06:33,528 - automation_pipeline - INFO - Creating dynamic output directory: output_package/subscription_20251014_080633
2025-10-14 08:06:33,528 - automation_pipeline - INFO - Based on subscription: subscription
2025-10-14 08:06:33,528 - automation_pipeline - INFO - Timestamp: 20251014_080633
2025-10-14 08:06:33,549 - automation_pipeline - INFO - Using Enhanced Terraform Generator v2 (module.md patterns)
2025-10-14 08:06:33,551 - automation_pipeline - INFO - Generated 18 Terraform files
2025-10-14 08:06:33,551 - automation_pipeline - INFO - Resources: 63 VMs, 13 security rules
2025-10-14 08:06:33,552 - automation_pipeline - INFO - SUCCESS: Terraform files generated in: output_package/subscription_20251014_080633
2025-10-14 08:06:33,552 - automation_pipeline - INFO - Step 5: Validating generated files...
2025-10-14 08:06:33,576 - automation_pipeline - INFO - SUCCESS: Output validation completed
2025-10-14 08:06:33,576 - automation_pipeline - INFO - Step 6: Generating summary report...
2025-10-14 08:06:33,576 - automation_pipeline - INFO - SUCCESS: Summary report generated
2025-10-14 08:06:33,576 - automation_pipeline - INFO - Step 7: Cleaning up temporary files...
2025-10-14 08:06:33,576 - automation_pipeline - INFO - SUCCESS: Temporary files cleaned up
2025-10-14 08:06:33,576 - automation_pipeline - INFO - ================================================================================
2025-10-14 08:06:33,576 - automation_pipeline - INFO - AUTOMATION PIPELINE COMPLETED SUCCESSFULLY!
2025-10-14 08:06:33,576 - automation_pipeline - INFO - ================================================================================
2025-10-14 08:06:33,576 - automation_pipeline - INFO - Files processed: 1
2025-10-14 08:06:33,576 - automation_pipeline - INFO - Files generated: 19
2025-10-14 08:06:33,576 - automation_pipeline - INFO - Steps completed: 7
2025-10-14 08:06:33,576 - automation_pipeline - INFO - Duration: 0.00 seconds
2025-10-14 08:06:33,577 - automation_pipeline - INFO - Results saved to: automation_results_20251014_080633.json
2025-10-14 08:06:33,577 - automation_pipeline - INFO - SUCCESS: Automation completed successfully - notification sent
2025-10-15 06:28:10,077 - automation_pipeline - INFO - ================================================================================
2025-10-15 06:28:10,077 - automation_pipeline - INFO - EXCEL TO TERRAFORM AUTOMATION PIPELINE
2025-10-15 06:28:10,077 - automation_pipeline - INFO - ================================================================================
2025-10-15 06:28:10,077 - automation_pipeline - INFO - Started at: 2025-10-15 06:28:10.077438
2025-10-15 06:28:10,077 - automation_pipeline - INFO - Configuration: automation_config.json
2025-10-15 06:28:10,077 - automation_pipeline - INFO - Step 1: Validating inputs...
2025-10-15 06:28:10,078 - automation_pipeline - INFO - No specific file provided, searching sourcefiles directory for Excel files...
2025-10-15 06:28:10,078 - automation_pipeline - INFO - Found 1 Excel file(s) in sourcefiles directory
2025-10-15 06:28:10,078 - automation_pipeline - INFO -   - LLDtest.xlsm
2025-10-15 06:28:10,078 - automation_pipeline - INFO - SUCCESS: Input validation completed
2025-10-15 06:28:10,078 - automation_pipeline - INFO - No specific file provided, searching sourcefiles directory for Excel files...
2025-10-15 06:28:10,078 - automation_pipeline - INFO - Found 1 Excel file(s) in sourcefiles directory
2025-10-15 06:28:10,078 - automation_pipeline - INFO -   - LLDtest.xlsm
2025-10-15 06:28:10,078 - automation_pipeline - INFO - Processing 1 Excel file(s)
2025-10-15 06:28:10,078 - automation_pipeline - INFO - Step 2: Backing up previous outputs...
2025-10-15 06:28:10,147 - automation_pipeline - INFO - Previous outputs backed up to: backup_20251015_062810
2025-10-15 06:28:10,147 - automation_pipeline - INFO - SUCCESS: Previous outputs backed up
2025-10-15 06:28:10,147 - automation_pipeline - INFO - Processing file 1/1: LLDtest.xlsm
2025-10-15 06:28:10,148 - automation_pipeline - INFO - Step 3.1: Extracting Excel data to JSON...
2025-10-15 06:28:12,459 - automation_pipeline - INFO - JSON file created: LLDtest_comprehensive_data.json (4,849,850 bytes)
2025-10-15 06:28:12,459 - automation_pipeline - INFO - SUCCESS: Excel data extracted to: LLDtest_comprehensive_data.json
2025-10-15 06:28:12,459 - automation_pipeline - INFO - Step 4.1: Generating Terraform files...
2025-10-15 06:28:12,483 - automation_pipeline - INFO - Found subscription in Resources: subscription
2025-10-15 06:28:12,484 - automation_pipeline - INFO - Using subscription-based naming: subscription_20251015_062812
2025-10-15 06:28:12,484 - automation_pipeline - INFO - Creating dynamic output directory: output_package/subscription_20251015_062812
2025-10-15 06:28:12,484 - automation_pipeline - INFO - Based on subscription: subscription
2025-10-15 06:28:12,484 - automation_pipeline - INFO - Timestamp: 20251015_062812
2025-10-15 06:28:12,505 - automation_pipeline - INFO - Using Enhanced Terraform Generator v2 (module.md patterns)
2025-10-15 06:28:12,508 - automation_pipeline - INFO - Generated 18 Terraform files
2025-10-15 06:28:12,508 - automation_pipeline - INFO - Resources: 63 VMs, 13 security rules
2025-10-15 06:28:12,510 - automation_pipeline - INFO - SUCCESS: Terraform files generated in: output_package/subscription_20251015_062812
2025-10-15 06:28:12,510 - automation_pipeline - INFO - Step 5: Validating generated files...
2025-10-15 06:28:12,531 - automation_pipeline - INFO - SUCCESS: Output validation completed
2025-10-15 06:28:12,531 - automation_pipeline - INFO - Step 6: Generating summary report...
2025-10-15 06:28:12,531 - automation_pipeline - INFO - SUCCESS: Summary report generated
2025-10-15 06:28:12,531 - automation_pipeline - INFO - Step 7: Cleaning up temporary files...
2025-10-15 06:28:12,531 - automation_pipeline - INFO - SUCCESS: Temporary files cleaned up
2025-10-15 06:28:12,531 - automation_pipeline - INFO - ================================================================================
2025-10-15 06:28:12,531 - automation_pipeline - INFO - AUTOMATION PIPELINE COMPLETED SUCCESSFULLY!
2025-10-15 06:28:12,531 - automation_pipeline - INFO - ================================================================================
2025-10-15 06:28:12,531 - automation_pipeline - INFO - Files processed: 1
2025-10-15 06:28:12,531 - automation_pipeline - INFO - Files generated: 19
2025-10-15 06:28:12,531 - automation_pipeline - INFO - Steps completed: 7
2025-10-15 06:28:12,531 - automation_pipeline - INFO - Duration: 0.00 seconds
2025-10-15 06:28:12,532 - automation_pipeline - INFO - Results saved to: automation_results_20251015_062812.json
2025-10-15 06:28:12,532 - automation_pipeline - INFO - SUCCESS: Automation completed successfully - notification sent
2025-10-15 06:30:37,068 - automation_pipeline - INFO - ================================================================================
2025-10-15 06:30:37,068 - automation_pipeline - INFO - EXCEL TO TERRAFORM AUTOMATION PIPELINE
2025-10-15 06:30:37,068 - automation_pipeline - INFO - ================================================================================
2025-10-15 06:30:37,068 - automation_pipeline - INFO - Started at: 2025-10-15 06:30:37.068146
2025-10-15 06:30:37,068 - automation_pipeline - INFO - Configuration: automation_config.json
2025-10-15 06:30:37,068 - automation_pipeline - INFO - Step 1: Validating inputs...
2025-10-15 06:30:37,068 - automation_pipeline - INFO - No specific file provided, searching sourcefiles directory for Excel files...
2025-10-15 06:30:37,068 - automation_pipeline - INFO - Found 1 Excel file(s) in sourcefiles directory
2025-10-15 06:30:37,069 - automation_pipeline - INFO -   - LLDtest.xlsm
2025-10-15 06:30:37,069 - automation_pipeline - INFO - SUCCESS: Input validation completed
2025-10-15 06:30:37,069 - automation_pipeline - INFO - No specific file provided, searching sourcefiles directory for Excel files...
2025-10-15 06:30:37,069 - automation_pipeline - INFO - Found 1 Excel file(s) in sourcefiles directory
2025-10-15 06:30:37,069 - automation_pipeline - INFO -   - LLDtest.xlsm
2025-10-15 06:30:37,069 - automation_pipeline - INFO - Processing 1 Excel file(s)
2025-10-15 06:30:37,069 - automation_pipeline - INFO - Step 2: Backing up previous outputs...
2025-10-15 06:30:37,158 - automation_pipeline - INFO - Previous outputs backed up to: backup_20251015_063037
2025-10-15 06:30:37,158 - automation_pipeline - INFO - SUCCESS: Previous outputs backed up
2025-10-15 06:30:37,158 - automation_pipeline - INFO - Processing file 1/1: LLDtest.xlsm
2025-10-15 06:30:37,158 - automation_pipeline - INFO - Step 3.1: Extracting Excel data to JSON...
2025-10-15 06:30:39,536 - automation_pipeline - INFO - JSON file created: LLDtest_comprehensive_data.json (4,849,850 bytes)
2025-10-15 06:30:39,536 - automation_pipeline - INFO - SUCCESS: Excel data extracted to: LLDtest_comprehensive_data.json
2025-10-15 06:30:39,536 - automation_pipeline - INFO - Step 4.1: Generating Terraform files...
2025-10-15 06:30:39,571 - automation_pipeline - INFO - Found subscription in Resources: subscription
2025-10-15 06:30:39,574 - automation_pipeline - INFO - Using subscription-based naming: subscription_20251015_063039
2025-10-15 06:30:39,574 - automation_pipeline - INFO - Creating dynamic output directory: output_package/subscription_20251015_063039
2025-10-15 06:30:39,574 - automation_pipeline - INFO - Based on subscription: subscription
2025-10-15 06:30:39,574 - automation_pipeline - INFO - Timestamp: 20251015_063039
2025-10-15 06:30:39,605 - automation_pipeline - INFO - Using Enhanced Terraform Generator v2 (module.md patterns)
2025-10-15 06:30:39,609 - automation_pipeline - INFO - Generated 18 Terraform files
2025-10-15 06:30:39,610 - automation_pipeline - INFO - Resources: 63 VMs, 13 security rules
2025-10-15 06:30:39,611 - automation_pipeline - INFO - SUCCESS: Terraform files generated in: output_package/subscription_20251015_063039
2025-10-15 06:30:39,612 - automation_pipeline - INFO - Step 5: Validating generated files...
2025-10-15 06:30:39,643 - automation_pipeline - INFO - SUCCESS: Output validation completed
2025-10-15 06:30:39,643 - automation_pipeline - INFO - Step 6: Generating summary report...
2025-10-15 06:30:39,643 - automation_pipeline - INFO - SUCCESS: Summary report generated
2025-10-15 06:30:39,643 - automation_pipeline - INFO - Step 7: Cleaning up temporary files...
2025-10-15 06:30:39,644 - automation_pipeline - INFO - SUCCESS: Temporary files cleaned up
2025-10-15 06:30:39,644 - automation_pipeline - INFO - ================================================================================
2025-10-15 06:30:39,644 - automation_pipeline - INFO - AUTOMATION PIPELINE COMPLETED SUCCESSFULLY!
2025-10-15 06:30:39,644 - automation_pipeline - INFO - ================================================================================
2025-10-15 06:30:39,644 - automation_pipeline - INFO - Files processed: 1
2025-10-15 06:30:39,644 - automation_pipeline - INFO - Files generated: 19
2025-10-15 06:30:39,644 - automation_pipeline - INFO - Steps completed: 7
2025-10-15 06:30:39,644 - automation_pipeline - INFO - Duration: 0.00 seconds
2025-10-15 06:30:39,644 - automation_pipeline - INFO - Results saved to: automation_results_20251015_063039.json
2025-10-15 06:30:39,644 - automation_pipeline - INFO - SUCCESS: Automation completed successfully - notification sent
2025-10-15 06:32:04,930 - automation_pipeline - INFO - ================================================================================
2025-10-15 06:32:04,931 - automation_pipeline - INFO - EXCEL TO TERRAFORM AUTOMATION PIPELINE
2025-10-15 06:32:04,931 - automation_pipeline - INFO - ================================================================================
2025-10-15 06:32:04,931 - automation_pipeline - INFO - Started at: 2025-10-15 06:32:04.930695
2025-10-15 06:32:04,931 - automation_pipeline - INFO - Configuration: automation_config.json
2025-10-15 06:32:04,931 - automation_pipeline - INFO - Step 1: Validating inputs...
2025-10-15 06:32:04,931 - automation_pipeline - INFO - No specific file provided, searching sourcefiles directory for Excel files...
2025-10-15 06:32:04,931 - automation_pipeline - INFO - Found 1 Excel file(s) in sourcefiles directory
2025-10-15 06:32:04,931 - automation_pipeline - INFO -   - LLDtest.xlsm
2025-10-15 06:32:04,931 - automation_pipeline - INFO - SUCCESS: Input validation completed
2025-10-15 06:32:04,931 - automation_pipeline - INFO - No specific file provided, searching sourcefiles directory for Excel files...
2025-10-15 06:32:04,931 - automation_pipeline - INFO - Found 1 Excel file(s) in sourcefiles directory
2025-10-15 06:32:04,932 - automation_pipeline - INFO -   - LLDtest.xlsm
2025-10-15 06:32:04,932 - automation_pipeline - INFO - Processing 1 Excel file(s)
2025-10-15 06:32:04,932 - automation_pipeline - INFO - Step 2: Backing up previous outputs...
2025-10-15 06:32:05,024 - automation_pipeline - INFO - Previous outputs backed up to: backup_20251015_063204
2025-10-15 06:32:05,024 - automation_pipeline - INFO - SUCCESS: Previous outputs backed up
2025-10-15 06:32:05,024 - automation_pipeline - INFO - Processing file 1/1: LLDtest.xlsm
2025-10-15 06:32:05,024 - automation_pipeline - INFO - Step 3.1: Extracting Excel data to JSON...
2025-10-15 06:32:07,436 - automation_pipeline - INFO - JSON file created: LLDtest_comprehensive_data.json (4,849,850 bytes)
2025-10-15 06:32:07,436 - automation_pipeline - INFO - SUCCESS: Excel data extracted to: LLDtest_comprehensive_data.json
2025-10-15 06:32:07,436 - automation_pipeline - INFO - Step 4.1: Generating Terraform files...
2025-10-15 06:32:07,458 - automation_pipeline - INFO - Found subscription in Resources: subscription
2025-10-15 06:32:07,460 - automation_pipeline - INFO - Using subscription-based naming: subscription_20251015_063207
2025-10-15 06:32:07,460 - automation_pipeline - INFO - Creating dynamic output directory: output_package/subscription_20251015_063207
2025-10-15 06:32:07,460 - automation_pipeline - INFO - Based on subscription: subscription
2025-10-15 06:32:07,460 - automation_pipeline - INFO - Timestamp: 20251015_063207
2025-10-15 06:32:07,482 - automation_pipeline - INFO - Using Enhanced Terraform Generator v2 (module.md patterns)
2025-10-15 06:32:07,484 - automation_pipeline - INFO - Generated 18 Terraform files
2025-10-15 06:32:07,484 - automation_pipeline - INFO - Resources: 63 VMs, 13 security rules
2025-10-15 06:32:07,485 - automation_pipeline - INFO - SUCCESS: Terraform files generated in: output_package/subscription_20251015_063207
2025-10-15 06:32:07,485 - automation_pipeline - INFO - Step 5: Validating generated files...
2025-10-15 06:32:07,511 - automation_pipeline - INFO - SUCCESS: Output validation completed
2025-10-15 06:32:07,511 - automation_pipeline - INFO - Step 6: Generating summary report...
2025-10-15 06:32:07,511 - automation_pipeline - INFO - SUCCESS: Summary report generated
2025-10-15 06:32:07,511 - automation_pipeline - INFO - Step 7: Cleaning up temporary files...
2025-10-15 06:32:07,511 - automation_pipeline - INFO - SUCCESS: Temporary files cleaned up
2025-10-15 06:32:07,511 - automation_pipeline - INFO - ================================================================================
2025-10-15 06:32:07,511 - automation_pipeline - INFO - AUTOMATION PIPELINE COMPLETED SUCCESSFULLY!
2025-10-15 06:32:07,511 - automation_pipeline - INFO - ================================================================================
2025-10-15 06:32:07,511 - automation_pipeline - INFO - Files processed: 1
2025-10-15 06:32:07,511 - automation_pipeline - INFO - Files generated: 19
2025-10-15 06:32:07,511 - automation_pipeline - INFO - Steps completed: 7
2025-10-15 06:32:07,511 - automation_pipeline - INFO - Duration: 0.00 seconds
2025-10-15 06:32:07,511 - automation_pipeline - INFO - Results saved to: automation_results_20251015_063207.json
2025-10-15 06:32:07,511 - automation_pipeline - INFO - SUCCESS: Automation completed successfully - notification sent
2025-10-15 06:34:05,904 - automation_pipeline - INFO - ================================================================================
2025-10-15 06:34:05,905 - automation_pipeline - INFO - EXCEL TO TERRAFORM AUTOMATION PIPELINE
2025-10-15 06:34:05,905 - automation_pipeline - INFO - ================================================================================
2025-10-15 06:34:05,905 - automation_pipeline - INFO - Started at: 2025-10-15 06:34:05.904775
2025-10-15 06:34:05,905 - automation_pipeline - INFO - Configuration: automation_config.json
2025-10-15 06:34:05,905 - automation_pipeline - INFO - Step 1: Validating inputs...
2025-10-15 06:34:05,905 - automation_pipeline - INFO - No specific file provided, searching sourcefiles directory for Excel files...
2025-10-15 06:34:05,905 - automation_pipeline - INFO - Found 1 Excel file(s) in sourcefiles directory
2025-10-15 06:34:05,905 - automation_pipeline - INFO -   - LLDtest.xlsm
2025-10-15 06:34:05,905 - automation_pipeline - INFO - SUCCESS: Input validation completed
2025-10-15 06:34:05,905 - automation_pipeline - INFO - No specific file provided, searching sourcefiles directory for Excel files...
2025-10-15 06:34:05,905 - automation_pipeline - INFO - Found 1 Excel file(s) in sourcefiles directory
2025-10-15 06:34:05,905 - automation_pipeline - INFO -   - LLDtest.xlsm
2025-10-15 06:34:05,906 - automation_pipeline - INFO - Processing 1 Excel file(s)
2025-10-15 06:34:05,906 - automation_pipeline - INFO - Step 2: Backing up previous outputs...
2025-10-15 06:34:05,999 - automation_pipeline - INFO - Previous outputs backed up to: backup_20251015_063405
2025-10-15 06:34:05,999 - automation_pipeline - INFO - SUCCESS: Previous outputs backed up
2025-10-15 06:34:05,999 - automation_pipeline - INFO - Processing file 1/1: LLDtest.xlsm
2025-10-15 06:34:05,999 - automation_pipeline - INFO - Step 3.1: Extracting Excel data to JSON...
2025-10-15 06:34:08,865 - automation_pipeline - INFO - JSON file created: LLDtest_comprehensive_data.json (4,849,850 bytes)
2025-10-15 06:34:08,865 - automation_pipeline - INFO - SUCCESS: Excel data extracted to: LLDtest_comprehensive_data.json
2025-10-15 06:34:08,865 - automation_pipeline - INFO - Step 4.1: Generating Terraform files...
2025-10-15 06:34:08,903 - automation_pipeline - INFO - Found subscription in Resources: subscription
2025-10-15 06:34:08,905 - automation_pipeline - INFO - Using subscription-based naming: subscription_20251015_063408
2025-10-15 06:34:08,905 - automation_pipeline - INFO - Creating dynamic output directory: output_package/subscription_20251015_063408
2025-10-15 06:34:08,905 - automation_pipeline - INFO - Based on subscription: subscription
2025-10-15 06:34:08,905 - automation_pipeline - INFO - Timestamp: 20251015_063408
2025-10-15 06:34:08,928 - automation_pipeline - INFO - Using Enhanced Terraform Generator v2 (module.md patterns)
2025-10-15 06:34:08,930 - automation_pipeline - INFO - Generated 18 Terraform files
2025-10-15 06:34:08,930 - automation_pipeline - INFO - Resources: 63 VMs, 13 security rules
2025-10-15 06:34:08,931 - automation_pipeline - INFO - SUCCESS: Terraform files generated in: output_package/subscription_20251015_063408
2025-10-15 06:34:08,931 - automation_pipeline - INFO - Step 5: Validating generated files...
2025-10-15 06:34:08,986 - automation_pipeline - INFO - SUCCESS: Output validation completed
2025-10-15 06:34:08,986 - automation_pipeline - INFO - Step 6: Generating summary report...
2025-10-15 06:34:08,986 - automation_pipeline - INFO - SUCCESS: Summary report generated
2025-10-15 06:34:08,986 - automation_pipeline - INFO - Step 7: Cleaning up temporary files...
2025-10-15 06:34:08,986 - automation_pipeline - INFO - SUCCESS: Temporary files cleaned up
2025-10-15 06:34:08,986 - automation_pipeline - INFO - ================================================================================
2025-10-15 06:34:08,986 - automation_pipeline - INFO - AUTOMATION PIPELINE COMPLETED SUCCESSFULLY!
2025-10-15 06:34:08,986 - automation_pipeline - INFO - ================================================================================
2025-10-15 06:34:08,986 - automation_pipeline - INFO - Files processed: 1
2025-10-15 06:34:08,986 - automation_pipeline - INFO - Files generated: 19
2025-10-15 06:34:08,986 - automation_pipeline - INFO - Steps completed: 7
2025-10-15 06:34:08,986 - automation_pipeline - INFO - Duration: 0.00 seconds
2025-10-15 06:34:08,987 - automation_pipeline - INFO - Results saved to: automation_results_20251015_063408.json
2025-10-15 06:34:08,987 - automation_pipeline - INFO - SUCCESS: Automation completed successfully - notification sent
2025-10-15 06:35:07,505 - automation_pipeline - INFO - ================================================================================
2025-10-15 06:35:07,505 - automation_pipeline - INFO - EXCEL TO TERRAFORM AUTOMATION PIPELINE
2025-10-15 06:35:07,505 - automation_pipeline - INFO - ================================================================================
2025-10-15 06:35:07,505 - automation_pipeline - INFO - Started at: 2025-10-15 06:35:07.505125
2025-10-15 06:35:07,505 - automation_pipeline - INFO - Configuration: automation_config.json
2025-10-15 06:35:07,505 - automation_pipeline - INFO - Step 1: Validating inputs...
2025-10-15 06:35:07,505 - automation_pipeline - INFO - No specific file provided, searching sourcefiles directory for Excel files...
2025-10-15 06:35:07,505 - automation_pipeline - INFO - Found 1 Excel file(s) in sourcefiles directory
2025-10-15 06:35:07,505 - automation_pipeline - INFO -   - LLDtest.xlsm
2025-10-15 06:35:07,506 - automation_pipeline - INFO - SUCCESS: Input validation completed
2025-10-15 06:35:07,506 - automation_pipeline - INFO - No specific file provided, searching sourcefiles directory for Excel files...
2025-10-15 06:35:07,506 - automation_pipeline - INFO - Found 1 Excel file(s) in sourcefiles directory
2025-10-15 06:35:07,506 - automation_pipeline - INFO -   - LLDtest.xlsm
2025-10-15 06:35:07,506 - automation_pipeline - INFO - Processing 1 Excel file(s)
2025-10-15 06:35:07,506 - automation_pipeline - INFO - Step 2: Backing up previous outputs...
2025-10-15 06:35:07,619 - automation_pipeline - INFO - Previous outputs backed up to: backup_20251015_063507
2025-10-15 06:35:07,620 - automation_pipeline - INFO - SUCCESS: Previous outputs backed up
2025-10-15 06:35:07,620 - automation_pipeline - INFO - Processing file 1/1: LLDtest.xlsm
2025-10-15 06:35:07,620 - automation_pipeline - INFO - Step 3.1: Extracting Excel data to JSON...
2025-10-15 06:35:10,129 - automation_pipeline - INFO - JSON file created: LLDtest_comprehensive_data.json (4,849,850 bytes)
2025-10-15 06:35:10,129 - automation_pipeline - INFO - SUCCESS: Excel data extracted to: LLDtest_comprehensive_data.json
2025-10-15 06:35:10,129 - automation_pipeline - INFO - Step 4.1: Generating Terraform files...
2025-10-15 06:35:10,154 - automation_pipeline - INFO - Found subscription in Resources: subscription
2025-10-15 06:35:10,156 - automation_pipeline - INFO - Using subscription-based naming: subscription_20251015_063510
2025-10-15 06:35:10,156 - automation_pipeline - INFO - Creating dynamic output directory: output_package/subscription_20251015_063510
2025-10-15 06:35:10,156 - automation_pipeline - INFO - Based on subscription: subscription
2025-10-15 06:35:10,156 - automation_pipeline - INFO - Timestamp: 20251015_063510
2025-10-15 06:35:10,181 - automation_pipeline - INFO - Using Enhanced Terraform Generator v2 (module.md patterns)
2025-10-15 06:35:10,185 - automation_pipeline - INFO - Generated 18 Terraform files
2025-10-15 06:35:10,186 - automation_pipeline - INFO - Resources: 63 VMs, 13 security rules
2025-10-15 06:35:10,188 - automation_pipeline - INFO - SUCCESS: Terraform files generated in: output_package/subscription_20251015_063510
2025-10-15 06:35:10,188 - automation_pipeline - INFO - Step 5: Validating generated files...
2025-10-15 06:35:10,210 - automation_pipeline - INFO - SUCCESS: Output validation completed
2025-10-15 06:35:10,211 - automation_pipeline - INFO - Step 6: Generating summary report...
2025-10-15 06:35:10,211 - automation_pipeline - INFO - SUCCESS: Summary report generated
2025-10-15 06:35:10,211 - automation_pipeline - INFO - Step 7: Cleaning up temporary files...
2025-10-15 06:35:10,211 - automation_pipeline - INFO - SUCCESS: Temporary files cleaned up
2025-10-15 06:35:10,211 - automation_pipeline - INFO - ================================================================================
2025-10-15 06:35:10,211 - automation_pipeline - INFO - AUTOMATION PIPELINE COMPLETED SUCCESSFULLY!
2025-10-15 06:35:10,211 - automation_pipeline - INFO - ================================================================================
2025-10-15 06:35:10,211 - automation_pipeline - INFO - Files processed: 1
2025-10-15 06:35:10,211 - automation_pipeline - INFO - Files generated: 19
2025-10-15 06:35:10,211 - automation_pipeline - INFO - Steps completed: 7
2025-10-15 06:35:10,211 - automation_pipeline - INFO - Duration: 0.00 seconds
2025-10-15 06:35:10,211 - automation_pipeline - INFO - Results saved to: automation_results_20251015_063510.json
2025-10-15 06:35:10,211 - automation_pipeline - INFO - SUCCESS: Automation completed successfully - notification sent
2025-11-03 09:48:27,846 - automation_pipeline - INFO - ================================================================================
2025-11-03 09:48:27,846 - automation_pipeline - INFO - EXCEL TO TERRAFORM AUTOMATION PIPELINE
2025-11-03 09:48:27,846 - automation_pipeline - INFO - ================================================================================
2025-11-03 09:48:27,846 - automation_pipeline - INFO - Started at: 2025-11-03 09:48:27.846313
2025-11-03 09:48:27,846 - automation_pipeline - INFO - Configuration: automation_config.json
2025-11-03 09:48:27,846 - automation_pipeline - INFO - Step 1: Validating inputs...
2025-11-03 09:48:27,846 - automation_pipeline - INFO - Found 1 Excel files in sourcefiles
2025-11-03 09:48:27,846 - automation_pipeline - INFO -   - LLDtest.xlsm
2025-11-03 09:48:27,847 - automation_pipeline - INFO - SUCCESS: Input validation completed
2025-11-03 09:48:27,847 - automation_pipeline - INFO - Found 1 Excel files in sourcefiles
2025-11-03 09:48:27,847 - automation_pipeline - INFO -   - LLDtest.xlsm
2025-11-03 09:48:27,847 - automation_pipeline - INFO - Processing 1 Excel file(s)
2025-11-03 09:48:27,847 - automation_pipeline - INFO - Step 2: Backing up previous outputs...
2025-11-03 09:48:27,949 - automation_pipeline - INFO - Previous outputs backed up to: backup_20251103_094827
2025-11-03 09:48:27,949 - automation_pipeline - INFO - SUCCESS: Previous outputs backed up
2025-11-03 09:48:27,949 - automation_pipeline - INFO - Processing file 1/1: LLDtest.xlsm
2025-11-03 09:48:27,949 - automation_pipeline - INFO - Step 3.1: Extracting Excel data to JSON...
2025-11-03 09:48:30,184 - automation_pipeline - INFO - JSON file created: LLDtest_comprehensive_data.json (4,849,850 bytes)
2025-11-03 09:48:30,184 - automation_pipeline - INFO - SUCCESS: Excel data extracted to: LLDtest_comprehensive_data.json
2025-11-03 09:48:30,185 - automation_pipeline - INFO - Step 4.1: Generating Terraform files...
2025-11-03 09:48:30,206 - automation_pipeline - INFO - Found subscription in Resources: subscription
2025-11-03 09:48:30,208 - automation_pipeline - INFO - Using subscription-based naming: subscription_20251103_094830
2025-11-03 09:48:30,208 - automation_pipeline - INFO - Creating dynamic output directory: output_package/subscription_20251103_094830
2025-11-03 09:48:30,208 - automation_pipeline - INFO - Based on subscription: subscription
2025-11-03 09:48:30,208 - automation_pipeline - INFO - Timestamp: 20251103_094830
2025-11-03 09:48:30,230 - automation_pipeline - INFO - Using Enhanced Terraform Generator v2 (module.md patterns)
2025-11-03 09:48:30,232 - automation_pipeline - INFO - Generated 18 Terraform files
2025-11-03 09:48:30,232 - automation_pipeline - INFO - Resources: 63 VMs, 13 security rules
2025-11-03 09:48:30,233 - automation_pipeline - INFO - SUCCESS: Terraform files generated in: output_package/subscription_20251103_094830
2025-11-03 09:48:30,233 - automation_pipeline - INFO - Step 5: Validating generated files...
2025-11-03 09:48:30,255 - automation_pipeline - INFO - SUCCESS: Output validation completed
2025-11-03 09:48:30,255 - automation_pipeline - INFO - Step 6: Generating summary report...
2025-11-03 09:48:30,255 - automation_pipeline - INFO - SUCCESS: Summary report generated
2025-11-03 09:48:30,255 - automation_pipeline - INFO - Step 7: Cleaning up temporary files...
2025-11-03 09:48:30,255 - automation_pipeline - INFO - SUCCESS: Temporary files cleaned up
2025-11-03 09:48:30,255 - automation_pipeline - INFO - ================================================================================
2025-11-03 09:48:30,255 - automation_pipeline - INFO - AUTOMATION PIPELINE COMPLETED SUCCESSFULLY!
2025-11-03 09:48:30,255 - automation_pipeline - INFO - ================================================================================
2025-11-03 09:48:30,255 - automation_pipeline - INFO - Files processed: 1
2025-11-03 09:48:30,256 - automation_pipeline - INFO - Files generated: 19
2025-11-03 09:48:30,256 - automation_pipeline - INFO - Steps completed: 7
2025-11-03 09:48:30,256 - automation_pipeline - INFO - Duration: 0.00 seconds
2025-11-03 09:48:30,256 - automation_pipeline - INFO - Results saved to: automation_results_20251103_094830.json
2025-11-03 09:48:30,256 - automation_pipeline - INFO - SUCCESS: Automation completed successfully - notification sent
2025-11-13 13:11:21,753 - automation_pipeline - INFO - ================================================================================
2025-11-13 13:11:21,754 - automation_pipeline - INFO - EXCEL TO TERRAFORM AUTOMATION PIPELINE
2025-11-13 13:11:21,754 - automation_pipeline - INFO - ================================================================================
2025-11-13 13:11:21,754 - automation_pipeline - INFO - Started at: 2025-11-13 13:11:21.753955
2025-11-13 13:11:21,754 - automation_pipeline - INFO - Configuration: automation_config.json
2025-11-13 13:11:21,754 - automation_pipeline - INFO - Step 1: Validating inputs...
2025-11-13 13:11:21,754 - automation_pipeline - INFO - No specific file provided, searching sourcefiles directory for Excel files...
2025-11-13 13:11:21,754 - automation_pipeline - INFO - Found 1 Excel file(s) in sourcefiles directory
2025-11-13 13:11:21,754 - automation_pipeline - INFO -   - LLDtest.xlsm
2025-11-13 13:11:21,754 - automation_pipeline - INFO - SUCCESS: Input validation completed
2025-11-13 13:11:21,754 - automation_pipeline - INFO - No specific file provided, searching sourcefiles directory for Excel files...
2025-11-13 13:11:21,754 - automation_pipeline - INFO - Found 1 Excel file(s) in sourcefiles directory
2025-11-13 13:11:21,754 - automation_pipeline - INFO -   - LLDtest.xlsm
2025-11-13 13:11:21,754 - automation_pipeline - INFO - Processing 1 Excel file(s)
2025-11-13 13:11:21,755 - automation_pipeline - INFO - Step 2: Backing up previous outputs...
2025-11-13 13:11:21,757 - automation_pipeline - INFO - Previous outputs backed up to: backup_20251113_131121
2025-11-13 13:11:21,757 - automation_pipeline - INFO - SUCCESS: Previous outputs backed up
2025-11-13 13:11:21,757 - automation_pipeline - INFO - Processing file 1/1: LLDtest.xlsm
2025-11-13 13:11:21,757 - automation_pipeline - INFO - Step 3.1: Extracting Excel data to JSON...
2025-11-13 13:11:23,796 - automation_pipeline - INFO - JSON file created: LLDtest_comprehensive_data.json (4,849,850 bytes)
2025-11-13 13:11:23,796 - automation_pipeline - INFO - SUCCESS: Excel data extracted to: LLDtest_comprehensive_data.json
2025-11-13 13:11:23,796 - automation_pipeline - INFO - Step 4.1: Generating Terraform files...
2025-11-13 13:11:23,816 - automation_pipeline - INFO - Found subscription in Resources: subscription
2025-11-13 13:11:23,817 - automation_pipeline - INFO - Using subscription-based naming: subscription_20251113_131123
2025-11-13 13:11:23,817 - automation_pipeline - INFO - Creating dynamic output directory: output_package/subscription_20251113_131123
2025-11-13 13:11:23,817 - automation_pipeline - INFO - Based on subscription: subscription
2025-11-13 13:11:23,817 - automation_pipeline - INFO - Timestamp: 20251113_131123
2025-11-13 13:11:23,837 - automation_pipeline - INFO - Using Enhanced Terraform Generator v2 (module.md patterns)
2025-11-13 13:11:23,839 - automation_pipeline - INFO - Generated 18 Terraform files
2025-11-13 13:11:23,839 - automation_pipeline - INFO - Resources: 63 VMs, 13 security rules
2025-11-13 13:11:23,840 - automation_pipeline - INFO - SUCCESS: Terraform files generated in: output_package/subscription_20251113_131123
2025-11-13 13:11:23,840 - automation_pipeline - INFO - Step 5: Validating generated files...
2025-11-13 13:11:23,859 - automation_pipeline - INFO - SUCCESS: Output validation completed
2025-11-13 13:11:23,859 - automation_pipeline - INFO - Step 6: Generating summary report...
2025-11-13 13:11:23,859 - automation_pipeline - INFO - SUCCESS: Summary report generated
2025-11-13 13:11:23,859 - automation_pipeline - INFO - Step 7: Cleaning up temporary files...
2025-11-13 13:11:23,859 - automation_pipeline - INFO - SUCCESS: Temporary files cleaned up
2025-11-13 13:11:23,860 - automation_pipeline - INFO - ================================================================================
2025-11-13 13:11:23,860 - automation_pipeline - INFO - AUTOMATION PIPELINE COMPLETED SUCCESSFULLY!
2025-11-13 13:11:23,860 - automation_pipeline - INFO - ================================================================================
2025-11-13 13:11:23,860 - automation_pipeline - INFO - Files processed: 1
2025-11-13 13:11:23,860 - automation_pipeline - INFO - Files generated: 19
2025-11-13 13:11:23,860 - automation_pipeline - INFO - Steps completed: 7
2025-11-13 13:11:23,860 - automation_pipeline - INFO - Duration: 0.00 seconds
2025-11-13 13:11:23,860 - automation_pipeline - INFO - Results saved to: automation_results_20251113_131123.json
2025-11-13 13:11:23,860 - automation_pipeline - INFO - SUCCESS: Automation completed successfully - notification sent
2025-11-13 13:12:18,618 - automation_pipeline - INFO - ================================================================================
2025-11-13 13:12:18,619 - automation_pipeline - INFO - EXCEL TO TERRAFORM AUTOMATION PIPELINE
2025-11-13 13:12:18,619 - automation_pipeline - INFO - ================================================================================
2025-11-13 13:12:18,619 - automation_pipeline - INFO - Started at: 2025-11-13 13:12:18.618905
2025-11-13 13:12:18,619 - automation_pipeline - INFO - Configuration: automation_config.json
2025-11-13 13:12:18,619 - automation_pipeline - INFO - Step 1: Validating inputs...
2025-11-13 13:12:18,619 - automation_pipeline - INFO - No specific file provided, searching sourcefiles directory for Excel files...
2025-11-13 13:12:18,619 - automation_pipeline - INFO - Found 1 Excel file(s) in sourcefiles directory
2025-11-13 13:12:18,619 - automation_pipeline - INFO -   - LLDtest.xlsm
2025-11-13 13:12:18,619 - automation_pipeline - INFO - SUCCESS: Input validation completed
2025-11-13 13:12:18,620 - automation_pipeline - INFO - No specific file provided, searching sourcefiles directory for Excel files...
2025-11-13 13:12:18,620 - automation_pipeline - INFO - Found 1 Excel file(s) in sourcefiles directory
2025-11-13 13:12:18,620 - automation_pipeline - INFO -   - LLDtest.xlsm
2025-11-13 13:12:18,620 - automation_pipeline - INFO - Processing 1 Excel file(s)
2025-11-13 13:12:18,620 - automation_pipeline - INFO - Step 2: Backing up previous outputs...
2025-11-13 13:12:18,628 - automation_pipeline - INFO - Previous outputs backed up to: backup_20251113_131218
2025-11-13 13:12:18,628 - automation_pipeline - INFO - SUCCESS: Previous outputs backed up
2025-11-13 13:12:18,628 - automation_pipeline - INFO - Processing file 1/1: LLDtest.xlsm
2025-11-13 13:12:18,628 - automation_pipeline - INFO - Step 3.1: Extracting Excel data to JSON...
2025-11-13 13:12:20,437 - automation_pipeline - INFO - JSON file created: LLDtest_comprehensive_data.json (4,849,850 bytes)
2025-11-13 13:12:20,437 - automation_pipeline - INFO - SUCCESS: Excel data extracted to: LLDtest_comprehensive_data.json
2025-11-13 13:12:20,437 - automation_pipeline - INFO - Step 4.1: Generating Terraform files...
2025-11-13 13:12:20,457 - automation_pipeline - INFO - Found subscription in Resources: subscription
2025-11-13 13:12:20,458 - automation_pipeline - INFO - Using subscription-based naming: subscription_20251113_131220
2025-11-13 13:12:20,458 - automation_pipeline - INFO - Creating dynamic output directory: output_package/subscription_20251113_131220
2025-11-13 13:12:20,458 - automation_pipeline - INFO - Based on subscription: subscription
2025-11-13 13:12:20,458 - automation_pipeline - INFO - Timestamp: 20251113_131220
2025-11-13 13:12:20,479 - automation_pipeline - INFO - Using Enhanced Terraform Generator v2 (module.md patterns)
2025-11-13 13:12:20,481 - automation_pipeline - INFO - Generated 18 Terraform files
2025-11-13 13:12:20,481 - automation_pipeline - INFO - Resources: 63 VMs, 13 security rules
2025-11-13 13:12:20,482 - automation_pipeline - INFO - SUCCESS: Terraform files generated in: output_package/subscription_20251113_131220
2025-11-13 13:12:20,482 - automation_pipeline - INFO - Step 5: Validating generated files...
2025-11-13 13:12:20,501 - automation_pipeline - INFO - SUCCESS: Output validation completed
2025-11-13 13:12:20,501 - automation_pipeline - INFO - Step 6: Generating summary report...
2025-11-13 13:12:20,502 - automation_pipeline - INFO - SUCCESS: Summary report generated
2025-11-13 13:12:20,502 - automation_pipeline - INFO - Step 7: Cleaning up temporary files...
2025-11-13 13:12:20,502 - automation_pipeline - INFO - SUCCESS: Temporary files cleaned up
2025-11-13 13:12:20,502 - automation_pipeline - INFO - ================================================================================
2025-11-13 13:12:20,502 - automation_pipeline - INFO - AUTOMATION PIPELINE COMPLETED SUCCESSFULLY!
2025-11-13 13:12:20,502 - automation_pipeline - INFO - ================================================================================
2025-11-13 13:12:20,502 - automation_pipeline - INFO - Files processed: 1
2025-11-13 13:12:20,502 - automation_pipeline - INFO - Files generated: 19
2025-11-13 13:12:20,502 - automation_pipeline - INFO - Steps completed: 7
2025-11-13 13:12:20,502 - automation_pipeline - INFO - Duration: 0.00 seconds
2025-11-13 13:12:20,502 - automation_pipeline - INFO - Results saved to: automation_results_20251113_131220.json
2025-11-13 13:12:20,502 - automation_pipeline - INFO - SUCCESS: Automation completed successfully - notification sent
2025-11-13 13:13:05,067 - automation_pipeline - INFO - ================================================================================
2025-11-13 13:13:05,067 - automation_pipeline - INFO - EXCEL TO TERRAFORM AUTOMATION PIPELINE
2025-11-13 13:13:05,067 - automation_pipeline - INFO - ================================================================================
2025-11-13 13:13:05,067 - automation_pipeline - INFO - Started at: 2025-11-13 13:13:05.067287
2025-11-13 13:13:05,067 - automation_pipeline - INFO - Configuration: automation_config.json
2025-11-13 13:13:05,067 - automation_pipeline - INFO - Step 1: Validating inputs...
2025-11-13 13:13:05,067 - automation_pipeline - INFO - No specific file provided, searching sourcefiles directory for Excel files...
2025-11-13 13:13:05,067 - automation_pipeline - INFO - Found 1 Excel file(s) in sourcefiles directory
2025-11-13 13:13:05,067 - automation_pipeline - INFO -   - LLDtest.xlsm
2025-11-13 13:13:05,068 - automation_pipeline - INFO - SUCCESS: Input validation completed
2025-11-13 13:13:05,068 - automation_pipeline - INFO - No specific file provided, searching sourcefiles directory for Excel files...
2025-11-13 13:13:05,068 - automation_pipeline - INFO - Found 1 Excel file(s) in sourcefiles directory
2025-11-13 13:13:05,068 - automation_pipeline - INFO -   - LLDtest.xlsm
2025-11-13 13:13:05,068 - automation_pipeline - INFO - Processing 1 Excel file(s)
2025-11-13 13:13:05,068 - automation_pipeline - INFO - Step 2: Backing up previous outputs...
2025-11-13 13:13:05,080 - automation_pipeline - INFO - Previous outputs backed up to: backup_20251113_131305
2025-11-13 13:13:05,080 - automation_pipeline - INFO - SUCCESS: Previous outputs backed up
2025-11-13 13:13:05,080 - automation_pipeline - INFO - Processing file 1/1: LLDtest.xlsm
2025-11-13 13:13:05,080 - automation_pipeline - INFO - Step 3.1: Extracting Excel data to JSON...
2025-11-13 13:13:06,883 - automation_pipeline - INFO - JSON file created: LLDtest_comprehensive_data.json (4,849,850 bytes)
2025-11-13 13:13:06,884 - automation_pipeline - INFO - SUCCESS: Excel data extracted to: LLDtest_comprehensive_data.json
2025-11-13 13:13:06,884 - automation_pipeline - INFO - Step 4.1: Generating Terraform files...
2025-11-13 13:13:06,904 - automation_pipeline - INFO - Found subscription in Resources: subscription
2025-11-13 13:13:06,906 - automation_pipeline - INFO - Using subscription-based naming: subscription_20251113_131306
2025-11-13 13:13:06,906 - automation_pipeline - INFO - Creating dynamic output directory: output_package/subscription_20251113_131306
2025-11-13 13:13:06,906 - automation_pipeline - INFO - Based on subscription: subscription
2025-11-13 13:13:06,906 - automation_pipeline - INFO - Timestamp: 20251113_131306
2025-11-13 13:13:06,926 - automation_pipeline - INFO - Using Enhanced Terraform Generator v2 (module.md patterns)
2025-11-13 13:13:06,928 - automation_pipeline - INFO - Generated 18 Terraform files
2025-11-13 13:13:06,928 - automation_pipeline - INFO - Resources: 63 VMs, 13 security rules
2025-11-13 13:13:06,930 - automation_pipeline - INFO - SUCCESS: Terraform files generated in: output_package/subscription_20251113_131306
2025-11-13 13:13:06,930 - automation_pipeline - INFO - Step 5: Validating generated files...
2025-11-13 13:13:06,949 - automation_pipeline - INFO - SUCCESS: Output validation completed
2025-11-13 13:13:06,949 - automation_pipeline - INFO - Step 6: Generating summary report...
2025-11-13 13:13:06,949 - automation_pipeline - INFO - SUCCESS: Summary report generated
2025-11-13 13:13:06,949 - automation_pipeline - INFO - Step 7: Cleaning up temporary files...
2025-11-13 13:13:06,949 - automation_pipeline - INFO - SUCCESS: Temporary files cleaned up
2025-11-13 13:13:06,949 - automation_pipeline - INFO - ================================================================================
2025-11-13 13:13:06,949 - automation_pipeline - INFO - AUTOMATION PIPELINE COMPLETED SUCCESSFULLY!
2025-11-13 13:13:06,949 - automation_pipeline - INFO - ================================================================================
2025-11-13 13:13:06,949 - automation_pipeline - INFO - Files processed: 1
2025-11-13 13:13:06,949 - automation_pipeline - INFO - Files generated: 19
2025-11-13 13:13:06,949 - automation_pipeline - INFO - Steps completed: 7
2025-11-13 13:13:06,949 - automation_pipeline - INFO - Duration: 0.00 seconds
2025-11-13 13:13:06,950 - automation_pipeline - INFO - Results saved to: automation_results_20251113_131306.json
2025-11-13 13:13:06,950 - automation_pipeline - INFO - SUCCESS: Automation completed successfully - notification sent
2025-11-14 16:27:56,312 - automation_pipeline - INFO - Found 1 Excel files in sourcefiles
2025-11-14 16:27:56,313 - automation_pipeline - INFO -   - LLDtest.xlsm
2025-11-15 11:59:38,700 - automation_pipeline - INFO - ================================================================================
2025-11-15 11:59:38,701 - automation_pipeline - INFO - EXCEL TO TERRAFORM AUTOMATION PIPELINE
2025-11-15 11:59:38,701 - automation_pipeline - INFO - ================================================================================
2025-11-15 11:59:38,701 - automation_pipeline - INFO - Started at: 2025-11-15 11:59:38.700789
2025-11-15 11:59:38,701 - automation_pipeline - INFO - Configuration: automation_config.json
2025-11-15 11:59:38,701 - automation_pipeline - INFO - Step 1: Validating inputs...
2025-11-15 11:59:38,701 - automation_pipeline - INFO - Found 1 Excel files in sourcefiles
2025-11-15 11:59:38,701 - automation_pipeline - INFO -   - LLDtest.xlsm
2025-11-15 11:59:38,702 - automation_pipeline - INFO - SUCCESS: Input validation completed
2025-11-15 11:59:38,702 - automation_pipeline - INFO - Found 1 Excel files in sourcefiles
2025-11-15 11:59:38,702 - automation_pipeline - INFO -   - LLDtest.xlsm
2025-11-15 11:59:38,702 - automation_pipeline - INFO - Processing 1 Excel file(s)
2025-11-15 11:59:38,702 - automation_pipeline - INFO - Step 2: Backing up previous outputs...
2025-11-15 11:59:38,730 - automation_pipeline - INFO - Previous outputs backed up to: backup_20251115_115938
2025-11-15 11:59:38,730 - automation_pipeline - INFO - SUCCESS: Previous outputs backed up
2025-11-15 11:59:38,730 - automation_pipeline - INFO - Processing file 1/1: LLDtest.xlsm
2025-11-15 11:59:38,730 - automation_pipeline - INFO - Step 3.1: Extracting Excel data to JSON...
2025-11-15 11:59:41,388 - automation_pipeline - INFO - JSON file created: LLDtest_comprehensive_extract.json (4,847,738 bytes)
2025-11-15 11:59:41,390 - automation_pipeline - INFO - SUCCESS: Excel data extracted to: LLDtest_comprehensive_extract.json
2025-11-15 11:59:41,390 - automation_pipeline - INFO - Step 4.1: Generating Terraform files...
2025-11-15 11:59:41,412 - automation_pipeline - INFO - Using TerraformGeneratorClean (client standards compliant)
2025-11-15 11:59:41,413 - automation_pipeline - INFO - Generated 4 Terraform files
2025-11-15 11:59:41,413 - automation_pipeline - INFO -   - main.tf (1,415 bytes)
2025-11-15 11:59:41,413 - automation_pipeline - INFO -   - variables.tf (10,930 bytes)
2025-11-15 11:59:41,413 - automation_pipeline - INFO -   - terraform.tfvars (4,968 bytes)
2025-11-15 11:59:41,413 - automation_pipeline - INFO -   - outputs.tf (649 bytes)
2025-11-15 11:59:41,414 - automation_pipeline - INFO - SUCCESS: Terraform files generated in: terraform_clean
2025-11-15 11:59:41,414 - automation_pipeline - INFO - Step 5: Validating generated files...
2025-11-15 11:59:41,439 - automation_pipeline - INFO - SUCCESS: Output validation completed
2025-11-15 11:59:41,439 - automation_pipeline - INFO - Step 6: Generating summary report...
2025-11-15 11:59:41,439 - automation_pipeline - INFO - SUCCESS: Summary report generated
2025-11-15 11:59:41,439 - automation_pipeline - INFO - Step 7: Cleaning up temporary files...
2025-11-15 11:59:41,439 - automation_pipeline - INFO - SUCCESS: Temporary files cleaned up
2025-11-15 11:59:41,439 - automation_pipeline - INFO - ================================================================================
2025-11-15 11:59:41,439 - automation_pipeline - INFO - AUTOMATION PIPELINE COMPLETED SUCCESSFULLY!
2025-11-15 11:59:41,439 - automation_pipeline - INFO - ================================================================================
2025-11-15 11:59:41,439 - automation_pipeline - INFO - Files processed: 1
2025-11-15 11:59:41,439 - automation_pipeline - INFO - Files generated: 5
2025-11-15 11:59:41,439 - automation_pipeline - INFO - Steps completed: 7
2025-11-15 11:59:41,439 - automation_pipeline - INFO - Duration: 0.00 seconds
2025-11-15 11:59:41,440 - automation_pipeline - INFO - Results saved to: automation_results_20251115_115941.json
2025-11-15 11:59:41,440 - automation_pipeline - INFO - SUCCESS: Automation completed successfully - notification sent
2025-11-17 09:01:37,617 - automation_pipeline - INFO - ================================================================================
2025-11-17 09:01:37,617 - automation_pipeline - INFO - EXCEL TO TERRAFORM AUTOMATION PIPELINE
2025-11-17 09:01:37,617 - automation_pipeline - INFO - ================================================================================
2025-11-17 09:01:37,617 - automation_pipeline - INFO - Started at: 2025-11-17 09:01:37.617511
2025-11-17 09:01:37,617 - automation_pipeline - INFO - Configuration: automation_config.json
2025-11-17 09:01:37,617 - automation_pipeline - INFO - Step 1: Validating inputs...
2025-11-17 09:01:37,618 - automation_pipeline - INFO - Found 1 Excel files in sourcefiles
2025-11-17 09:01:37,618 - automation_pipeline - INFO -   - LLDtest.xlsm
2025-11-17 09:01:37,618 - automation_pipeline - INFO - SUCCESS: Input validation completed
2025-11-17 09:01:37,618 - automation_pipeline - INFO - Found 1 Excel files in sourcefiles
2025-11-17 09:01:37,618 - automation_pipeline - INFO -   - LLDtest.xlsm
2025-11-17 09:01:37,618 - automation_pipeline - INFO - Processing 1 Excel file(s)
2025-11-17 09:01:37,618 - automation_pipeline - INFO - Step 2: Backing up previous outputs...
2025-11-17 09:01:37,638 - automation_pipeline - INFO - Previous outputs backed up to: backup_20251117_090137
2025-11-17 09:01:37,640 - automation_pipeline - INFO - SUCCESS: Previous outputs backed up
2025-11-17 09:01:37,640 - automation_pipeline - INFO - Processing file 1/1: LLDtest.xlsm
2025-11-17 09:01:37,640 - automation_pipeline - INFO - Step 3.1: Extracting Excel data to JSON...
2025-11-17 09:01:39,668 - automation_pipeline - INFO - JSON file created: LLDtest_comprehensive_extract.json (4,847,738 bytes)
2025-11-17 09:01:39,669 - automation_pipeline - INFO - SUCCESS: Excel data extracted to: LLDtest_comprehensive_extract.json
2025-11-17 09:01:39,669 - automation_pipeline - INFO - Step 4.1: Generating Terraform files...
2025-11-17 09:01:39,689 - automation_pipeline - INFO - Using TerraformGeneratorClean (client standards compliant)
2025-11-17 09:01:39,690 - automation_pipeline - INFO - Generated 4 Terraform files
2025-11-17 09:01:39,690 - automation_pipeline - INFO -   - main.tf (1,415 bytes)
2025-11-17 09:01:39,690 - automation_pipeline - INFO -   - variables.tf (10,930 bytes)
2025-11-17 09:01:39,690 - automation_pipeline - INFO -   - terraform.tfvars (4,968 bytes)
2025-11-17 09:01:39,690 - automation_pipeline - INFO -   - outputs.tf (649 bytes)
2025-11-17 09:01:39,691 - automation_pipeline - INFO - SUCCESS: Terraform files generated in: terraform_clean
2025-11-17 09:01:39,691 - automation_pipeline - INFO - Step 5: Validating generated files...
2025-11-17 09:01:39,710 - automation_pipeline - INFO - SUCCESS: Output validation completed
2025-11-17 09:01:39,710 - automation_pipeline - INFO - Step 6: Generating summary report...
2025-11-17 09:01:39,710 - automation_pipeline - INFO - SUCCESS: Summary report generated
2025-11-17 09:01:39,710 - automation_pipeline - INFO - Step 7: Cleaning up temporary files...
2025-11-17 09:01:39,710 - automation_pipeline - INFO - SUCCESS: Temporary files cleaned up
2025-11-17 09:01:39,710 - automation_pipeline - INFO - ================================================================================
2025-11-17 09:01:39,710 - automation_pipeline - INFO - AUTOMATION PIPELINE COMPLETED SUCCESSFULLY!
2025-11-17 09:01:39,710 - automation_pipeline - INFO - ================================================================================
2025-11-17 09:01:39,710 - automation_pipeline - INFO - Files processed: 1
2025-11-17 09:01:39,710 - automation_pipeline - INFO - Files generated: 5
2025-11-17 09:01:39,710 - automation_pipeline - INFO - Steps completed: 7
2025-11-17 09:01:39,710 - automation_pipeline - INFO - Duration: 0.00 seconds
2025-11-17 09:01:39,711 - automation_pipeline - INFO - Results saved to: automation_results_20251117_090139.json
2025-11-17 09:01:39,711 - automation_pipeline - INFO - SUCCESS: Automation completed successfully - notification sent
2025-11-17 09:17:37,205 - automation_pipeline - INFO - ================================================================================
2025-11-17 09:17:37,205 - automation_pipeline - INFO - EXCEL TO TERRAFORM AUTOMATION PIPELINE
2025-11-17 09:17:37,205 - automation_pipeline - INFO - ================================================================================
2025-11-17 09:17:37,205 - automation_pipeline - INFO - Started at: 2025-11-17 09:17:37.205416
2025-11-17 09:17:37,205 - automation_pipeline - INFO - Configuration: automation_config.json
2025-11-17 09:17:37,205 - automation_pipeline - INFO - Step 1: Validating inputs...
2025-11-17 09:17:37,206 - automation_pipeline - INFO - Found 1 Excel files in sourcefiles
2025-11-17 09:17:37,206 - automation_pipeline - INFO -   - LLDtest.xlsm
2025-11-17 09:17:37,206 - automation_pipeline - INFO - SUCCESS: Input validation completed
2025-11-17 09:17:37,206 - automation_pipeline - INFO - Found 1 Excel files in sourcefiles
2025-11-17 09:17:37,206 - automation_pipeline - INFO -   - LLDtest.xlsm
2025-11-17 09:17:37,206 - automation_pipeline - INFO - Processing 1 Excel file(s)
2025-11-17 09:17:37,206 - automation_pipeline - INFO - Step 2: Backing up previous outputs...
2025-11-17 09:17:37,225 - automation_pipeline - INFO - Previous outputs backed up to: backup_20251117_091737
2025-11-17 09:17:37,225 - automation_pipeline - INFO - SUCCESS: Previous outputs backed up
2025-11-17 09:17:37,225 - automation_pipeline - INFO - Processing file 1/1: LLDtest.xlsm
2025-11-17 09:17:37,225 - automation_pipeline - INFO - Step 3.1: Extracting Excel data to JSON...
2025-11-17 09:17:38,965 - automation_pipeline - INFO - JSON file created: LLDtest_comprehensive_extract.json (4,847,738 bytes)
2025-11-17 09:17:38,970 - automation_pipeline - INFO - SUCCESS: Excel data extracted to: LLDtest_comprehensive_extract.json
2025-11-17 09:17:38,970 - automation_pipeline - INFO - Step 4.1: Generating Terraform files...
2025-11-17 09:17:38,996 - automation_pipeline - INFO - Using TerraformGeneratorClean (client standards compliant)
2025-11-17 09:17:38,997 - automation_pipeline - INFO - Generated 4 Terraform files
2025-11-17 09:17:38,997 - automation_pipeline - INFO -   - main.tf (1,415 bytes)
2025-11-17 09:17:38,997 - automation_pipeline - INFO -   - variables.tf (10,930 bytes)
2025-11-17 09:17:38,997 - automation_pipeline - INFO -   - terraform.tfvars (4,968 bytes)
2025-11-17 09:17:38,997 - automation_pipeline - INFO -   - outputs.tf (649 bytes)
2025-11-17 09:17:38,998 - automation_pipeline - INFO - SUCCESS: Terraform files generated in: terraform_clean
2025-11-17 09:17:38,998 - automation_pipeline - INFO - Step 5: Validating generated files...
2025-11-17 09:17:39,020 - automation_pipeline - INFO - SUCCESS: Output validation completed
2025-11-17 09:17:39,020 - automation_pipeline - INFO - Step 6: Generating summary report...
2025-11-17 09:17:39,020 - automation_pipeline - INFO - SUCCESS: Summary report generated
2025-11-17 09:17:39,020 - automation_pipeline - INFO - Step 7: Cleaning up temporary files...
2025-11-17 09:17:39,021 - automation_pipeline - INFO - SUCCESS: Temporary files cleaned up
2025-11-17 09:17:39,021 - automation_pipeline - INFO - ================================================================================
2025-11-17 09:17:39,021 - automation_pipeline - INFO - AUTOMATION PIPELINE COMPLETED SUCCESSFULLY!
2025-11-17 09:17:39,021 - automation_pipeline - INFO - ================================================================================
2025-11-17 09:17:39,021 - automation_pipeline - INFO - Files processed: 1
2025-11-17 09:17:39,021 - automation_pipeline - INFO - Files generated: 5
2025-11-17 09:17:39,021 - automation_pipeline - INFO - Steps completed: 7
2025-11-17 09:17:39,021 - automation_pipeline - INFO - Duration: 0.00 seconds
2025-11-17 09:17:39,021 - automation_pipeline - INFO - Results saved to: automation_results_20251117_091739.json
2025-11-17 09:17:39,021 - automation_pipeline - INFO - SUCCESS: Automation completed successfully - notification sent
2025-11-17 09:47:06,827 - automation_pipeline - INFO - ================================================================================
2025-11-17 09:47:06,827 - automation_pipeline - INFO - EXCEL TO TERRAFORM AUTOMATION PIPELINE
2025-11-17 09:47:06,827 - automation_pipeline - INFO - ================================================================================
2025-11-17 09:47:06,827 - automation_pipeline - INFO - Started at: 2025-11-17 09:47:06.827020
2025-11-17 09:47:06,827 - automation_pipeline - INFO - Configuration: automation_config.json
2025-11-17 09:47:06,827 - automation_pipeline - INFO - Step 1: Validating inputs...
2025-11-17 09:47:06,827 - automation_pipeline - INFO - Found 1 Excel files in sourcefiles
2025-11-17 09:47:06,827 - automation_pipeline - INFO -   - LLDtest.xlsm
2025-11-17 09:47:06,827 - automation_pipeline - INFO - SUCCESS: Input validation completed
2025-11-17 09:47:06,827 - automation_pipeline - INFO - Found 1 Excel files in sourcefiles
2025-11-17 09:47:06,827 - automation_pipeline - INFO -   - LLDtest.xlsm
2025-11-17 09:47:06,827 - automation_pipeline - INFO - Processing 1 Excel file(s)
2025-11-17 09:47:06,827 - automation_pipeline - INFO - Step 2: Backing up previous outputs...
2025-11-17 09:47:06,828 - automation_pipeline - INFO - Previous outputs backed up to: backup_20251117_094706
2025-11-17 09:47:06,828 - automation_pipeline - INFO - SUCCESS: Previous outputs backed up
2025-11-17 09:47:06,828 - automation_pipeline - INFO - Processing file 1/1: LLDtest.xlsm
2025-11-17 09:47:06,828 - automation_pipeline - INFO - Step 3.1: Extracting Excel data to JSON...
2025-11-17 09:47:08,544 - automation_pipeline - INFO - JSON file created: LLDtest_comprehensive_extract.json (4,847,738 bytes)
2025-11-17 09:47:08,545 - automation_pipeline - INFO - SUCCESS: Excel data extracted to: LLDtest_comprehensive_extract.json
2025-11-17 09:47:08,545 - automation_pipeline - INFO - Step 4.1: Generating Terraform files...
2025-11-17 09:47:08,576 - automation_pipeline - INFO - Using EnhancedTerraformGeneratorV2 (full resource file generation)
2025-11-17 09:47:08,576 - automation_pipeline - INFO - Output directory: terraform_output/20251117_094708
2025-11-17 09:47:08,578 - automation_pipeline - INFO - Generated 18 Terraform files
2025-11-17 09:47:08,578 - automation_pipeline - INFO -   - m-basevm.tf (1,420 bytes)
2025-11-17 09:47:08,578 - automation_pipeline - INFO -   - r-rg.tf (269 bytes)
2025-11-17 09:47:08,578 - automation_pipeline - INFO -   - r-asg.tf (426 bytes)
2025-11-17 09:47:08,578 - automation_pipeline - INFO -   - r-snet.tf (348 bytes)
2025-11-17 09:47:08,578 - automation_pipeline - INFO -   - r-nsr.tf (1,552 bytes)
2025-11-17 09:47:08,578 - automation_pipeline - INFO -   - r-kvlt.tf (1,630 bytes)
2025-11-17 09:47:08,578 - automation_pipeline - INFO -   - r-umid.tf (686 bytes)
2025-11-17 09:47:08,578 - automation_pipeline - INFO -   - r-dsk.tf (1,036 bytes)
2025-11-17 09:47:08,578 - automation_pipeline - INFO -   - r-pe.tf (1,333 bytes)
2025-11-17 09:47:08,578 - automation_pipeline - INFO -   - variables.tf (14,331 bytes)
2025-11-17 09:47:08,578 - automation_pipeline - INFO -   - terraform.tfvars (50,734 bytes)
2025-11-17 09:47:08,578 - automation_pipeline - INFO -   - outputs.tf (91 bytes)
2025-11-17 09:47:08,578 - automation_pipeline - INFO -   - versions.tf (327 bytes)
2025-11-17 09:47:08,578 - automation_pipeline - INFO -   - data.tf (246 bytes)
2025-11-17 09:47:08,578 - automation_pipeline - INFO -   - locals.tf (231 bytes)
2025-11-17 09:47:08,578 - automation_pipeline - INFO -   - scripts/validate.sh (1,144 bytes)
2025-11-17 09:47:08,578 - automation_pipeline - INFO -   - README.md (1,663 bytes)
2025-11-17 09:47:08,578 - automation_pipeline - INFO -   - .gitignore (776 bytes)
2025-11-17 09:47:08,580 - automation_pipeline - INFO - SUCCESS: Terraform files generated in: terraform_output/20251117_094708
2025-11-17 09:47:08,580 - automation_pipeline - INFO - Step 5: Validating generated files...
2025-11-17 09:47:08,600 - automation_pipeline - INFO - SUCCESS: Output validation completed
2025-11-17 09:47:08,600 - automation_pipeline - INFO - Step 6: Generating summary report...
2025-11-17 09:47:08,600 - automation_pipeline - INFO - SUCCESS: Summary report generated
2025-11-17 09:47:08,600 - automation_pipeline - INFO - Step 7: Cleaning up temporary files...
2025-11-17 09:47:08,600 - automation_pipeline - INFO - SUCCESS: Temporary files cleaned up
2025-11-17 09:47:08,600 - automation_pipeline - INFO - ================================================================================
2025-11-17 09:47:08,600 - automation_pipeline - INFO - AUTOMATION PIPELINE COMPLETED SUCCESSFULLY!
2025-11-17 09:47:08,600 - automation_pipeline - INFO - ================================================================================
2025-11-17 09:47:08,600 - automation_pipeline - INFO - Files processed: 1
2025-11-17 09:47:08,600 - automation_pipeline - INFO - Files generated: 19
2025-11-17 09:47:08,600 - automation_pipeline - INFO - Steps completed: 7
2025-11-17 09:47:08,600 - automation_pipeline - INFO - Duration: 0.00 seconds
2025-11-17 09:47:08,601 - automation_pipeline - INFO - Results saved to: automation_results_20251117_094708.json
2025-11-17 09:47:08,601 - automation_pipeline - INFO - SUCCESS: Automation completed successfully - notification sent
2025-11-17 10:03:19,188 - automation_pipeline - INFO - ================================================================================
2025-11-17 10:03:19,189 - automation_pipeline - INFO - EXCEL TO TERRAFORM AUTOMATION PIPELINE
2025-11-17 10:03:19,189 - automation_pipeline - INFO - ================================================================================
2025-11-17 10:03:19,189 - automation_pipeline - INFO - Started at: 2025-11-17 10:03:19.188821
2025-11-17 10:03:19,189 - automation_pipeline - INFO - Configuration: automation_config.json
2025-11-17 10:03:19,189 - automation_pipeline - INFO - Step 1: Validating inputs...
2025-11-17 10:03:19,189 - automation_pipeline - INFO - Found 0 Excel files in sourcefiles
2025-11-17 10:03:19,189 - automation_pipeline - INFO - Results saved to: automation_results_20251117_100319.json
2025-11-17 10:03:19,189 - automation_pipeline - ERROR - X Automation failed - failure notification sent
2025-11-17 10:03:45,638 - automation_pipeline - INFO - ================================================================================
2025-11-17 10:03:45,638 - automation_pipeline - INFO - EXCEL TO TERRAFORM AUTOMATION PIPELINE
2025-11-17 10:03:45,638 - automation_pipeline - INFO - ================================================================================
2025-11-17 10:03:45,638 - automation_pipeline - INFO - Started at: 2025-11-17 10:03:45.638463
2025-11-17 10:03:45,638 - automation_pipeline - INFO - Configuration: automation_config.json
2025-11-17 10:03:45,638 - automation_pipeline - INFO - Step 1: Validating inputs...
2025-11-17 10:03:45,638 - automation_pipeline - INFO - Found 1 Excel files in sourcefiles
2025-11-17 10:03:45,638 - automation_pipeline - INFO -   - LLDtest.xlsm
2025-11-17 10:03:45,639 - automation_pipeline - INFO - SUCCESS: Input validation completed
2025-11-17 10:03:45,639 - automation_pipeline - INFO - Found 1 Excel files in sourcefiles
2025-11-17 10:03:45,639 - automation_pipeline - INFO -   - LLDtest.xlsm
2025-11-17 10:03:45,639 - automation_pipeline - INFO - Processing 1 Excel file(s)
2025-11-17 10:03:45,639 - automation_pipeline - INFO - Step 2: Backing up previous outputs...
2025-11-17 10:03:45,639 - automation_pipeline - INFO - Previous outputs backed up to: backup_20251117_100345
2025-11-17 10:03:45,639 - automation_pipeline - INFO - SUCCESS: Previous outputs backed up
2025-11-17 10:03:45,639 - automation_pipeline - INFO - Processing file 1/1: LLDtest.xlsm
2025-11-17 10:03:45,639 - automation_pipeline - INFO - Step 3.1: Extracting Excel data to JSON...
2025-11-17 10:03:47,380 - automation_pipeline - INFO - JSON file created: LLDtest_comprehensive_extract.json (4,847,738 bytes)
2025-11-17 10:03:47,381 - automation_pipeline - INFO - SUCCESS: Excel data extracted to: LLDtest_comprehensive_extract.json
2025-11-17 10:03:47,381 - automation_pipeline - INFO - Step 4.1: Generating Terraform files...
2025-11-17 10:03:47,405 - automation_pipeline - INFO - Using EnhancedTerraformGeneratorV2 (full resource file generation)
2025-11-17 10:03:47,405 - automation_pipeline - INFO - Output directory: terraform_output/20251117_100347
2025-11-17 10:03:47,408 - automation_pipeline - INFO - Generated 18 Terraform files
2025-11-17 10:03:47,408 - automation_pipeline - INFO -   - m-basevm.tf (1,420 bytes)
2025-11-17 10:03:47,408 - automation_pipeline - INFO -   - r-rg.tf (269 bytes)
2025-11-17 10:03:47,408 - automation_pipeline - INFO -   - r-asg.tf (426 bytes)
2025-11-17 10:03:47,408 - automation_pipeline - INFO -   - r-snet.tf (348 bytes)
2025-11-17 10:03:47,408 - automation_pipeline - INFO -   - r-nsr.tf (1,552 bytes)
2025-11-17 10:03:47,408 - automation_pipeline - INFO -   - r-kvlt.tf (1,630 bytes)
2025-11-17 10:03:47,408 - automation_pipeline - INFO -   - r-umid.tf (686 bytes)
2025-11-17 10:03:47,408 - automation_pipeline - INFO -   - r-dsk.tf (1,036 bytes)
2025-11-17 10:03:47,408 - automation_pipeline - INFO -   - r-pe.tf (1,333 bytes)
2025-11-17 10:03:47,408 - automation_pipeline - INFO -   - variables.tf (14,331 bytes)
2025-11-17 10:03:47,408 - automation_pipeline - INFO -   - terraform.tfvars (50,734 bytes)
2025-11-17 10:03:47,408 - automation_pipeline - INFO -   - outputs.tf (91 bytes)
2025-11-17 10:03:47,408 - automation_pipeline - INFO -   - versions.tf (327 bytes)
2025-11-17 10:03:47,408 - automation_pipeline - INFO -   - data.tf (246 bytes)
2025-11-17 10:03:47,408 - automation_pipeline - INFO -   - locals.tf (231 bytes)
2025-11-17 10:03:47,408 - automation_pipeline - INFO -   - scripts/validate.sh (1,144 bytes)
2025-11-17 10:03:47,408 - automation_pipeline - INFO -   - README.md (1,663 bytes)
2025-11-17 10:03:47,408 - automation_pipeline - INFO -   - .gitignore (776 bytes)
2025-11-17 10:03:47,409 - automation_pipeline - INFO - SUCCESS: Terraform files generated in: terraform_output/20251117_100347
2025-11-17 10:03:47,409 - automation_pipeline - INFO - Step 5: Validating generated files...
2025-11-17 10:03:47,431 - automation_pipeline - INFO - SUCCESS: Output validation completed
2025-11-17 10:03:47,431 - automation_pipeline - INFO - Step 6: Generating summary report...
2025-11-17 10:03:47,431 - automation_pipeline - INFO - SUCCESS: Summary report generated
2025-11-17 10:03:47,431 - automation_pipeline - INFO - Step 7: Cleaning up temporary files...
2025-11-17 10:03:47,431 - automation_pipeline - INFO - SUCCESS: Temporary files cleaned up
2025-11-17 10:03:47,431 - automation_pipeline - INFO - ================================================================================
2025-11-17 10:03:47,431 - automation_pipeline - INFO - AUTOMATION PIPELINE COMPLETED SUCCESSFULLY!
2025-11-17 10:03:47,431 - automation_pipeline - INFO - ================================================================================
2025-11-17 10:03:47,431 - automation_pipeline - INFO - Files processed: 1
2025-11-17 10:03:47,431 - automation_pipeline - INFO - Files generated: 19
2025-11-17 10:03:47,431 - automation_pipeline - INFO - Steps completed: 7
2025-11-17 10:03:47,431 - automation_pipeline - INFO - Duration: 0.00 seconds
2025-11-17 10:03:47,432 - automation_pipeline - INFO - Results saved to: automation_results_20251117_100347.json
2025-11-17 10:03:47,432 - automation_pipeline - INFO - SUCCESS: Automation completed successfully - notification sent
2025-11-17 10:27:45,982 - automation_pipeline - INFO - ================================================================================
2025-11-17 10:27:45,982 - automation_pipeline - INFO - EXCEL TO TERRAFORM AUTOMATION PIPELINE
2025-11-17 10:27:45,982 - automation_pipeline - INFO - ================================================================================
2025-11-17 10:27:45,982 - automation_pipeline - INFO - Started at: 2025-11-17 10:27:45.982069
2025-11-17 10:27:45,982 - automation_pipeline - INFO - Configuration: automation_config.json
2025-11-17 10:27:45,982 - automation_pipeline - INFO - Step 1: Validating inputs...
2025-11-17 10:27:45,982 - automation_pipeline - INFO - Found 1 Excel files in sourcefiles
2025-11-17 10:27:45,982 - automation_pipeline - INFO -   - LLDtest.xlsm
2025-11-17 10:27:45,983 - automation_pipeline - INFO - SUCCESS: Input validation completed
2025-11-17 10:27:45,983 - automation_pipeline - INFO - Found 1 Excel files in sourcefiles
2025-11-17 10:27:45,983 - automation_pipeline - INFO -   - LLDtest.xlsm
2025-11-17 10:27:45,983 - automation_pipeline - INFO - Processing 1 Excel file(s)
2025-11-17 10:27:45,983 - automation_pipeline - INFO - Step 2: Backing up previous outputs...
2025-11-17 10:27:45,983 - automation_pipeline - INFO - Previous outputs backed up to: backup_20251117_102745
2025-11-17 10:27:45,983 - automation_pipeline - INFO - SUCCESS: Previous outputs backed up
2025-11-17 10:27:45,983 - automation_pipeline - INFO - Processing file 1/1: LLDtest.xlsm
2025-11-17 10:27:45,983 - automation_pipeline - INFO - Step 3.1: Extracting Excel data to JSON...
2025-11-17 10:27:48,006 - automation_pipeline - INFO - JSON file created: LLDtest_comprehensive_extract.json (4,743,897 bytes)
2025-11-17 10:27:48,007 - automation_pipeline - INFO - SUCCESS: Excel data extracted to: LLDtest_comprehensive_extract.json
2025-11-17 10:27:48,007 - automation_pipeline - INFO - Step 4.1: Generating Terraform files...
2025-11-17 10:27:48,038 - automation_pipeline - INFO - Using EnhancedTerraformGeneratorV2 (full resource file generation)
2025-11-17 10:27:48,038 - automation_pipeline - INFO - Output directory: terraform_output/20251117_102748
2025-11-17 10:27:48,040 - automation_pipeline - INFO - Generated 18 Terraform files
2025-11-17 10:27:48,040 - automation_pipeline - INFO -   - m-basevm.tf (1,420 bytes)
2025-11-17 10:27:48,040 - automation_pipeline - INFO -   - r-rg.tf (269 bytes)
2025-11-17 10:27:48,040 - automation_pipeline - INFO -   - r-asg.tf (426 bytes)
2025-11-17 10:27:48,040 - automation_pipeline - INFO -   - r-snet.tf (348 bytes)
2025-11-17 10:27:48,040 - automation_pipeline - INFO -   - r-nsr.tf (1,552 bytes)
2025-11-17 10:27:48,040 - automation_pipeline - INFO -   - r-kvlt.tf (1,630 bytes)
2025-11-17 10:27:48,040 - automation_pipeline - INFO -   - r-umid.tf (686 bytes)
2025-11-17 10:27:48,040 - automation_pipeline - INFO -   - r-dsk.tf (1,036 bytes)
2025-11-17 10:27:48,040 - automation_pipeline - INFO -   - r-pe.tf (1,333 bytes)
2025-11-17 10:27:48,040 - automation_pipeline - INFO -   - variables.tf (14,331 bytes)
2025-11-17 10:27:48,040 - automation_pipeline - INFO -   - terraform.tfvars (5,634 bytes)
2025-11-17 10:27:48,040 - automation_pipeline - INFO -   - outputs.tf (91 bytes)
2025-11-17 10:27:48,040 - automation_pipeline - INFO -   - versions.tf (327 bytes)
2025-11-17 10:27:48,040 - automation_pipeline - INFO -   - data.tf (246 bytes)
2025-11-17 10:27:48,040 - automation_pipeline - INFO -   - locals.tf (231 bytes)
2025-11-17 10:27:48,040 - automation_pipeline - INFO -   - scripts/validate.sh (1,144 bytes)
2025-11-17 10:27:48,040 - automation_pipeline - INFO -   - README.md (1,662 bytes)
2025-11-17 10:27:48,040 - automation_pipeline - INFO -   - .gitignore (776 bytes)
2025-11-17 10:27:48,041 - automation_pipeline - INFO - SUCCESS: Terraform files generated in: terraform_output/20251117_102748
2025-11-17 10:27:48,041 - automation_pipeline - INFO - Step 5: Validating generated files...
2025-11-17 10:27:48,061 - automation_pipeline - INFO - SUCCESS: Output validation completed
2025-11-17 10:27:48,061 - automation_pipeline - INFO - Step 6: Generating summary report...
2025-11-17 10:27:48,061 - automation_pipeline - INFO - SUCCESS: Summary report generated
2025-11-17 10:27:48,061 - automation_pipeline - INFO - Step 7: Cleaning up temporary files...
2025-11-17 10:27:48,061 - automation_pipeline - INFO - SUCCESS: Temporary files cleaned up
2025-11-17 10:27:48,061 - automation_pipeline - INFO - ================================================================================
2025-11-17 10:27:48,061 - automation_pipeline - INFO - AUTOMATION PIPELINE COMPLETED SUCCESSFULLY!
2025-11-17 10:27:48,061 - automation_pipeline - INFO - ================================================================================
2025-11-17 10:27:48,061 - automation_pipeline - INFO - Files processed: 1
2025-11-17 10:27:48,061 - automation_pipeline - INFO - Files generated: 19
2025-11-17 10:27:48,061 - automation_pipeline - INFO - Steps completed: 7
2025-11-17 10:27:48,061 - automation_pipeline - INFO - Duration: 0.00 seconds
2025-11-17 10:27:48,062 - automation_pipeline - INFO - Results saved to: automation_results_20251117_102748.json
2025-11-17 10:27:48,062 - automation_pipeline - INFO - SUCCESS: Automation completed successfully - notification sent
2025-11-17 11:05:28,966 - automation_pipeline - INFO - ================================================================================
2025-11-17 11:05:28,967 - automation_pipeline - INFO - EXCEL TO TERRAFORM AUTOMATION PIPELINE
2025-11-17 11:05:28,967 - automation_pipeline - INFO - ================================================================================
2025-11-17 11:05:28,967 - automation_pipeline - INFO - Started at: 2025-11-17 11:05:28.966857
2025-11-17 11:05:28,967 - automation_pipeline - INFO - Configuration: automation_config.json
2025-11-17 11:05:28,967 - automation_pipeline - INFO - Step 1: Validating inputs...
2025-11-17 11:05:28,967 - automation_pipeline - INFO - Found 1 Excel files in sourcefiles
2025-11-17 11:05:28,967 - automation_pipeline - INFO -   - LLDtest.xlsm
2025-11-17 11:05:28,968 - automation_pipeline - INFO - SUCCESS: Input validation completed
2025-11-17 11:05:28,968 - automation_pipeline - INFO - Found 1 Excel files in sourcefiles
2025-11-17 11:05:28,968 - automation_pipeline - INFO -   - LLDtest.xlsm
2025-11-17 11:05:28,968 - automation_pipeline - INFO - Processing 1 Excel file(s)
2025-11-17 11:05:28,968 - automation_pipeline - INFO - Step 2: Backing up previous outputs...
2025-11-17 11:05:28,968 - automation_pipeline - INFO - Previous outputs backed up to: backup_20251117_110528
2025-11-17 11:05:28,968 - automation_pipeline - INFO - SUCCESS: Previous outputs backed up
2025-11-17 11:05:28,968 - automation_pipeline - INFO - Processing file 1/1: LLDtest.xlsm
2025-11-17 11:05:28,968 - automation_pipeline - INFO - Step 3.1: Extracting Excel data to JSON...
2025-11-17 11:05:30,954 - automation_pipeline - INFO - JSON file created: LLDtest_comprehensive_extract.json (4,743,897 bytes)
2025-11-17 11:05:30,955 - automation_pipeline - INFO - SUCCESS: Excel data extracted to: LLDtest_comprehensive_extract.json
2025-11-17 11:05:30,955 - automation_pipeline - INFO - Step 4.1: Generating Terraform files...
2025-11-17 11:05:30,985 - automation_pipeline - INFO - ================================================================================
2025-11-17 11:05:30,985 - automation_pipeline - INFO - DATA EXTRACTION VALIDATION RESULTS
2025-11-17 11:05:30,986 - automation_pipeline - INFO - ================================================================================
2025-11-17 11:05:30,986 - automation_pipeline - INFO - Extraction Quality: PARTIAL
2025-11-17 11:05:30,986 - automation_pipeline - INFO - Valid: False
2025-11-17 11:05:30,986 - automation_pipeline - ERROR - ERRORS FOUND (2):
2025-11-17 11:05:30,986 - automation_pipeline - ERROR -   [ERROR] Required field 'environment' is missing or empty
2025-11-17 11:05:30,986 - automation_pipeline - ERROR -   [ERROR] Required field 'service_now_ticket' is missing or empty
2025-11-17 11:05:30,986 - automation_pipeline - WARNING - WARNINGS (1):
2025-11-17 11:05:30,986 - automation_pipeline - WARNING -   [WARN] Only 2 VM(s) extracted - may be using fallback defaults
2025-11-17 11:05:30,986 - automation_pipeline - ERROR - Missing Required Fields: environment, service_now_ticket
2025-11-17 11:05:30,986 - automation_pipeline - ERROR - [FAIL] Data extraction incomplete - missing required fields
2025-11-17 11:05:30,986 - automation_pipeline - INFO - ================================================================================
2025-11-17 11:05:30,986 - automation_pipeline - INFO - Using EnhancedTerraformGeneratorV2 (full resource file generation)
2025-11-17 11:05:30,986 - automation_pipeline - INFO - Output directory: terraform_output/20251117_110530
2025-11-17 11:05:30,988 - automation_pipeline - INFO - Generated 18 Terraform files
2025-11-17 11:05:30,988 - automation_pipeline - INFO -   - m-basevm.tf (1,420 bytes)
2025-11-17 11:05:30,988 - automation_pipeline - INFO -   - r-rg.tf (269 bytes)
2025-11-17 11:05:30,988 - automation_pipeline - INFO -   - r-asg.tf (426 bytes)
2025-11-17 11:05:30,988 - automation_pipeline - INFO -   - r-snet.tf (348 bytes)
2025-11-17 11:05:30,988 - automation_pipeline - INFO -   - r-nsr.tf (1,552 bytes)
2025-11-17 11:05:30,988 - automation_pipeline - INFO -   - r-kvlt.tf (1,630 bytes)
2025-11-17 11:05:30,988 - automation_pipeline - INFO -   - r-umid.tf (686 bytes)
2025-11-17 11:05:30,988 - automation_pipeline - INFO -   - r-dsk.tf (1,036 bytes)
2025-11-17 11:05:30,988 - automation_pipeline - INFO -   - r-pe.tf (1,333 bytes)
2025-11-17 11:05:30,988 - automation_pipeline - INFO -   - variables.tf (14,331 bytes)
2025-11-17 11:05:30,988 - automation_pipeline - INFO -   - terraform.tfvars (4,539 bytes)
2025-11-17 11:05:30,988 - automation_pipeline - INFO -   - outputs.tf (91 bytes)
2025-11-17 11:05:30,988 - automation_pipeline - INFO -   - versions.tf (327 bytes)
2025-11-17 11:05:30,988 - automation_pipeline - INFO -   - data.tf (246 bytes)
2025-11-17 11:05:30,988 - automation_pipeline - INFO -   - locals.tf (231 bytes)
2025-11-17 11:05:30,988 - automation_pipeline - INFO -   - scripts/validate.sh (1,144 bytes)
2025-11-17 11:05:30,988 - automation_pipeline - INFO -   - README.md (1,657 bytes)
2025-11-17 11:05:30,988 - automation_pipeline - INFO -   - .gitignore (776 bytes)
2025-11-17 11:05:30,989 - automation_pipeline - INFO - SUCCESS: Terraform files generated in: terraform_output/20251117_110530
2025-11-17 11:05:30,989 - automation_pipeline - INFO - Step 5: Validating generated files...
2025-11-17 11:05:31,008 - automation_pipeline - INFO - SUCCESS: Output validation completed
2025-11-17 11:05:31,008 - automation_pipeline - INFO - Step 5a: Running Terraform validation...
2025-11-17 11:05:31,008 - automation_pipeline - INFO - Validating Terraform in: terraform_output/20251117_110530
2025-11-17 11:05:31,013 - automation_pipeline - WARNING - Terraform not available: [Errno 2] No such file or directory: 'terraform'
2025-11-17 11:05:31,013 - automation_pipeline - INFO - SUCCESS: Terraform validation completed
2025-11-17 11:05:31,013 - automation_pipeline - INFO - Step 6: Generating summary report...
2025-11-17 11:05:31,013 - automation_pipeline - INFO - SUCCESS: Summary report generated
2025-11-17 11:05:31,013 - automation_pipeline - INFO - Step 7: Cleaning up temporary files...
2025-11-17 11:05:31,013 - automation_pipeline - INFO - SUCCESS: Temporary files cleaned up
2025-11-17 11:05:31,013 - automation_pipeline - INFO - ================================================================================
2025-11-17 11:05:31,013 - automation_pipeline - INFO - AUTOMATION PIPELINE COMPLETED SUCCESSFULLY!
2025-11-17 11:05:31,014 - automation_pipeline - INFO - ================================================================================
2025-11-17 11:05:31,014 - automation_pipeline - INFO - Files processed: 1
2025-11-17 11:05:31,014 - automation_pipeline - INFO - Files generated: 19
2025-11-17 11:05:31,014 - automation_pipeline - INFO - Steps completed: 8
2025-11-17 11:05:31,014 - automation_pipeline - INFO - Duration: 0.00 seconds
2025-11-17 11:05:31,014 - automation_pipeline - INFO - Results saved to: automation_results_20251117_110531.json
2025-11-17 11:05:31,014 - automation_pipeline - INFO - SUCCESS: Automation completed successfully - notification sent
2025-11-17 11:08:53,481 - automation_pipeline - INFO - ================================================================================
2025-11-17 11:08:53,481 - automation_pipeline - INFO - EXCEL TO TERRAFORM AUTOMATION PIPELINE
2025-11-17 11:08:53,481 - automation_pipeline - INFO - ================================================================================
2025-11-17 11:08:53,481 - automation_pipeline - INFO - Started at: 2025-11-17 11:08:53.481080
2025-11-17 11:08:53,481 - automation_pipeline - INFO - Configuration: automation_config.json
2025-11-17 11:08:53,481 - automation_pipeline - INFO - Step 1: Validating inputs...
2025-11-17 11:08:53,481 - automation_pipeline - INFO - Found 1 Excel files in sourcefiles
2025-11-17 11:08:53,481 - automation_pipeline - INFO -   - LLDtest.xlsm
2025-11-17 11:08:53,481 - automation_pipeline - INFO - SUCCESS: Input validation completed
2025-11-17 11:08:53,481 - automation_pipeline - INFO - Found 1 Excel files in sourcefiles
2025-11-17 11:08:53,481 - automation_pipeline - INFO -   - LLDtest.xlsm
2025-11-17 11:08:53,481 - automation_pipeline - INFO - Processing 1 Excel file(s)
2025-11-17 11:08:53,482 - automation_pipeline - INFO - Step 2: Backing up previous outputs...
2025-11-17 11:08:53,482 - automation_pipeline - INFO - Previous outputs backed up to: backup_20251117_110853
2025-11-17 11:08:53,482 - automation_pipeline - INFO - SUCCESS: Previous outputs backed up
2025-11-17 11:08:53,482 - automation_pipeline - INFO - Processing file 1/1: LLDtest.xlsm
2025-11-17 11:08:53,482 - automation_pipeline - INFO - Step 3.1: Extracting Excel data to JSON...
2025-11-17 11:08:55,152 - automation_pipeline - INFO - JSON file created: LLDtest_comprehensive_extract.json (4,743,897 bytes)
2025-11-17 11:08:55,153 - automation_pipeline - INFO - SUCCESS: Excel data extracted to: LLDtest_comprehensive_extract.json
2025-11-17 11:08:55,153 - automation_pipeline - INFO - Step 4.1: Generating Terraform files...
2025-11-17 11:08:55,176 - automation_pipeline - INFO - ================================================================================
2025-11-17 11:08:55,176 - automation_pipeline - INFO - DATA EXTRACTION VALIDATION RESULTS
2025-11-17 11:08:55,176 - automation_pipeline - INFO - ================================================================================
2025-11-17 11:08:55,176 - automation_pipeline - INFO - Extraction Quality: PARTIAL
2025-11-17 11:08:55,176 - automation_pipeline - INFO - Valid: False
2025-11-17 11:08:55,176 - automation_pipeline - ERROR - ERRORS FOUND (2):
2025-11-17 11:08:55,176 - automation_pipeline - ERROR -   [ERROR] Required field 'environment' is missing or empty
2025-11-17 11:08:55,176 - automation_pipeline - ERROR -   [ERROR] Required field 'service_now_ticket' is missing or empty
2025-11-17 11:08:55,176 - automation_pipeline - WARNING - WARNINGS (1):
2025-11-17 11:08:55,176 - automation_pipeline - WARNING -   [WARN] Only 1 VM(s) extracted - may be using fallback defaults
2025-11-17 11:08:55,176 - automation_pipeline - ERROR - Missing Required Fields: environment, service_now_ticket
2025-11-17 11:08:55,176 - automation_pipeline - ERROR - [FAIL] Data extraction incomplete - missing required fields
2025-11-17 11:08:55,176 - automation_pipeline - INFO - ================================================================================
2025-11-17 11:08:55,177 - automation_pipeline - INFO - Using EnhancedTerraformGeneratorV2 (full resource file generation)
2025-11-17 11:08:55,177 - automation_pipeline - INFO - Output directory: terraform_output/20251117_110855
2025-11-17 11:08:55,178 - automation_pipeline - INFO - Generated 18 Terraform files
2025-11-17 11:08:55,178 - automation_pipeline - INFO -   - m-basevm.tf (1,420 bytes)
2025-11-17 11:08:55,178 - automation_pipeline - INFO -   - r-rg.tf (269 bytes)
2025-11-17 11:08:55,178 - automation_pipeline - INFO -   - r-asg.tf (426 bytes)
2025-11-17 11:08:55,178 - automation_pipeline - INFO -   - r-snet.tf (348 bytes)
2025-11-17 11:08:55,178 - automation_pipeline - INFO -   - r-nsr.tf (1,552 bytes)
2025-11-17 11:08:55,178 - automation_pipeline - INFO -   - r-kvlt.tf (1,630 bytes)
2025-11-17 11:08:55,178 - automation_pipeline - INFO -   - r-umid.tf (686 bytes)
2025-11-17 11:08:55,178 - automation_pipeline - INFO -   - r-dsk.tf (1,036 bytes)
2025-11-17 11:08:55,178 - automation_pipeline - INFO -   - r-pe.tf (1,333 bytes)
2025-11-17 11:08:55,178 - automation_pipeline - INFO -   - variables.tf (14,331 bytes)
2025-11-17 11:08:55,178 - automation_pipeline - INFO -   - terraform.tfvars (3,897 bytes)
2025-11-17 11:08:55,178 - automation_pipeline - INFO -   - outputs.tf (91 bytes)
2025-11-17 11:08:55,178 - automation_pipeline - INFO -   - versions.tf (327 bytes)
2025-11-17 11:08:55,178 - automation_pipeline - INFO -   - data.tf (246 bytes)
2025-11-17 11:08:55,179 - automation_pipeline - INFO -   - locals.tf (231 bytes)
2025-11-17 11:08:55,179 - automation_pipeline - INFO -   - scripts/validate.sh (1,144 bytes)
2025-11-17 11:08:55,179 - automation_pipeline - INFO -   - README.md (1,657 bytes)
2025-11-17 11:08:55,179 - automation_pipeline - INFO -   - .gitignore (776 bytes)
2025-11-17 11:08:55,179 - automation_pipeline - INFO - SUCCESS: Terraform files generated in: terraform_output/20251117_110855
2025-11-17 11:08:55,179 - automation_pipeline - INFO - Step 5: Validating generated files...
2025-11-17 11:08:55,199 - automation_pipeline - INFO - SUCCESS: Output validation completed
2025-11-17 11:08:55,199 - automation_pipeline - INFO - Step 5a: Running Terraform validation...
2025-11-17 11:08:55,199 - automation_pipeline - INFO - Validating Terraform in: terraform_output/20251117_110855
2025-11-17 11:08:55,204 - automation_pipeline - WARNING - Terraform not available: [Errno 2] No such file or directory: 'terraform'
2025-11-17 11:08:55,204 - automation_pipeline - INFO - SUCCESS: Terraform validation completed
2025-11-17 11:08:55,204 - automation_pipeline - INFO - Step 6: Generating summary report...
2025-11-17 11:08:55,204 - automation_pipeline - INFO - SUCCESS: Summary report generated
2025-11-17 11:08:55,204 - automation_pipeline - INFO - Step 7: Cleaning up temporary files...
2025-11-17 11:08:55,204 - automation_pipeline - INFO - SUCCESS: Temporary files cleaned up
2025-11-17 11:08:55,204 - automation_pipeline - INFO - ================================================================================
2025-11-17 11:08:55,204 - automation_pipeline - INFO - AUTOMATION PIPELINE COMPLETED SUCCESSFULLY!
2025-11-17 11:08:55,204 - automation_pipeline - INFO - ================================================================================
2025-11-17 11:08:55,204 - automation_pipeline - INFO - Files processed: 1
2025-11-17 11:08:55,204 - automation_pipeline - INFO - Files generated: 19
2025-11-17 11:08:55,204 - automation_pipeline - INFO - Steps completed: 8
2025-11-17 11:08:55,204 - automation_pipeline - INFO - Duration: 0.00 seconds
2025-11-17 11:08:55,204 - automation_pipeline - INFO - Results saved to: automation_results_20251117_110855.json
2025-11-17 11:08:55,205 - automation_pipeline - INFO - SUCCESS: Automation completed successfully - notification sent
2025-11-17 11:09:25,359 - automation_pipeline - INFO - ================================================================================
2025-11-17 11:09:25,359 - automation_pipeline - INFO - EXCEL TO TERRAFORM AUTOMATION PIPELINE
2025-11-17 11:09:25,359 - automation_pipeline - INFO - ================================================================================
2025-11-17 11:09:25,359 - automation_pipeline - INFO - Started at: 2025-11-17 11:09:25.359194
2025-11-17 11:09:25,359 - automation_pipeline - INFO - Configuration: automation_config.json
2025-11-17 11:09:25,359 - automation_pipeline - INFO - Step 1: Validating inputs...
2025-11-17 11:09:25,359 - automation_pipeline - INFO - Found 1 Excel files in sourcefiles
2025-11-17 11:09:25,359 - automation_pipeline - INFO -   - LLDtest.xlsm
2025-11-17 11:09:25,359 - automation_pipeline - INFO - SUCCESS: Input validation completed
2025-11-17 11:09:25,360 - automation_pipeline - INFO - Found 1 Excel files in sourcefiles
2025-11-17 11:09:25,360 - automation_pipeline - INFO -   - LLDtest.xlsm
2025-11-17 11:09:25,360 - automation_pipeline - INFO - Processing 1 Excel file(s)
2025-11-17 11:09:25,360 - automation_pipeline - INFO - Step 2: Backing up previous outputs...
2025-11-17 11:09:25,360 - automation_pipeline - INFO - Previous outputs backed up to: backup_20251117_110925
2025-11-17 11:09:25,360 - automation_pipeline - INFO - SUCCESS: Previous outputs backed up
2025-11-17 11:09:25,360 - automation_pipeline - INFO - Processing file 1/1: LLDtest.xlsm
2025-11-17 11:09:25,360 - automation_pipeline - INFO - Step 3.1: Extracting Excel data to JSON...
2025-11-17 11:09:27,024 - automation_pipeline - INFO - JSON file created: LLDtest_comprehensive_extract.json (4,743,897 bytes)
2025-11-17 11:09:27,025 - automation_pipeline - INFO - SUCCESS: Excel data extracted to: LLDtest_comprehensive_extract.json
2025-11-17 11:09:27,025 - automation_pipeline - INFO - Step 4.1: Generating Terraform files...
2025-11-17 11:09:27,049 - automation_pipeline - INFO - ================================================================================
2025-11-17 11:09:27,049 - automation_pipeline - INFO - DATA EXTRACTION VALIDATION RESULTS
2025-11-17 11:09:27,049 - automation_pipeline - INFO - ================================================================================
2025-11-17 11:09:27,049 - automation_pipeline - INFO - Extraction Quality: GOOD
2025-11-17 11:09:27,049 - automation_pipeline - INFO - Valid: True
2025-11-17 11:09:27,049 - automation_pipeline - WARNING - WARNINGS (1):
2025-11-17 11:09:27,049 - automation_pipeline - WARNING -   [WARN] Only 1 VM(s) extracted - may be using fallback defaults
2025-11-17 11:09:27,049 - automation_pipeline - INFO - [PASS] Required data extracted with warnings
2025-11-17 11:09:27,049 - automation_pipeline - INFO - ================================================================================
2025-11-17 11:09:27,050 - automation_pipeline - INFO - Using EnhancedTerraformGeneratorV2 (full resource file generation)
2025-11-17 11:09:27,050 - automation_pipeline - INFO - Output directory: terraform_output/20251117_110927
2025-11-17 11:09:27,051 - automation_pipeline - INFO - Generated 18 Terraform files
2025-11-17 11:09:27,051 - automation_pipeline - INFO -   - m-basevm.tf (1,420 bytes)
2025-11-17 11:09:27,051 - automation_pipeline - INFO -   - r-rg.tf (269 bytes)
2025-11-17 11:09:27,051 - automation_pipeline - INFO -   - r-asg.tf (426 bytes)
2025-11-17 11:09:27,051 - automation_pipeline - INFO -   - r-snet.tf (348 bytes)
2025-11-17 11:09:27,051 - automation_pipeline - INFO -   - r-nsr.tf (1,552 bytes)
2025-11-17 11:09:27,052 - automation_pipeline - INFO -   - r-kvlt.tf (1,630 bytes)
2025-11-17 11:09:27,052 - automation_pipeline - INFO -   - r-umid.tf (686 bytes)
2025-11-17 11:09:27,052 - automation_pipeline - INFO -   - r-dsk.tf (1,036 bytes)
2025-11-17 11:09:27,052 - automation_pipeline - INFO -   - r-pe.tf (1,333 bytes)
2025-11-17 11:09:27,052 - automation_pipeline - INFO -   - variables.tf (14,331 bytes)
2025-11-17 11:09:27,052 - automation_pipeline - INFO -   - terraform.tfvars (3,911 bytes)
2025-11-17 11:09:27,052 - automation_pipeline - INFO -   - outputs.tf (91 bytes)
2025-11-17 11:09:27,052 - automation_pipeline - INFO -   - versions.tf (327 bytes)
2025-11-17 11:09:27,052 - automation_pipeline - INFO -   - data.tf (246 bytes)
2025-11-17 11:09:27,052 - automation_pipeline - INFO -   - locals.tf (231 bytes)
2025-11-17 11:09:27,052 - automation_pipeline - INFO -   - scripts/validate.sh (1,144 bytes)
2025-11-17 11:09:27,052 - automation_pipeline - INFO -   - README.md (1,657 bytes)
2025-11-17 11:09:27,052 - automation_pipeline - INFO -   - .gitignore (776 bytes)
2025-11-17 11:09:27,053 - automation_pipeline - INFO - SUCCESS: Terraform files generated in: terraform_output/20251117_110927
2025-11-17 11:09:27,053 - automation_pipeline - INFO - Step 5: Validating generated files...
2025-11-17 11:09:27,071 - automation_pipeline - INFO - SUCCESS: Output validation completed
2025-11-17 11:09:27,071 - automation_pipeline - INFO - Step 5a: Running Terraform validation...
2025-11-17 11:09:27,071 - automation_pipeline - INFO - Validating Terraform in: terraform_output/20251117_110927
2025-11-17 11:09:27,075 - automation_pipeline - WARNING - Terraform not available: [Errno 2] No such file or directory: 'terraform'
2025-11-17 11:09:27,075 - automation_pipeline - INFO - SUCCESS: Terraform validation completed
2025-11-17 11:09:27,075 - automation_pipeline - INFO - Step 6: Generating summary report...
2025-11-17 11:09:27,075 - automation_pipeline - INFO - SUCCESS: Summary report generated
2025-11-17 11:09:27,075 - automation_pipeline - INFO - Step 7: Cleaning up temporary files...
2025-11-17 11:09:27,075 - automation_pipeline - INFO - SUCCESS: Temporary files cleaned up
2025-11-17 11:09:27,075 - automation_pipeline - INFO - ================================================================================
2025-11-17 11:09:27,076 - automation_pipeline - INFO - AUTOMATION PIPELINE COMPLETED SUCCESSFULLY!
2025-11-17 11:09:27,076 - automation_pipeline - INFO - ================================================================================
2025-11-17 11:09:27,076 - automation_pipeline - INFO - Files processed: 1
2025-11-17 11:09:27,076 - automation_pipeline - INFO - Files generated: 19
2025-11-17 11:09:27,076 - automation_pipeline - INFO - Steps completed: 8
2025-11-17 11:09:27,076 - automation_pipeline - INFO - Duration: 0.00 seconds
2025-11-17 11:09:27,076 - automation_pipeline - INFO - Results saved to: automation_results_20251117_110927.json
2025-11-17 11:09:27,076 - automation_pipeline - INFO - SUCCESS: Automation completed successfully - notification sent
2025-11-17 11:17:40,344 - automation_pipeline - INFO - ================================================================================
2025-11-17 11:17:40,345 - automation_pipeline - INFO - EXCEL TO TERRAFORM AUTOMATION PIPELINE
2025-11-17 11:17:40,345 - automation_pipeline - INFO - ================================================================================
2025-11-17 11:17:40,345 - automation_pipeline - INFO - Started at: 2025-11-17 11:17:40.344818
2025-11-17 11:17:40,345 - automation_pipeline - INFO - Configuration: automation_config.json
2025-11-17 11:17:40,345 - automation_pipeline - INFO - Step 1: Validating inputs...
2025-11-17 11:17:40,345 - automation_pipeline - INFO - Found 1 Excel files in sourcefiles
2025-11-17 11:17:40,345 - automation_pipeline - INFO -   - LLDtest.xlsm
2025-11-17 11:17:40,346 - automation_pipeline - INFO - SUCCESS: Input validation completed
2025-11-17 11:17:40,346 - automation_pipeline - INFO - Found 1 Excel files in sourcefiles
2025-11-17 11:17:40,346 - automation_pipeline - INFO -   - LLDtest.xlsm
2025-11-17 11:17:40,346 - automation_pipeline - INFO - Processing 1 Excel file(s)
2025-11-17 11:17:40,346 - automation_pipeline - INFO - Step 2: Backing up previous outputs...
2025-11-17 11:17:40,346 - automation_pipeline - INFO - Previous outputs backed up to: backup_20251117_111740
2025-11-17 11:17:40,346 - automation_pipeline - INFO - SUCCESS: Previous outputs backed up
2025-11-17 11:17:40,346 - automation_pipeline - INFO - Processing file 1/1: LLDtest.xlsm
2025-11-17 11:17:40,346 - automation_pipeline - INFO - Step 3.1: Extracting Excel data to JSON...
2025-11-17 11:17:42,026 - automation_pipeline - INFO - JSON file created: LLDtest_comprehensive_extract.json (4,743,897 bytes)
2025-11-17 11:17:42,027 - automation_pipeline - INFO - SUCCESS: Excel data extracted to: LLDtest_comprehensive_extract.json
2025-11-17 11:17:42,027 - automation_pipeline - INFO - Step 4.1: Generating Terraform files...
2025-11-17 11:17:42,050 - automation_pipeline - INFO - ================================================================================
2025-11-17 11:17:42,050 - automation_pipeline - INFO - DATA EXTRACTION VALIDATION RESULTS
2025-11-17 11:17:42,050 - automation_pipeline - INFO - ================================================================================
2025-11-17 11:17:42,050 - automation_pipeline - INFO - Extraction Quality: GOOD
2025-11-17 11:17:42,050 - automation_pipeline - INFO - Valid: True
2025-11-17 11:17:42,050 - automation_pipeline - WARNING - WARNINGS (1):
2025-11-17 11:17:42,050 - automation_pipeline - WARNING -   [WARN] Only 1 VM(s) extracted - may be using fallback defaults
2025-11-17 11:17:42,050 - automation_pipeline - INFO - [PASS] Required data extracted with warnings
2025-11-17 11:17:42,050 - automation_pipeline - INFO - ================================================================================
2025-11-17 11:17:42,051 - automation_pipeline - INFO - Using EnhancedTerraformGeneratorV2 (full resource file generation)
2025-11-17 11:17:42,051 - automation_pipeline - INFO - Output directory: terraform_output/20251117_111742
2025-11-17 11:17:42,053 - automation_pipeline - INFO - Generated 18 Terraform files
2025-11-17 11:17:42,053 - automation_pipeline - INFO -   - m-basevm.tf (1,420 bytes)
2025-11-17 11:17:42,053 - automation_pipeline - INFO -   - r-rg.tf (269 bytes)
2025-11-17 11:17:42,053 - automation_pipeline - INFO -   - r-asg.tf (426 bytes)
2025-11-17 11:17:42,053 - automation_pipeline - INFO -   - r-snet.tf (348 bytes)
2025-11-17 11:17:42,053 - automation_pipeline - INFO -   - r-nsr.tf (1,552 bytes)
2025-11-17 11:17:42,053 - automation_pipeline - INFO -   - r-kvlt.tf (1,630 bytes)
2025-11-17 11:17:42,053 - automation_pipeline - INFO -   - r-umid.tf (686 bytes)
2025-11-17 11:17:42,053 - automation_pipeline - INFO -   - r-dsk.tf (1,036 bytes)
2025-11-17 11:17:42,053 - automation_pipeline - INFO -   - r-pe.tf (1,333 bytes)
2025-11-17 11:17:42,053 - automation_pipeline - INFO -   - variables.tf (14,331 bytes)
2025-11-17 11:17:42,053 - automation_pipeline - INFO -   - terraform.tfvars (3,911 bytes)
2025-11-17 11:17:42,053 - automation_pipeline - INFO -   - outputs.tf (91 bytes)
2025-11-17 11:17:42,053 - automation_pipeline - INFO -   - versions.tf (327 bytes)
2025-11-17 11:17:42,053 - automation_pipeline - INFO -   - data.tf (246 bytes)
2025-11-17 11:17:42,053 - automation_pipeline - INFO -   - locals.tf (231 bytes)
2025-11-17 11:17:42,053 - automation_pipeline - INFO -   - scripts/validate.sh (1,144 bytes)
2025-11-17 11:17:42,053 - automation_pipeline - INFO -   - README.md (1,657 bytes)
2025-11-17 11:17:42,053 - automation_pipeline - INFO -   - .gitignore (776 bytes)
2025-11-17 11:17:42,054 - automation_pipeline - INFO - SUCCESS: Terraform files generated in: terraform_output/20251117_111742
2025-11-17 11:17:42,054 - automation_pipeline - INFO - Step 5: Validating generated files...
2025-11-17 11:17:42,073 - automation_pipeline - INFO - SUCCESS: Output validation completed
2025-11-17 11:17:42,073 - automation_pipeline - INFO - Step 5a: Running Terraform validation...
2025-11-17 11:17:42,073 - automation_pipeline - INFO - Validating Terraform in: terraform_output/20251117_111742
2025-11-17 11:17:42,077 - automation_pipeline - WARNING - Terraform not available: [Errno 2] No such file or directory: 'terraform'
2025-11-17 11:17:42,078 - automation_pipeline - INFO - SUCCESS: Terraform validation completed
2025-11-17 11:17:42,078 - automation_pipeline - INFO - Step 6: Generating summary report...
2025-11-17 11:17:42,078 - automation_pipeline - INFO - SUCCESS: Summary report generated
2025-11-17 11:17:42,078 - automation_pipeline - INFO - Step 7: Cleaning up temporary files...
2025-11-17 11:17:42,078 - automation_pipeline - INFO - SUCCESS: Temporary files cleaned up
2025-11-17 11:17:42,078 - automation_pipeline - INFO - ================================================================================
2025-11-17 11:17:42,078 - automation_pipeline - INFO - AUTOMATION PIPELINE COMPLETED SUCCESSFULLY!
2025-11-17 11:17:42,078 - automation_pipeline - INFO - ================================================================================
2025-11-17 11:17:42,078 - automation_pipeline - INFO - Files processed: 1
2025-11-17 11:17:42,078 - automation_pipeline - INFO - Files generated: 19
2025-11-17 11:17:42,078 - automation_pipeline - INFO - Steps completed: 8
2025-11-17 11:17:42,078 - automation_pipeline - INFO - Duration: 0.00 seconds
2025-11-17 11:17:42,079 - automation_pipeline - INFO - Results saved to: automation_results_20251117_111742.json
2025-11-17 11:17:42,079 - automation_pipeline - INFO - SUCCESS: Automation completed successfully - notification sent
2025-11-17 11:26:10,058 - automation_pipeline - INFO - ================================================================================
2025-11-17 11:26:10,058 - automation_pipeline - INFO - EXCEL TO TERRAFORM AUTOMATION PIPELINE
2025-11-17 11:26:10,058 - automation_pipeline - INFO - ================================================================================
2025-11-17 11:26:10,058 - automation_pipeline - INFO - Started at: 2025-11-17 11:26:10.058046
2025-11-17 11:26:10,058 - automation_pipeline - INFO - Configuration: automation_config.json
2025-11-17 11:26:10,058 - automation_pipeline - INFO - Step 1: Validating inputs...
2025-11-17 11:26:10,058 - automation_pipeline - INFO - Found 1 Excel files in sourcefiles
2025-11-17 11:26:10,058 - automation_pipeline - INFO -   - LLDtest.xlsm
2025-11-17 11:26:10,058 - automation_pipeline - INFO - SUCCESS: Input validation completed
2025-11-17 11:26:10,058 - automation_pipeline - INFO - Found 1 Excel files in sourcefiles
2025-11-17 11:26:10,058 - automation_pipeline - INFO -   - LLDtest.xlsm
2025-11-17 11:26:10,058 - automation_pipeline - INFO - Processing 1 Excel file(s)
2025-11-17 11:26:10,058 - automation_pipeline - INFO - Step 2: Backing up previous outputs...
2025-11-17 11:26:10,059 - automation_pipeline - INFO - Previous outputs backed up to: backup_20251117_112610
2025-11-17 11:26:10,059 - automation_pipeline - INFO - SUCCESS: Previous outputs backed up
2025-11-17 11:26:10,059 - automation_pipeline - INFO - Processing file 1/1: LLDtest.xlsm
2025-11-17 11:26:10,059 - automation_pipeline - INFO - Step 3.1: Extracting Excel data to JSON...
2025-11-17 11:26:11,755 - automation_pipeline - INFO - JSON file created: LLDtest_comprehensive_extract.json (4,743,897 bytes)
2025-11-17 11:26:11,756 - automation_pipeline - INFO - SUCCESS: Excel data extracted to: LLDtest_comprehensive_extract.json
2025-11-17 11:26:11,756 - automation_pipeline - INFO - Step 4.1: Generating Terraform files...
2025-11-17 11:26:11,780 - automation_pipeline - INFO - ================================================================================
2025-11-17 11:26:11,780 - automation_pipeline - INFO - DATA EXTRACTION VALIDATION RESULTS
2025-11-17 11:26:11,780 - automation_pipeline - INFO - ================================================================================
2025-11-17 11:26:11,780 - automation_pipeline - INFO - Extraction Quality: GOOD
2025-11-17 11:26:11,780 - automation_pipeline - INFO - Valid: True
2025-11-17 11:26:11,780 - automation_pipeline - WARNING - WARNINGS (1):
2025-11-17 11:26:11,780 - automation_pipeline - WARNING -   [WARN] Only 1 VM(s) extracted - may be using fallback defaults
2025-11-17 11:26:11,780 - automation_pipeline - INFO - [PASS] Required data extracted with warnings
2025-11-17 11:26:11,780 - automation_pipeline - INFO - ================================================================================
2025-11-17 11:26:11,780 - automation_pipeline - INFO - Using EnhancedTerraformGeneratorV2 (full resource file generation)
2025-11-17 11:26:11,780 - automation_pipeline - INFO - Output directory: terraform_output/20251117_112611
2025-11-17 11:26:11,782 - automation_pipeline - INFO - Generated 18 Terraform files
2025-11-17 11:26:11,782 - automation_pipeline - INFO -   - m-basevm.tf (1,420 bytes)
2025-11-17 11:26:11,782 - automation_pipeline - INFO -   - r-rg.tf (269 bytes)
2025-11-17 11:26:11,782 - automation_pipeline - INFO -   - r-asg.tf (426 bytes)
2025-11-17 11:26:11,782 - automation_pipeline - INFO -   - r-snet.tf (348 bytes)
2025-11-17 11:26:11,782 - automation_pipeline - INFO -   - r-nsr.tf (1,552 bytes)
2025-11-17 11:26:11,782 - automation_pipeline - INFO -   - r-kvlt.tf (1,630 bytes)
2025-11-17 11:26:11,782 - automation_pipeline - INFO -   - r-umid.tf (686 bytes)
2025-11-17 11:26:11,782 - automation_pipeline - INFO -   - r-dsk.tf (1,036 bytes)
2025-11-17 11:26:11,782 - automation_pipeline - INFO -   - r-pe.tf (1,333 bytes)
2025-11-17 11:26:11,782 - automation_pipeline - INFO -   - variables.tf (14,331 bytes)
2025-11-17 11:26:11,782 - automation_pipeline - INFO -   - terraform.tfvars (5,025 bytes)
2025-11-17 11:26:11,782 - automation_pipeline - INFO -   - outputs.tf (91 bytes)
2025-11-17 11:26:11,783 - automation_pipeline - INFO -   - versions.tf (327 bytes)
2025-11-17 11:26:11,783 - automation_pipeline - INFO -   - data.tf (246 bytes)
2025-11-17 11:26:11,783 - automation_pipeline - INFO -   - locals.tf (231 bytes)
2025-11-17 11:26:11,783 - automation_pipeline - INFO -   - scripts/validate.sh (1,144 bytes)
2025-11-17 11:26:11,783 - automation_pipeline - INFO -   - README.md (1,657 bytes)
2025-11-17 11:26:11,783 - automation_pipeline - INFO -   - .gitignore (776 bytes)
2025-11-17 11:26:11,783 - automation_pipeline - INFO - SUCCESS: Terraform files generated in: terraform_output/20251117_112611
2025-11-17 11:26:11,783 - automation_pipeline - INFO - Step 5: Validating generated files...
2025-11-17 11:26:11,803 - automation_pipeline - INFO - SUCCESS: Output validation completed
2025-11-17 11:26:11,803 - automation_pipeline - INFO - Step 5a: Running Terraform validation...
2025-11-17 11:26:11,803 - automation_pipeline - INFO - Validating Terraform in: terraform_output/20251117_112611
2025-11-17 11:26:11,813 - automation_pipeline - WARNING - Terraform not available: [Errno 2] No such file or directory: 'terraform'
2025-11-17 11:26:11,814 - automation_pipeline - INFO - SUCCESS: Terraform validation completed
2025-11-17 11:26:11,814 - automation_pipeline - INFO - Step 6: Generating summary report...
2025-11-17 11:26:11,814 - automation_pipeline - INFO - SUCCESS: Summary report generated
2025-11-17 11:26:11,814 - automation_pipeline - INFO - Step 7: Cleaning up temporary files...
2025-11-17 11:26:11,814 - automation_pipeline - INFO - SUCCESS: Temporary files cleaned up
2025-11-17 11:26:11,814 - automation_pipeline - INFO - ================================================================================
2025-11-17 11:26:11,814 - automation_pipeline - INFO - AUTOMATION PIPELINE COMPLETED SUCCESSFULLY!
2025-11-17 11:26:11,814 - automation_pipeline - INFO - ================================================================================
2025-11-17 11:26:11,814 - automation_pipeline - INFO - Files processed: 1
2025-11-17 11:26:11,814 - automation_pipeline - INFO - Files generated: 19
2025-11-17 11:26:11,814 - automation_pipeline - INFO - Steps completed: 8
2025-11-17 11:26:11,814 - automation_pipeline - INFO - Duration: 0.00 seconds
2025-11-17 11:26:11,814 - automation_pipeline - INFO - Results saved to: automation_results_20251117_112611.json
2025-11-17 11:26:11,814 - automation_pipeline - INFO - SUCCESS: Automation completed successfully - notification sent
2025-11-17 11:26:48,895 - automation_pipeline - INFO - ================================================================================
2025-11-17 11:26:48,895 - automation_pipeline - INFO - EXCEL TO TERRAFORM AUTOMATION PIPELINE
2025-11-17 11:26:48,895 - automation_pipeline - INFO - ================================================================================
2025-11-17 11:26:48,895 - automation_pipeline - INFO - Started at: 2025-11-17 11:26:48.895269
2025-11-17 11:26:48,895 - automation_pipeline - INFO - Configuration: automation_config.json
2025-11-17 11:26:48,895 - automation_pipeline - INFO - Step 1: Validating inputs...
2025-11-17 11:26:48,895 - automation_pipeline - INFO - Found 1 Excel files in sourcefiles
2025-11-17 11:26:48,895 - automation_pipeline - INFO -   - LLDtest.xlsm
2025-11-17 11:26:48,896 - automation_pipeline - INFO - SUCCESS: Input validation completed
2025-11-17 11:26:48,896 - automation_pipeline - INFO - Found 1 Excel files in sourcefiles
2025-11-17 11:26:48,896 - automation_pipeline - INFO -   - LLDtest.xlsm
2025-11-17 11:26:48,896 - automation_pipeline - INFO - Processing 1 Excel file(s)
2025-11-17 11:26:48,896 - automation_pipeline - INFO - Step 2: Backing up previous outputs...
2025-11-17 11:26:48,896 - automation_pipeline - INFO - Previous outputs backed up to: backup_20251117_112648
2025-11-17 11:26:48,896 - automation_pipeline - INFO - SUCCESS: Previous outputs backed up
2025-11-17 11:26:48,896 - automation_pipeline - INFO - Processing file 1/1: LLDtest.xlsm
2025-11-17 11:26:48,896 - automation_pipeline - INFO - Step 3.1: Extracting Excel data to JSON...
2025-11-17 11:26:50,560 - automation_pipeline - INFO - JSON file created: LLDtest_comprehensive_extract.json (4,743,897 bytes)
2025-11-17 11:26:50,561 - automation_pipeline - INFO - SUCCESS: Excel data extracted to: LLDtest_comprehensive_extract.json
2025-11-17 11:26:50,561 - automation_pipeline - INFO - Step 4.1: Generating Terraform files...
2025-11-17 11:26:50,585 - automation_pipeline - INFO - ================================================================================
2025-11-17 11:26:50,585 - automation_pipeline - INFO - DATA EXTRACTION VALIDATION RESULTS
2025-11-17 11:26:50,585 - automation_pipeline - INFO - ================================================================================
2025-11-17 11:26:50,585 - automation_pipeline - INFO - Extraction Quality: GOOD
2025-11-17 11:26:50,585 - automation_pipeline - INFO - Valid: True
2025-11-17 11:26:50,585 - automation_pipeline - WARNING - WARNINGS (1):
2025-11-17 11:26:50,585 - automation_pipeline - WARNING -   [WARN] Only 1 VM(s) extracted - may be using fallback defaults
2025-11-17 11:26:50,585 - automation_pipeline - INFO - [PASS] Required data extracted with warnings
2025-11-17 11:26:50,585 - automation_pipeline - INFO - ================================================================================
2025-11-17 11:26:50,585 - automation_pipeline - INFO - Using EnhancedTerraformGeneratorV2 (full resource file generation)
2025-11-17 11:26:50,585 - automation_pipeline - INFO - Output directory: terraform_output/20251117_112650
2025-11-17 11:26:50,587 - automation_pipeline - INFO - Generated 18 Terraform files
2025-11-17 11:26:50,587 - automation_pipeline - INFO -   - m-basevm.tf (1,420 bytes)
2025-11-17 11:26:50,587 - automation_pipeline - INFO -   - r-rg.tf (269 bytes)
2025-11-17 11:26:50,587 - automation_pipeline - INFO -   - r-asg.tf (426 bytes)
2025-11-17 11:26:50,587 - automation_pipeline - INFO -   - r-snet.tf (348 bytes)
2025-11-17 11:26:50,587 - automation_pipeline - INFO -   - r-nsr.tf (1,552 bytes)
2025-11-17 11:26:50,587 - automation_pipeline - INFO -   - r-kvlt.tf (1,630 bytes)
2025-11-17 11:26:50,587 - automation_pipeline - INFO -   - r-umid.tf (686 bytes)
2025-11-17 11:26:50,587 - automation_pipeline - INFO -   - r-dsk.tf (1,036 bytes)
2025-11-17 11:26:50,587 - automation_pipeline - INFO -   - r-pe.tf (1,333 bytes)
2025-11-17 11:26:50,587 - automation_pipeline - INFO -   - variables.tf (14,331 bytes)
2025-11-17 11:26:50,587 - automation_pipeline - INFO -   - terraform.tfvars (5,025 bytes)
2025-11-17 11:26:50,587 - automation_pipeline - INFO -   - outputs.tf (91 bytes)
2025-11-17 11:26:50,587 - automation_pipeline - INFO -   - versions.tf (327 bytes)
2025-11-17 11:26:50,588 - automation_pipeline - INFO -   - data.tf (246 bytes)
2025-11-17 11:26:50,588 - automation_pipeline - INFO -   - locals.tf (231 bytes)
2025-11-17 11:26:50,588 - automation_pipeline - INFO -   - scripts/validate.sh (1,144 bytes)
2025-11-17 11:26:50,588 - automation_pipeline - INFO -   - README.md (1,657 bytes)
2025-11-17 11:26:50,588 - automation_pipeline - INFO -   - .gitignore (776 bytes)
2025-11-17 11:26:50,588 - automation_pipeline - INFO - SUCCESS: Terraform files generated in: terraform_output/20251117_112650
2025-11-17 11:26:50,588 - automation_pipeline - INFO - Step 5: Validating generated files...
2025-11-17 11:26:50,608 - automation_pipeline - INFO - SUCCESS: Output validation completed
2025-11-17 11:26:50,608 - automation_pipeline - INFO - Step 5a: Running Terraform validation...
2025-11-17 11:26:50,608 - automation_pipeline - INFO - Validating Terraform in: terraform_output/20251117_112650
2025-11-17 11:26:50,613 - automation_pipeline - WARNING - Terraform not available: [Errno 2] No such file or directory: 'terraform'
2025-11-17 11:26:50,614 - automation_pipeline - INFO - SUCCESS: Terraform validation completed
2025-11-17 11:26:50,614 - automation_pipeline - INFO - Step 6: Generating summary report...
2025-11-17 11:26:50,614 - automation_pipeline - INFO - SUCCESS: Summary report generated
2025-11-17 11:26:50,614 - automation_pipeline - INFO - Step 7: Cleaning up temporary files...
2025-11-17 11:26:50,614 - automation_pipeline - INFO - SUCCESS: Temporary files cleaned up
2025-11-17 11:26:50,614 - automation_pipeline - INFO - ================================================================================
2025-11-17 11:26:50,615 - automation_pipeline - INFO - AUTOMATION PIPELINE COMPLETED SUCCESSFULLY!
2025-11-17 11:26:50,615 - automation_pipeline - INFO - ================================================================================
2025-11-17 11:26:50,615 - automation_pipeline - INFO - Files processed: 1
2025-11-17 11:26:50,615 - automation_pipeline - INFO - Files generated: 19
2025-11-17 11:26:50,615 - automation_pipeline - INFO - Steps completed: 8
2025-11-17 11:26:50,615 - automation_pipeline - INFO - Duration: 0.00 seconds
2025-11-17 11:26:50,615 - automation_pipeline - INFO - Results saved to: automation_results_20251117_112650.json
2025-11-17 11:26:50,615 - automation_pipeline - INFO - SUCCESS: Automation completed successfully - notification sent
2025-11-17 11:35:39,342 - automation_pipeline - INFO - ================================================================================
2025-11-17 11:35:39,342 - automation_pipeline - INFO - EXCEL TO TERRAFORM AUTOMATION PIPELINE
2025-11-17 11:35:39,342 - automation_pipeline - INFO - ================================================================================
2025-11-17 11:35:39,342 - automation_pipeline - INFO - Started at: 2025-11-17 11:35:39.342089
2025-11-17 11:35:39,342 - automation_pipeline - INFO - Configuration: automation_config.json
2025-11-17 11:35:39,342 - automation_pipeline - INFO - Step 1: Validating inputs...
2025-11-17 11:35:39,342 - automation_pipeline - INFO - Found 1 Excel files in sourcefiles
2025-11-17 11:35:39,342 - automation_pipeline - INFO -   - LLDtest.xlsm
2025-11-17 11:35:39,343 - automation_pipeline - INFO - SUCCESS: Input validation completed
2025-11-17 11:35:39,343 - automation_pipeline - INFO - Found 1 Excel files in sourcefiles
2025-11-17 11:35:39,343 - automation_pipeline - INFO -   - LLDtest.xlsm
2025-11-17 11:35:39,343 - automation_pipeline - INFO - Processing 1 Excel file(s)
2025-11-17 11:35:39,343 - automation_pipeline - INFO - Step 2: Backing up previous outputs...
2025-11-17 11:35:39,343 - automation_pipeline - INFO - Previous outputs backed up to: backup_20251117_113539
2025-11-17 11:35:39,343 - automation_pipeline - INFO - SUCCESS: Previous outputs backed up
2025-11-17 11:35:39,343 - automation_pipeline - INFO - Processing file 1/1: LLDtest.xlsm
2025-11-17 11:35:39,343 - automation_pipeline - INFO - Step 3.1: Extracting Excel data to JSON...
2025-11-17 11:35:41,125 - automation_pipeline - INFO - JSON file created: LLDtest_comprehensive_extract.json (4,743,897 bytes)
2025-11-17 11:35:41,126 - automation_pipeline - INFO - SUCCESS: Excel data extracted to: LLDtest_comprehensive_extract.json
2025-11-17 11:35:41,126 - automation_pipeline - INFO - Step 4.1: Generating Terraform files...
2025-11-17 11:35:41,149 - automation_pipeline - INFO - ================================================================================
2025-11-17 11:35:41,149 - automation_pipeline - INFO - DATA EXTRACTION VALIDATION RESULTS
2025-11-17 11:35:41,150 - automation_pipeline - INFO - ================================================================================
2025-11-17 11:35:41,150 - automation_pipeline - INFO - Extraction Quality: GOOD
2025-11-17 11:35:41,150 - automation_pipeline - INFO - Valid: True
2025-11-17 11:35:41,150 - automation_pipeline - WARNING - WARNINGS (1):
2025-11-17 11:35:41,150 - automation_pipeline - WARNING -   [WARN] Only 1 VM(s) extracted - may be using fallback defaults
2025-11-17 11:35:41,150 - automation_pipeline - INFO - [PASS] Required data extracted with warnings
2025-11-17 11:35:41,150 - automation_pipeline - INFO - ================================================================================
2025-11-17 11:35:41,150 - automation_pipeline - INFO - Using EnhancedTerraformGeneratorV2 (full resource file generation)
2025-11-17 11:35:41,150 - automation_pipeline - INFO - Output directory: terraform_output/20251117_113541
2025-11-17 11:35:41,152 - automation_pipeline - INFO - Generated 18 Terraform files
2025-11-17 11:35:41,152 - automation_pipeline - INFO -   - m-basevm.tf (1,420 bytes)
2025-11-17 11:35:41,152 - automation_pipeline - INFO -   - r-rg.tf (269 bytes)
2025-11-17 11:35:41,152 - automation_pipeline - INFO -   - r-asg.tf (426 bytes)
2025-11-17 11:35:41,152 - automation_pipeline - INFO -   - r-snet.tf (348 bytes)
2025-11-17 11:35:41,152 - automation_pipeline - INFO -   - r-nsr.tf (1,552 bytes)
2025-11-17 11:35:41,152 - automation_pipeline - INFO -   - r-kvlt.tf (1,630 bytes)
2025-11-17 11:35:41,152 - automation_pipeline - INFO -   - r-umid.tf (686 bytes)
2025-11-17 11:35:41,152 - automation_pipeline - INFO -   - r-dsk.tf (1,036 bytes)
2025-11-17 11:35:41,152 - automation_pipeline - INFO -   - r-pe.tf (1,333 bytes)
2025-11-17 11:35:41,152 - automation_pipeline - INFO -   - variables.tf (14,331 bytes)
2025-11-17 11:35:41,152 - automation_pipeline - INFO -   - terraform.tfvars (5,025 bytes)
2025-11-17 11:35:41,152 - automation_pipeline - INFO -   - outputs.tf (91 bytes)
2025-11-17 11:35:41,152 - automation_pipeline - INFO -   - versions.tf (327 bytes)
2025-11-17 11:35:41,152 - automation_pipeline - INFO -   - data.tf (246 bytes)
2025-11-17 11:35:41,152 - automation_pipeline - INFO -   - locals.tf (231 bytes)
2025-11-17 11:35:41,152 - automation_pipeline - INFO -   - scripts/validate.sh (1,144 bytes)
2025-11-17 11:35:41,152 - automation_pipeline - INFO -   - README.md (1,657 bytes)
2025-11-17 11:35:41,152 - automation_pipeline - INFO -   - .gitignore (776 bytes)
2025-11-17 11:35:41,153 - automation_pipeline - INFO - SUCCESS: Terraform files generated in: terraform_output/20251117_113541
2025-11-17 11:35:41,153 - automation_pipeline - INFO - Step 5: Validating generated files...
2025-11-17 11:35:41,171 - automation_pipeline - INFO - SUCCESS: Output validation completed
2025-11-17 11:35:41,172 - automation_pipeline - INFO - Step 5a: Running Terraform validation...
2025-11-17 11:35:41,172 - automation_pipeline - INFO - Validating Terraform in: terraform_output/20251117_113541
2025-11-17 11:35:41,176 - automation_pipeline - WARNING - Terraform not available: [Errno 2] No such file or directory: 'terraform'
2025-11-17 11:35:41,176 - automation_pipeline - INFO - SUCCESS: Terraform validation completed
2025-11-17 11:35:41,176 - automation_pipeline - INFO - Step 6: Generating summary report...
2025-11-17 11:35:41,176 - automation_pipeline - INFO - SUCCESS: Summary report generated
2025-11-17 11:35:41,176 - automation_pipeline - INFO - Step 7: Cleaning up temporary files...
2025-11-17 11:35:41,176 - automation_pipeline - INFO - SUCCESS: Temporary files cleaned up
2025-11-17 11:35:41,176 - automation_pipeline - INFO - ================================================================================
2025-11-17 11:35:41,176 - automation_pipeline - INFO - AUTOMATION PIPELINE COMPLETED SUCCESSFULLY!
2025-11-17 11:35:41,176 - automation_pipeline - INFO - ================================================================================
2025-11-17 11:35:41,176 - automation_pipeline - INFO - Files processed: 1
2025-11-17 11:35:41,176 - automation_pipeline - INFO - Files generated: 19
2025-11-17 11:35:41,176 - automation_pipeline - INFO - Steps completed: 8
2025-11-17 11:35:41,176 - automation_pipeline - INFO - Duration: 0.00 seconds
2025-11-17 11:35:41,176 - automation_pipeline - INFO - Results saved to: automation_results_20251117_113541.json
2025-11-17 11:35:41,176 - automation_pipeline - INFO - SUCCESS: Automation completed successfully - notification sent
2025-11-17 11:35:47,396 - automation_pipeline - INFO - ================================================================================
2025-11-17 11:35:47,396 - automation_pipeline - INFO - EXCEL TO TERRAFORM AUTOMATION PIPELINE
2025-11-17 11:35:47,396 - automation_pipeline - INFO - ================================================================================
2025-11-17 11:35:47,396 - automation_pipeline - INFO - Started at: 2025-11-17 11:35:47.396109
2025-11-17 11:35:47,396 - automation_pipeline - INFO - Configuration: automation_config.json
2025-11-17 11:35:47,396 - automation_pipeline - INFO - Step 1: Validating inputs...
2025-11-17 11:35:47,396 - automation_pipeline - INFO - Found 1 Excel files in sourcefiles
2025-11-17 11:35:47,396 - automation_pipeline - INFO -   - LLDtest.xlsm
2025-11-17 11:35:47,396 - automation_pipeline - INFO - SUCCESS: Input validation completed
2025-11-17 11:35:47,396 - automation_pipeline - INFO - Found 1 Excel files in sourcefiles
2025-11-17 11:35:47,396 - automation_pipeline - INFO -   - LLDtest.xlsm
2025-11-17 11:35:47,396 - automation_pipeline - INFO - Processing 1 Excel file(s)
2025-11-17 11:35:47,396 - automation_pipeline - INFO - Step 2: Backing up previous outputs...
2025-11-17 11:35:47,397 - automation_pipeline - INFO - Previous outputs backed up to: backup_20251117_113547
2025-11-17 11:35:47,397 - automation_pipeline - INFO - SUCCESS: Previous outputs backed up
2025-11-17 11:35:47,397 - automation_pipeline - INFO - Processing file 1/1: LLDtest.xlsm
2025-11-17 11:35:47,397 - automation_pipeline - INFO - Step 3.1: Extracting Excel data to JSON...
2025-11-17 11:35:49,054 - automation_pipeline - INFO - JSON file created: LLDtest_comprehensive_extract.json (4,743,897 bytes)
2025-11-17 11:35:49,055 - automation_pipeline - INFO - SUCCESS: Excel data extracted to: LLDtest_comprehensive_extract.json
2025-11-17 11:35:49,055 - automation_pipeline - INFO - Step 4.1: Generating Terraform files...
2025-11-17 11:35:49,078 - automation_pipeline - INFO - ================================================================================
2025-11-17 11:35:49,078 - automation_pipeline - INFO - DATA EXTRACTION VALIDATION RESULTS
2025-11-17 11:35:49,078 - automation_pipeline - INFO - ================================================================================
2025-11-17 11:35:49,078 - automation_pipeline - INFO - Extraction Quality: GOOD
2025-11-17 11:35:49,078 - automation_pipeline - INFO - Valid: True
2025-11-17 11:35:49,078 - automation_pipeline - WARNING - WARNINGS (1):
2025-11-17 11:35:49,078 - automation_pipeline - WARNING -   [WARN] Only 1 VM(s) extracted - may be using fallback defaults
2025-11-17 11:35:49,078 - automation_pipeline - INFO - [PASS] Required data extracted with warnings
2025-11-17 11:35:49,078 - automation_pipeline - INFO - ================================================================================
2025-11-17 11:35:49,079 - automation_pipeline - INFO - Using EnhancedTerraformGeneratorV2 (full resource file generation)
2025-11-17 11:35:49,079 - automation_pipeline - INFO - Output directory: terraform_output/20251117_113549
2025-11-17 11:35:49,081 - automation_pipeline - INFO - Generated 18 Terraform files
2025-11-17 11:35:49,081 - automation_pipeline - INFO -   - m-basevm.tf (1,420 bytes)
2025-11-17 11:35:49,081 - automation_pipeline - INFO -   - r-rg.tf (269 bytes)
2025-11-17 11:35:49,081 - automation_pipeline - INFO -   - r-asg.tf (426 bytes)
2025-11-17 11:35:49,081 - automation_pipeline - INFO -   - r-snet.tf (348 bytes)
2025-11-17 11:35:49,081 - automation_pipeline - INFO -   - r-nsr.tf (1,552 bytes)
2025-11-17 11:35:49,081 - automation_pipeline - INFO -   - r-kvlt.tf (1,630 bytes)
2025-11-17 11:35:49,081 - automation_pipeline - INFO -   - r-umid.tf (686 bytes)
2025-11-17 11:35:49,081 - automation_pipeline - INFO -   - r-dsk.tf (1,036 bytes)
2025-11-17 11:35:49,081 - automation_pipeline - INFO -   - r-pe.tf (1,333 bytes)
2025-11-17 11:35:49,081 - automation_pipeline - INFO -   - variables.tf (14,331 bytes)
2025-11-17 11:35:49,081 - automation_pipeline - INFO -   - terraform.tfvars (5,025 bytes)
2025-11-17 11:35:49,081 - automation_pipeline - INFO -   - outputs.tf (91 bytes)
2025-11-17 11:35:49,081 - automation_pipeline - INFO -   - versions.tf (327 bytes)
2025-11-17 11:35:49,081 - automation_pipeline - INFO -   - data.tf (246 bytes)
2025-11-17 11:35:49,081 - automation_pipeline - INFO -   - locals.tf (231 bytes)
2025-11-17 11:35:49,081 - automation_pipeline - INFO -   - scripts/validate.sh (1,144 bytes)
2025-11-17 11:35:49,081 - automation_pipeline - INFO -   - README.md (1,657 bytes)
2025-11-17 11:35:49,081 - automation_pipeline - INFO -   - .gitignore (776 bytes)
2025-11-17 11:35:49,082 - automation_pipeline - INFO - SUCCESS: Terraform files generated in: terraform_output/20251117_113549
2025-11-17 11:35:49,082 - automation_pipeline - INFO - Step 5: Validating generated files...
2025-11-17 11:35:49,103 - automation_pipeline - INFO - SUCCESS: Output validation completed
2025-11-17 11:35:49,103 - automation_pipeline - INFO - Step 5a: Running Terraform validation...
2025-11-17 11:35:49,103 - automation_pipeline - INFO - Validating Terraform in: terraform_output/20251117_113549
2025-11-17 11:35:49,107 - automation_pipeline - WARNING - Terraform not available: [Errno 2] No such file or directory: 'terraform'
2025-11-17 11:35:49,107 - automation_pipeline - INFO - SUCCESS: Terraform validation completed
2025-11-17 11:35:49,107 - automation_pipeline - INFO - Step 6: Generating summary report...
2025-11-17 11:35:49,107 - automation_pipeline - INFO - SUCCESS: Summary report generated
2025-11-17 11:35:49,107 - automation_pipeline - INFO - Step 7: Cleaning up temporary files...
2025-11-17 11:35:49,107 - automation_pipeline - INFO - SUCCESS: Temporary files cleaned up
2025-11-17 11:35:49,107 - automation_pipeline - INFO - ================================================================================
2025-11-17 11:35:49,107 - automation_pipeline - INFO - AUTOMATION PIPELINE COMPLETED SUCCESSFULLY!
2025-11-17 11:35:49,107 - automation_pipeline - INFO - ================================================================================
2025-11-17 11:35:49,107 - automation_pipeline - INFO - Files processed: 1
2025-11-17 11:35:49,107 - automation_pipeline - INFO - Files generated: 19
2025-11-17 11:35:49,107 - automation_pipeline - INFO - Steps completed: 8
2025-11-17 11:35:49,107 - automation_pipeline - INFO - Duration: 0.00 seconds
2025-11-17 11:35:49,108 - automation_pipeline - INFO - Results saved to: automation_results_20251117_113549.json
2025-11-17 11:35:49,108 - automation_pipeline - INFO - SUCCESS: Automation completed successfully - notification sent
2025-11-17 11:36:02,120 - automation_pipeline - INFO - ================================================================================
2025-11-17 11:36:02,121 - automation_pipeline - INFO - EXCEL TO TERRAFORM AUTOMATION PIPELINE
2025-11-17 11:36:02,121 - automation_pipeline - INFO - ================================================================================
2025-11-17 11:36:02,121 - automation_pipeline - INFO - Started at: 2025-11-17 11:36:02.120936
2025-11-17 11:36:02,121 - automation_pipeline - INFO - Configuration: automation_config.json
2025-11-17 11:36:02,121 - automation_pipeline - INFO - Step 1: Validating inputs...
2025-11-17 11:36:02,121 - automation_pipeline - INFO - Found 1 Excel files in sourcefiles
2025-11-17 11:36:02,121 - automation_pipeline - INFO -   - LLDtest.xlsm
2025-11-17 11:36:02,121 - automation_pipeline - INFO - SUCCESS: Input validation completed
2025-11-17 11:36:02,121 - automation_pipeline - INFO - Found 1 Excel files in sourcefiles
2025-11-17 11:36:02,121 - automation_pipeline - INFO -   - LLDtest.xlsm
2025-11-17 11:36:02,121 - automation_pipeline - INFO - Processing 1 Excel file(s)
2025-11-17 11:36:02,121 - automation_pipeline - INFO - Step 2: Backing up previous outputs...
2025-11-17 11:36:02,122 - automation_pipeline - INFO - Previous outputs backed up to: backup_20251117_113602
2025-11-17 11:36:02,122 - automation_pipeline - INFO - SUCCESS: Previous outputs backed up
2025-11-17 11:36:02,122 - automation_pipeline - INFO - Processing file 1/1: LLDtest.xlsm
2025-11-17 11:36:02,122 - automation_pipeline - INFO - Step 3.1: Extracting Excel data to JSON...
2025-11-17 11:36:03,842 - automation_pipeline - INFO - JSON file created: LLDtest_comprehensive_extract.json (4,743,897 bytes)
2025-11-17 11:36:03,843 - automation_pipeline - INFO - SUCCESS: Excel data extracted to: LLDtest_comprehensive_extract.json
2025-11-17 11:36:03,843 - automation_pipeline - INFO - Step 4.1: Generating Terraform files...
2025-11-17 11:36:03,865 - automation_pipeline - INFO - ================================================================================
2025-11-17 11:36:03,865 - automation_pipeline - INFO - DATA EXTRACTION VALIDATION RESULTS
2025-11-17 11:36:03,865 - automation_pipeline - INFO - ================================================================================
2025-11-17 11:36:03,865 - automation_pipeline - INFO - Extraction Quality: GOOD
2025-11-17 11:36:03,865 - automation_pipeline - INFO - Valid: True
2025-11-17 11:36:03,865 - automation_pipeline - WARNING - WARNINGS (1):
2025-11-17 11:36:03,865 - automation_pipeline - WARNING -   [WARN] Only 1 VM(s) extracted - may be using fallback defaults
2025-11-17 11:36:03,865 - automation_pipeline - INFO - [PASS] Required data extracted with warnings
2025-11-17 11:36:03,865 - automation_pipeline - INFO - ================================================================================
2025-11-17 11:36:03,866 - automation_pipeline - INFO - Using EnhancedTerraformGeneratorV2 (full resource file generation)
2025-11-17 11:36:03,866 - automation_pipeline - INFO - Output directory: terraform_output/20251117_113603
2025-11-17 11:36:03,867 - automation_pipeline - INFO - Generated 18 Terraform files
2025-11-17 11:36:03,867 - automation_pipeline - INFO -   - m-basevm.tf (1,420 bytes)
2025-11-17 11:36:03,867 - automation_pipeline - INFO -   - r-rg.tf (269 bytes)
2025-11-17 11:36:03,867 - automation_pipeline - INFO -   - r-asg.tf (426 bytes)
2025-11-17 11:36:03,867 - automation_pipeline - INFO -   - r-snet.tf (348 bytes)
2025-11-17 11:36:03,867 - automation_pipeline - INFO -   - r-nsr.tf (1,552 bytes)
2025-11-17 11:36:03,867 - automation_pipeline - INFO -   - r-kvlt.tf (1,630 bytes)
2025-11-17 11:36:03,867 - automation_pipeline - INFO -   - r-umid.tf (686 bytes)
2025-11-17 11:36:03,868 - automation_pipeline - INFO -   - r-dsk.tf (1,036 bytes)
2025-11-17 11:36:03,868 - automation_pipeline - INFO -   - r-pe.tf (1,333 bytes)
2025-11-17 11:36:03,868 - automation_pipeline - INFO -   - variables.tf (14,331 bytes)
2025-11-17 11:36:03,868 - automation_pipeline - INFO -   - terraform.tfvars (5,025 bytes)
2025-11-17 11:36:03,868 - automation_pipeline - INFO -   - outputs.tf (91 bytes)
2025-11-17 11:36:03,868 - automation_pipeline - INFO -   - versions.tf (327 bytes)
2025-11-17 11:36:03,868 - automation_pipeline - INFO -   - data.tf (246 bytes)
2025-11-17 11:36:03,868 - automation_pipeline - INFO -   - locals.tf (231 bytes)
2025-11-17 11:36:03,868 - automation_pipeline - INFO -   - scripts/validate.sh (1,144 bytes)
2025-11-17 11:36:03,868 - automation_pipeline - INFO -   - README.md (1,657 bytes)
2025-11-17 11:36:03,868 - automation_pipeline - INFO -   - .gitignore (776 bytes)
2025-11-17 11:36:03,868 - automation_pipeline - INFO - SUCCESS: Terraform files generated in: terraform_output/20251117_113603
2025-11-17 11:36:03,868 - automation_pipeline - INFO - Step 5: Validating generated files...
2025-11-17 11:36:03,888 - automation_pipeline - INFO - SUCCESS: Output validation completed
2025-11-17 11:36:03,888 - automation_pipeline - INFO - Step 5a: Running Terraform validation...
2025-11-17 11:36:03,888 - automation_pipeline - INFO - Validating Terraform in: terraform_output/20251117_113603
2025-11-17 11:36:03,892 - automation_pipeline - WARNING - Terraform not available: [Errno 2] No such file or directory: 'terraform'
2025-11-17 11:36:03,892 - automation_pipeline - INFO - SUCCESS: Terraform validation completed
2025-11-17 11:36:03,892 - automation_pipeline - INFO - Step 6: Generating summary report...
2025-11-17 11:36:03,892 - automation_pipeline - INFO - SUCCESS: Summary report generated
2025-11-17 11:36:03,892 - automation_pipeline - INFO - Step 7: Cleaning up temporary files...
2025-11-17 11:36:03,892 - automation_pipeline - INFO - SUCCESS: Temporary files cleaned up
2025-11-17 11:36:03,892 - automation_pipeline - INFO - ================================================================================
2025-11-17 11:36:03,892 - automation_pipeline - INFO - AUTOMATION PIPELINE COMPLETED SUCCESSFULLY!
2025-11-17 11:36:03,892 - automation_pipeline - INFO - ================================================================================
2025-11-17 11:36:03,892 - automation_pipeline - INFO - Files processed: 1
2025-11-17 11:36:03,892 - automation_pipeline - INFO - Files generated: 19
2025-11-17 11:36:03,892 - automation_pipeline - INFO - Steps completed: 8
2025-11-17 11:36:03,892 - automation_pipeline - INFO - Duration: 0.00 seconds
2025-11-17 11:36:03,893 - automation_pipeline - INFO - Results saved to: automation_results_20251117_113603.json
2025-11-17 11:36:03,893 - automation_pipeline - INFO - SUCCESS: Automation completed successfully - notification sent
2025-11-17 11:36:46,669 - automation_pipeline - INFO - ================================================================================
2025-11-17 11:36:46,669 - automation_pipeline - INFO - EXCEL TO TERRAFORM AUTOMATION PIPELINE
2025-11-17 11:36:46,670 - automation_pipeline - INFO - ================================================================================
2025-11-17 11:36:46,670 - automation_pipeline - INFO - Started at: 2025-11-17 11:36:46.669796
2025-11-17 11:36:46,670 - automation_pipeline - INFO - Configuration: automation_config.json
2025-11-17 11:36:46,670 - automation_pipeline - INFO - Step 1: Validating inputs...
2025-11-17 11:36:46,670 - automation_pipeline - INFO - Found 1 Excel files in sourcefiles
2025-11-17 11:36:46,670 - automation_pipeline - INFO -   - LLDtest.xlsm
2025-11-17 11:36:46,670 - automation_pipeline - INFO - SUCCESS: Input validation completed
2025-11-17 11:36:46,670 - automation_pipeline - INFO - Found 1 Excel files in sourcefiles
2025-11-17 11:36:46,670 - automation_pipeline - INFO -   - LLDtest.xlsm
2025-11-17 11:36:46,670 - automation_pipeline - INFO - Processing 1 Excel file(s)
2025-11-17 11:36:46,670 - automation_pipeline - INFO - Step 2: Backing up previous outputs...
2025-11-17 11:36:46,670 - automation_pipeline - INFO - Previous outputs backed up to: backup_20251117_113646
2025-11-17 11:36:46,670 - automation_pipeline - INFO - SUCCESS: Previous outputs backed up
2025-11-17 11:36:46,670 - automation_pipeline - INFO - Processing file 1/1: LLDtest.xlsm
2025-11-17 11:36:46,670 - automation_pipeline - INFO - Step 3.1: Extracting Excel data to JSON...
2025-11-17 11:36:48,333 - automation_pipeline - INFO - JSON file created: LLDtest_comprehensive_extract.json (4,743,897 bytes)
2025-11-17 11:36:48,335 - automation_pipeline - INFO - SUCCESS: Excel data extracted to: LLDtest_comprehensive_extract.json
2025-11-17 11:36:48,335 - automation_pipeline - INFO - Step 4.1: Generating Terraform files...
2025-11-17 11:36:48,357 - automation_pipeline - INFO - ================================================================================
2025-11-17 11:36:48,357 - automation_pipeline - INFO - DATA EXTRACTION VALIDATION RESULTS
2025-11-17 11:36:48,357 - automation_pipeline - INFO - ================================================================================
2025-11-17 11:36:48,357 - automation_pipeline - INFO - Extraction Quality: GOOD
2025-11-17 11:36:48,357 - automation_pipeline - INFO - Valid: True
2025-11-17 11:36:48,357 - automation_pipeline - WARNING - WARNINGS (1):
2025-11-17 11:36:48,357 - automation_pipeline - WARNING -   [WARN] Only 1 VM(s) extracted - may be using fallback defaults
2025-11-17 11:36:48,357 - automation_pipeline - INFO - [PASS] Required data extracted with warnings
2025-11-17 11:36:48,357 - automation_pipeline - INFO - ================================================================================
2025-11-17 11:36:48,357 - automation_pipeline - INFO - Using EnhancedTerraformGeneratorV2 (full resource file generation)
2025-11-17 11:36:48,358 - automation_pipeline - INFO - Output directory: terraform_output/20251117_113648
2025-11-17 11:36:48,359 - automation_pipeline - INFO - Generated 18 Terraform files
2025-11-17 11:36:48,359 - automation_pipeline - INFO -   - m-basevm.tf (1,420 bytes)
2025-11-17 11:36:48,359 - automation_pipeline - INFO -   - r-rg.tf (269 bytes)
2025-11-17 11:36:48,359 - automation_pipeline - INFO -   - r-asg.tf (426 bytes)
2025-11-17 11:36:48,359 - automation_pipeline - INFO -   - r-snet.tf (348 bytes)
2025-11-17 11:36:48,359 - automation_pipeline - INFO -   - r-nsr.tf (1,552 bytes)
2025-11-17 11:36:48,359 - automation_pipeline - INFO -   - r-kvlt.tf (1,630 bytes)
2025-11-17 11:36:48,359 - automation_pipeline - INFO -   - r-umid.tf (686 bytes)
2025-11-17 11:36:48,359 - automation_pipeline - INFO -   - r-dsk.tf (1,036 bytes)
2025-11-17 11:36:48,359 - automation_pipeline - INFO -   - r-pe.tf (1,333 bytes)
2025-11-17 11:36:48,359 - automation_pipeline - INFO -   - variables.tf (14,331 bytes)
2025-11-17 11:36:48,359 - automation_pipeline - INFO -   - terraform.tfvars (5,030 bytes)
2025-11-17 11:36:48,359 - automation_pipeline - INFO -   - outputs.tf (91 bytes)
2025-11-17 11:36:48,359 - automation_pipeline - INFO -   - versions.tf (327 bytes)
2025-11-17 11:36:48,359 - automation_pipeline - INFO -   - data.tf (246 bytes)
2025-11-17 11:36:48,359 - automation_pipeline - INFO -   - locals.tf (231 bytes)
2025-11-17 11:36:48,359 - automation_pipeline - INFO -   - scripts/validate.sh (1,144 bytes)
2025-11-17 11:36:48,359 - automation_pipeline - INFO -   - README.md (1,657 bytes)
2025-11-17 11:36:48,359 - automation_pipeline - INFO -   - .gitignore (776 bytes)
2025-11-17 11:36:48,360 - automation_pipeline - INFO - SUCCESS: Terraform files generated in: terraform_output/20251117_113648
2025-11-17 11:36:48,360 - automation_pipeline - INFO - Step 5: Validating generated files...
2025-11-17 11:36:48,379 - automation_pipeline - INFO - SUCCESS: Output validation completed
2025-11-17 11:36:48,379 - automation_pipeline - INFO - Step 5a: Running Terraform validation...
2025-11-17 11:36:48,379 - automation_pipeline - INFO - Validating Terraform in: terraform_output/20251117_113648
2025-11-17 11:36:48,383 - automation_pipeline - WARNING - Terraform not available: [Errno 2] No such file or directory: 'terraform'
2025-11-17 11:36:48,383 - automation_pipeline - INFO - SUCCESS: Terraform validation completed
2025-11-17 11:36:48,383 - automation_pipeline - INFO - Step 6: Generating summary report...
2025-11-17 11:36:48,383 - automation_pipeline - INFO - SUCCESS: Summary report generated
2025-11-17 11:36:48,383 - automation_pipeline - INFO - Step 7: Cleaning up temporary files...
2025-11-17 11:36:48,384 - automation_pipeline - INFO - SUCCESS: Temporary files cleaned up
2025-11-17 11:36:48,384 - automation_pipeline - INFO - ================================================================================
2025-11-17 11:36:48,384 - automation_pipeline - INFO - AUTOMATION PIPELINE COMPLETED SUCCESSFULLY!
2025-11-17 11:36:48,384 - automation_pipeline - INFO - ================================================================================
2025-11-17 11:36:48,384 - automation_pipeline - INFO - Files processed: 1
2025-11-17 11:36:48,384 - automation_pipeline - INFO - Files generated: 19
2025-11-17 11:36:48,384 - automation_pipeline - INFO - Steps completed: 8
2025-11-17 11:36:48,384 - automation_pipeline - INFO - Duration: 0.00 seconds
2025-11-17 11:36:48,384 - automation_pipeline - INFO - Results saved to: automation_results_20251117_113648.json
2025-11-17 11:36:48,384 - automation_pipeline - INFO - SUCCESS: Automation completed successfully - notification sent
2025-11-17 11:42:30,920 - automation_pipeline - INFO - ================================================================================
2025-11-17 11:42:30,920 - automation_pipeline - INFO - EXCEL TO TERRAFORM AUTOMATION PIPELINE
2025-11-17 11:42:30,920 - automation_pipeline - INFO - ================================================================================
2025-11-17 11:42:30,920 - automation_pipeline - INFO - Started at: 2025-11-17 11:42:30.920678
2025-11-17 11:42:30,920 - automation_pipeline - INFO - Configuration: automation_config.json
2025-11-17 11:42:30,920 - automation_pipeline - INFO - Step 1: Validating inputs...
2025-11-17 11:42:30,920 - automation_pipeline - INFO - Found 1 Excel files in sourcefiles
2025-11-17 11:42:30,921 - automation_pipeline - INFO -   - LLDtest.xlsm
2025-11-17 11:42:30,921 - automation_pipeline - INFO - SUCCESS: Input validation completed
2025-11-17 11:42:30,921 - automation_pipeline - INFO - Found 1 Excel files in sourcefiles
2025-11-17 11:42:30,921 - automation_pipeline - INFO -   - LLDtest.xlsm
2025-11-17 11:42:30,921 - automation_pipeline - INFO - Processing 1 Excel file(s)
2025-11-17 11:42:30,921 - automation_pipeline - INFO - Step 2: Backing up previous outputs...
2025-11-17 11:42:30,921 - automation_pipeline - INFO - Previous outputs backed up to: backup_20251117_114230
2025-11-17 11:42:30,921 - automation_pipeline - INFO - SUCCESS: Previous outputs backed up
2025-11-17 11:42:30,921 - automation_pipeline - INFO - Processing file 1/1: LLDtest.xlsm
2025-11-17 11:42:30,921 - automation_pipeline - INFO - Step 3.1: Extracting Excel data to JSON...
2025-11-17 11:42:32,611 - automation_pipeline - INFO - JSON file created: LLDtest_comprehensive_extract.json (4,743,897 bytes)
2025-11-17 11:42:32,612 - automation_pipeline - INFO - SUCCESS: Excel data extracted to: LLDtest_comprehensive_extract.json
2025-11-17 11:42:32,612 - automation_pipeline - INFO - Step 4.1: Generating Terraform files...
2025-11-17 11:42:32,636 - automation_pipeline - INFO - ================================================================================
2025-11-17 11:42:32,636 - automation_pipeline - INFO - DATA EXTRACTION VALIDATION RESULTS
2025-11-17 11:42:32,636 - automation_pipeline - INFO - ================================================================================
2025-11-17 11:42:32,636 - automation_pipeline - INFO - Extraction Quality: GOOD
2025-11-17 11:42:32,636 - automation_pipeline - INFO - Valid: True
2025-11-17 11:42:32,636 - automation_pipeline - WARNING - WARNINGS (1):
2025-11-17 11:42:32,636 - automation_pipeline - WARNING -   [WARN] Only 1 VM(s) extracted - may be using fallback defaults
2025-11-17 11:42:32,636 - automation_pipeline - INFO - [PASS] Required data extracted with warnings
2025-11-17 11:42:32,636 - automation_pipeline - INFO - ================================================================================
2025-11-17 11:42:32,637 - automation_pipeline - INFO - Using EnhancedTerraformGeneratorV2 (full resource file generation)
2025-11-17 11:42:32,637 - automation_pipeline - INFO - Output directory: terraform_output/20251117_114232
2025-11-17 11:42:32,640 - automation_pipeline - INFO - Generated 18 Terraform files
2025-11-17 11:42:32,640 - automation_pipeline - INFO -   - m-basevm.tf (1,420 bytes)
2025-11-17 11:42:32,640 - automation_pipeline - INFO -   - r-rg.tf (269 bytes)
2025-11-17 11:42:32,640 - automation_pipeline - INFO -   - r-asg.tf (426 bytes)
2025-11-17 11:42:32,640 - automation_pipeline - INFO -   - r-snet.tf (348 bytes)
2025-11-17 11:42:32,640 - automation_pipeline - INFO -   - r-nsr.tf (1,552 bytes)
2025-11-17 11:42:32,640 - automation_pipeline - INFO -   - r-kvlt.tf (1,630 bytes)
2025-11-17 11:42:32,640 - automation_pipeline - INFO -   - r-umid.tf (686 bytes)
2025-11-17 11:42:32,640 - automation_pipeline - INFO -   - r-dsk.tf (1,036 bytes)
2025-11-17 11:42:32,640 - automation_pipeline - INFO -   - r-pe.tf (1,333 bytes)
2025-11-17 11:42:32,640 - automation_pipeline - INFO -   - variables.tf (14,331 bytes)
2025-11-17 11:42:32,641 - automation_pipeline - INFO -   - terraform.tfvars (5,030 bytes)
2025-11-17 11:42:32,641 - automation_pipeline - INFO -   - outputs.tf (91 bytes)
2025-11-17 11:42:32,641 - automation_pipeline - INFO -   - versions.tf (327 bytes)
2025-11-17 11:42:32,641 - automation_pipeline - INFO -   - data.tf (246 bytes)
2025-11-17 11:42:32,641 - automation_pipeline - INFO -   - locals.tf (231 bytes)
2025-11-17 11:42:32,641 - automation_pipeline - INFO -   - scripts/validate.sh (1,144 bytes)
2025-11-17 11:42:32,641 - automation_pipeline - INFO -   - README.md (1,657 bytes)
2025-11-17 11:42:32,641 - automation_pipeline - INFO -   - .gitignore (776 bytes)
2025-11-17 11:42:32,641 - automation_pipeline - INFO - SUCCESS: Terraform files generated in: terraform_output/20251117_114232
2025-11-17 11:42:32,642 - automation_pipeline - INFO - Step 5: Validating generated files...
2025-11-17 11:42:32,661 - automation_pipeline - INFO - SUCCESS: Output validation completed
2025-11-17 11:42:32,661 - automation_pipeline - INFO - Step 5a: Running Terraform validation...
2025-11-17 11:42:32,661 - automation_pipeline - INFO - Validating Terraform in: terraform_output/20251117_114232
2025-11-17 11:42:32,666 - automation_pipeline - WARNING - Terraform not available: [Errno 2] No such file or directory: 'terraform'
2025-11-17 11:42:32,666 - automation_pipeline - INFO - SUCCESS: Terraform validation completed
2025-11-17 11:42:32,666 - automation_pipeline - INFO - Step 6: Generating summary report...
2025-11-17 11:42:32,666 - automation_pipeline - INFO - SUCCESS: Summary report generated
2025-11-17 11:42:32,666 - automation_pipeline - INFO - Step 7: Cleaning up temporary files...
2025-11-17 11:42:32,666 - automation_pipeline - INFO - SUCCESS: Temporary files cleaned up
2025-11-17 11:42:32,666 - automation_pipeline - INFO - ================================================================================
2025-11-17 11:42:32,666 - automation_pipeline - INFO - AUTOMATION PIPELINE COMPLETED SUCCESSFULLY!
2025-11-17 11:42:32,666 - automation_pipeline - INFO - ================================================================================
2025-11-17 11:42:32,667 - automation_pipeline - INFO - Files processed: 1
2025-11-17 11:42:32,667 - automation_pipeline - INFO - Files generated: 19
2025-11-17 11:42:32,667 - automation_pipeline - INFO - Steps completed: 8
2025-11-17 11:42:32,667 - automation_pipeline - INFO - Duration: 0.00 seconds
2025-11-17 11:42:32,667 - automation_pipeline - INFO - SUCCESS: Automation completed successfully - notification sent
2025-11-17 11:42:54,809 - automation_pipeline - INFO - ================================================================================
2025-11-17 11:42:54,809 - automation_pipeline - INFO - EXCEL TO TERRAFORM AUTOMATION PIPELINE
2025-11-17 11:42:54,809 - automation_pipeline - INFO - ================================================================================
2025-11-17 11:42:54,809 - automation_pipeline - INFO - Started at: 2025-11-17 11:42:54.809126
2025-11-17 11:42:54,809 - automation_pipeline - INFO - Configuration: automation_config.json
2025-11-17 11:42:54,809 - automation_pipeline - INFO - Step 1: Validating inputs...
2025-11-17 11:42:54,809 - automation_pipeline - INFO - Found 1 Excel files in sourcefiles
2025-11-17 11:42:54,809 - automation_pipeline - INFO -   - LLDtest.xlsm
2025-11-17 11:42:54,809 - automation_pipeline - INFO - SUCCESS: Input validation completed
2025-11-17 11:42:54,809 - automation_pipeline - INFO - Found 1 Excel files in sourcefiles
2025-11-17 11:42:54,809 - automation_pipeline - INFO -   - LLDtest.xlsm
2025-11-17 11:42:54,809 - automation_pipeline - INFO - Processing 1 Excel file(s)
2025-11-17 11:42:54,809 - automation_pipeline - INFO - Step 2: Backing up previous outputs...
2025-11-17 11:42:54,810 - automation_pipeline - INFO - Previous outputs backed up to: backup_20251117_114254
2025-11-17 11:42:54,810 - automation_pipeline - INFO - SUCCESS: Previous outputs backed up
2025-11-17 11:42:54,810 - automation_pipeline - INFO - Processing file 1/1: LLDtest.xlsm
2025-11-17 11:42:54,810 - automation_pipeline - INFO - Step 3.1: Extracting Excel data to JSON...
2025-11-17 11:42:56,479 - automation_pipeline - INFO - JSON file created: LLDtest_comprehensive_extract.json (4,743,897 bytes)
2025-11-17 11:42:56,481 - automation_pipeline - INFO - SUCCESS: Excel data extracted to: LLDtest_comprehensive_extract.json
2025-11-17 11:42:56,481 - automation_pipeline - INFO - Step 4.1: Generating Terraform files...
2025-11-17 11:42:56,504 - automation_pipeline - INFO - ================================================================================
2025-11-17 11:42:56,504 - automation_pipeline - INFO - DATA EXTRACTION VALIDATION RESULTS
2025-11-17 11:42:56,505 - automation_pipeline - INFO - ================================================================================
2025-11-17 11:42:56,505 - automation_pipeline - INFO - Extraction Quality: GOOD
2025-11-17 11:42:56,505 - automation_pipeline - INFO - Valid: True
2025-11-17 11:42:56,505 - automation_pipeline - WARNING - WARNINGS (1):
2025-11-17 11:42:56,505 - automation_pipeline - WARNING -   [WARN] Only 1 VM(s) extracted - may be using fallback defaults
2025-11-17 11:42:56,505 - automation_pipeline - INFO - [PASS] Required data extracted with warnings
2025-11-17 11:42:56,505 - automation_pipeline - INFO - ================================================================================
2025-11-17 11:42:56,505 - automation_pipeline - INFO - Using EnhancedTerraformGeneratorV2 (full resource file generation)
2025-11-17 11:42:56,505 - automation_pipeline - INFO - Output directory: terraform_output/20251117_114256
2025-11-17 11:42:56,507 - automation_pipeline - INFO - Generated 18 Terraform files
2025-11-17 11:42:56,507 - automation_pipeline - INFO -   - m-basevm.tf (1,420 bytes)
2025-11-17 11:42:56,507 - automation_pipeline - INFO -   - r-rg.tf (269 bytes)
2025-11-17 11:42:56,507 - automation_pipeline - INFO -   - r-asg.tf (426 bytes)
2025-11-17 11:42:56,507 - automation_pipeline - INFO -   - r-snet.tf (348 bytes)
2025-11-17 11:42:56,507 - automation_pipeline - INFO -   - r-nsr.tf (1,552 bytes)
2025-11-17 11:42:56,507 - automation_pipeline - INFO -   - r-kvlt.tf (1,630 bytes)
2025-11-17 11:42:56,507 - automation_pipeline - INFO -   - r-umid.tf (686 bytes)
2025-11-17 11:42:56,507 - automation_pipeline - INFO -   - r-dsk.tf (1,036 bytes)
2025-11-17 11:42:56,507 - automation_pipeline - INFO -   - r-pe.tf (1,333 bytes)
2025-11-17 11:42:56,507 - automation_pipeline - INFO -   - variables.tf (14,331 bytes)
2025-11-17 11:42:56,507 - automation_pipeline - INFO -   - terraform.tfvars (5,030 bytes)
2025-11-17 11:42:56,507 - automation_pipeline - INFO -   - outputs.tf (91 bytes)
2025-11-17 11:42:56,507 - automation_pipeline - INFO -   - versions.tf (327 bytes)
2025-11-17 11:42:56,507 - automation_pipeline - INFO -   - data.tf (246 bytes)
2025-11-17 11:42:56,507 - automation_pipeline - INFO -   - locals.tf (231 bytes)
2025-11-17 11:42:56,507 - automation_pipeline - INFO -   - scripts/validate.sh (1,144 bytes)
2025-11-17 11:42:56,507 - automation_pipeline - INFO -   - README.md (1,657 bytes)
2025-11-17 11:42:56,507 - automation_pipeline - INFO -   - .gitignore (776 bytes)
2025-11-17 11:42:56,508 - automation_pipeline - INFO - SUCCESS: Terraform files generated in: terraform_output/20251117_114256
2025-11-17 11:42:56,508 - automation_pipeline - INFO - Step 5: Validating generated files...
2025-11-17 11:42:56,527 - automation_pipeline - INFO - SUCCESS: Output validation completed
2025-11-17 11:42:56,527 - automation_pipeline - INFO - Step 5a: Running Terraform validation...
2025-11-17 11:42:56,527 - automation_pipeline - INFO - Validating Terraform in: terraform_output/20251117_114256
2025-11-17 11:42:56,534 - automation_pipeline - WARNING - Terraform not available: [Errno 2] No such file or directory: 'terraform'
2025-11-17 11:42:56,534 - automation_pipeline - INFO - SUCCESS: Terraform validation completed
2025-11-17 11:42:56,534 - automation_pipeline - INFO - Step 6: Generating summary report...
2025-11-17 11:42:56,534 - automation_pipeline - INFO - SUCCESS: Summary report generated
2025-11-17 11:42:56,534 - automation_pipeline - INFO - Step 7: Cleaning up temporary files...
2025-11-17 11:42:56,534 - automation_pipeline - INFO - SUCCESS: Temporary files cleaned up
2025-11-17 11:42:56,534 - automation_pipeline - INFO - ================================================================================
2025-11-17 11:42:56,534 - automation_pipeline - INFO - AUTOMATION PIPELINE COMPLETED SUCCESSFULLY!
2025-11-17 11:42:56,534 - automation_pipeline - INFO - ================================================================================
2025-11-17 11:42:56,534 - automation_pipeline - INFO - Files processed: 1
2025-11-17 11:42:56,534 - automation_pipeline - INFO - Files generated: 19
2025-11-17 11:42:56,534 - automation_pipeline - INFO - Steps completed: 8
2025-11-17 11:42:56,534 - automation_pipeline - INFO - Duration: 0.00 seconds
2025-11-17 11:42:56,535 - automation_pipeline - INFO - SUCCESS: Automation completed successfully - notification sent
2025-11-17 11:43:35,433 - automation_pipeline - INFO - ================================================================================
2025-11-17 11:43:35,434 - automation_pipeline - INFO - EXCEL TO TERRAFORM AUTOMATION PIPELINE
2025-11-17 11:43:35,434 - automation_pipeline - INFO - ================================================================================
2025-11-17 11:43:35,434 - automation_pipeline - INFO - Started at: 2025-11-17 11:43:35.433926
2025-11-17 11:43:35,434 - automation_pipeline - INFO - Configuration: automation_config.json
2025-11-17 11:43:35,434 - automation_pipeline - INFO - Step 1: Validating inputs...
2025-11-17 11:43:35,434 - automation_pipeline - INFO - Found 1 Excel files in sourcefiles
2025-11-17 11:43:35,434 - automation_pipeline - INFO -   - LLDtest.xlsm
2025-11-17 11:43:35,434 - automation_pipeline - INFO - SUCCESS: Input validation completed
2025-11-17 11:43:35,434 - automation_pipeline - INFO - Found 1 Excel files in sourcefiles
2025-11-17 11:43:35,434 - automation_pipeline - INFO -   - LLDtest.xlsm
2025-11-17 11:43:35,434 - automation_pipeline - INFO - Processing 1 Excel file(s)
2025-11-17 11:43:35,434 - automation_pipeline - INFO - Step 2: Backing up previous outputs...
2025-11-17 11:43:35,434 - automation_pipeline - INFO - Previous outputs backed up to: backup_20251117_114335
2025-11-17 11:43:35,434 - automation_pipeline - INFO - SUCCESS: Previous outputs backed up
2025-11-17 11:43:35,434 - automation_pipeline - INFO - Processing file 1/1: LLDtest.xlsm
2025-11-17 11:43:35,435 - automation_pipeline - INFO - Step 3.1: Extracting Excel data to JSON...
2025-11-17 11:43:37,128 - automation_pipeline - INFO - JSON file created: LLDtest_comprehensive_extract.json (4,743,897 bytes)
2025-11-17 11:43:37,129 - automation_pipeline - INFO - SUCCESS: Excel data extracted to: LLDtest_comprehensive_extract.json
2025-11-17 11:43:37,129 - automation_pipeline - INFO - Step 4.1: Generating Terraform files...
2025-11-17 11:43:37,152 - automation_pipeline - INFO - ================================================================================
2025-11-17 11:43:37,152 - automation_pipeline - INFO - DATA EXTRACTION VALIDATION RESULTS
2025-11-17 11:43:37,152 - automation_pipeline - INFO - ================================================================================
2025-11-17 11:43:37,152 - automation_pipeline - INFO - Extraction Quality: GOOD
2025-11-17 11:43:37,152 - automation_pipeline - INFO - Valid: True
2025-11-17 11:43:37,152 - automation_pipeline - WARNING - WARNINGS (1):
2025-11-17 11:43:37,152 - automation_pipeline - WARNING -   [WARN] Only 1 VM(s) extracted - may be using fallback defaults
2025-11-17 11:43:37,152 - automation_pipeline - INFO - [PASS] Required data extracted with warnings
2025-11-17 11:43:37,152 - automation_pipeline - INFO - ================================================================================
2025-11-17 11:43:37,153 - automation_pipeline - INFO - Using EnhancedTerraformGeneratorV2 (full resource file generation)
2025-11-17 11:43:37,153 - automation_pipeline - INFO - Output directory: terraform_output/20251117_114337
2025-11-17 11:43:37,154 - automation_pipeline - INFO - Generated 18 Terraform files
2025-11-17 11:43:37,155 - automation_pipeline - INFO -   - m-basevm.tf (1,420 bytes)
2025-11-17 11:43:37,155 - automation_pipeline - INFO -   - r-rg.tf (269 bytes)
2025-11-17 11:43:37,155 - automation_pipeline - INFO -   - r-asg.tf (426 bytes)
2025-11-17 11:43:37,155 - automation_pipeline - INFO -   - r-snet.tf (348 bytes)
2025-11-17 11:43:37,155 - automation_pipeline - INFO -   - r-nsr.tf (1,552 bytes)
2025-11-17 11:43:37,155 - automation_pipeline - INFO -   - r-kvlt.tf (1,630 bytes)
2025-11-17 11:43:37,155 - automation_pipeline - INFO -   - r-umid.tf (686 bytes)
2025-11-17 11:43:37,155 - automation_pipeline - INFO -   - r-dsk.tf (1,036 bytes)
2025-11-17 11:43:37,155 - automation_pipeline - INFO -   - r-pe.tf (1,333 bytes)
2025-11-17 11:43:37,155 - automation_pipeline - INFO -   - variables.tf (14,331 bytes)
2025-11-17 11:43:37,155 - automation_pipeline - INFO -   - terraform.tfvars (5,030 bytes)
2025-11-17 11:43:37,155 - automation_pipeline - INFO -   - outputs.tf (91 bytes)
2025-11-17 11:43:37,155 - automation_pipeline - INFO -   - versions.tf (327 bytes)
2025-11-17 11:43:37,155 - automation_pipeline - INFO -   - data.tf (246 bytes)
2025-11-17 11:43:37,155 - automation_pipeline - INFO -   - locals.tf (231 bytes)
2025-11-17 11:43:37,155 - automation_pipeline - INFO -   - scripts/validate.sh (1,144 bytes)
2025-11-17 11:43:37,155 - automation_pipeline - INFO -   - README.md (1,657 bytes)
2025-11-17 11:43:37,155 - automation_pipeline - INFO -   - .gitignore (776 bytes)
2025-11-17 11:43:37,156 - automation_pipeline - INFO - SUCCESS: Terraform files generated in: terraform_output/20251117_114337
2025-11-17 11:43:37,156 - automation_pipeline - INFO - Step 5: Validating generated files...
2025-11-17 11:43:37,175 - automation_pipeline - INFO - SUCCESS: Output validation completed
2025-11-17 11:43:37,175 - automation_pipeline - INFO - Step 5a: Running Terraform validation...
2025-11-17 11:43:37,175 - automation_pipeline - INFO - Validating Terraform in: terraform_output/20251117_114337
2025-11-17 11:43:37,186 - automation_pipeline - WARNING - Terraform not available: [Errno 2] No such file or directory: 'terraform'
2025-11-17 11:43:37,186 - automation_pipeline - INFO - SUCCESS: Terraform validation completed
2025-11-17 11:43:37,186 - automation_pipeline - INFO - Step 6: Generating summary report...
2025-11-17 11:43:37,186 - automation_pipeline - INFO - SUCCESS: Summary report generated
2025-11-17 11:43:37,186 - automation_pipeline - INFO - Step 7: Cleaning up temporary files...
2025-11-17 11:43:37,187 - automation_pipeline - INFO - SUCCESS: Temporary files cleaned up
2025-11-17 11:43:37,187 - automation_pipeline - INFO - ================================================================================
2025-11-17 11:43:37,187 - automation_pipeline - INFO - AUTOMATION PIPELINE COMPLETED SUCCESSFULLY!
2025-11-17 11:43:37,187 - automation_pipeline - INFO - ================================================================================
2025-11-17 11:43:37,187 - automation_pipeline - INFO - Files processed: 1
2025-11-17 11:43:37,187 - automation_pipeline - INFO - Files generated: 19
2025-11-17 11:43:37,187 - automation_pipeline - INFO - Steps completed: 8
2025-11-17 11:43:37,187 - automation_pipeline - INFO - Duration: 0.00 seconds
2025-11-17 11:43:37,187 - automation_pipeline - INFO - Results saved to: terraform_output/20251117_114337/automation_results.json
2025-11-17 11:43:37,187 - automation_pipeline - INFO - SUCCESS: Automation completed successfully - notification sent
2025-11-18 09:21:18,876 - automation_pipeline - INFO - ================================================================================
2025-11-18 09:21:18,877 - automation_pipeline - INFO - EXCEL TO TERRAFORM AUTOMATION PIPELINE
2025-11-18 09:21:18,877 - automation_pipeline - INFO - ================================================================================
2025-11-18 09:21:18,877 - automation_pipeline - INFO - Started at: 2025-11-18 09:21:18.876941
2025-11-18 09:21:18,877 - automation_pipeline - INFO - Configuration: automation_config.json
2025-11-18 09:21:18,877 - automation_pipeline - INFO - Step 1: Validating inputs...
2025-11-18 09:21:18,877 - automation_pipeline - INFO - Found 1 Excel files in sourcefiles
2025-11-18 09:21:18,877 - automation_pipeline - INFO -   - Test data for build ticket.xlsm
2025-11-18 09:21:18,878 - automation_pipeline - INFO - SUCCESS: Input validation completed
2025-11-18 09:21:18,878 - automation_pipeline - INFO - Found 1 Excel files in sourcefiles
2025-11-18 09:21:18,878 - automation_pipeline - INFO -   - Test data for build ticket.xlsm
2025-11-18 09:21:18,878 - automation_pipeline - INFO - Processing 1 Excel file(s)
2025-11-18 09:21:18,878 - automation_pipeline - INFO - Step 2: Backing up previous outputs...
2025-11-18 09:21:18,878 - automation_pipeline - INFO - Previous outputs backed up to: backup_20251118_092118
2025-11-18 09:21:18,878 - automation_pipeline - INFO - SUCCESS: Previous outputs backed up
2025-11-18 09:21:18,878 - automation_pipeline - INFO - Processing file 1/1: Test data for build ticket.xlsm
2025-11-18 09:21:18,878 - automation_pipeline - INFO - Step 3.1: Extracting Excel data to JSON...
2025-11-18 09:21:21,009 - automation_pipeline - INFO - JSON file created: Test data for build ticket_comprehensive_extract.json (5,143,888 bytes)
2025-11-18 09:21:21,010 - automation_pipeline - INFO - SUCCESS: Excel data extracted to: Test data for build ticket_comprehensive_extract.json
2025-11-18 09:21:21,010 - automation_pipeline - INFO - Step 4.1: Generating Terraform files...
2025-11-18 09:21:21,038 - automation_pipeline - INFO - ================================================================================
2025-11-18 09:21:21,038 - automation_pipeline - INFO - DATA EXTRACTION VALIDATION RESULTS
2025-11-18 09:21:21,039 - automation_pipeline - INFO - ================================================================================
2025-11-18 09:21:21,039 - automation_pipeline - INFO - Extraction Quality: GOOD
2025-11-18 09:21:21,039 - automation_pipeline - INFO - Valid: True
2025-11-18 09:21:21,039 - automation_pipeline - WARNING - WARNINGS (1):
2025-11-18 09:21:21,039 - automation_pipeline - WARNING -   [WARN] Only 1 VM(s) extracted - may be using fallback defaults
2025-11-18 09:21:21,039 - automation_pipeline - INFO - [PASS] Required data extracted with warnings
2025-11-18 09:21:21,039 - automation_pipeline - INFO - ================================================================================
2025-11-18 09:21:21,039 - automation_pipeline - INFO - Using EnhancedTerraformGeneratorV2 (full resource file generation)
2025-11-18 09:21:21,039 - automation_pipeline - INFO - Output directory: terraform_output/20251118_092121
2025-11-18 09:21:21,041 - automation_pipeline - INFO - Generated 18 Terraform files
2025-11-18 09:21:21,041 - automation_pipeline - INFO -   - m-basevm.tf (1,420 bytes)
2025-11-18 09:21:21,041 - automation_pipeline - INFO -   - r-rg.tf (269 bytes)
2025-11-18 09:21:21,041 - automation_pipeline - INFO -   - r-asg.tf (426 bytes)
2025-11-18 09:21:21,041 - automation_pipeline - INFO -   - r-snet.tf (348 bytes)
2025-11-18 09:21:21,041 - automation_pipeline - INFO -   - r-nsr.tf (1,552 bytes)
2025-11-18 09:21:21,041 - automation_pipeline - INFO -   - r-kvlt.tf (1,630 bytes)
2025-11-18 09:21:21,041 - automation_pipeline - INFO -   - r-umid.tf (686 bytes)
2025-11-18 09:21:21,041 - automation_pipeline - INFO -   - r-dsk.tf (1,036 bytes)
2025-11-18 09:21:21,041 - automation_pipeline - INFO -   - r-pe.tf (1,333 bytes)
2025-11-18 09:21:21,041 - automation_pipeline - INFO -   - variables.tf (14,331 bytes)
2025-11-18 09:21:21,041 - automation_pipeline - INFO -   - terraform.tfvars (4,698 bytes)
2025-11-18 09:21:21,041 - automation_pipeline - INFO -   - outputs.tf (91 bytes)
2025-11-18 09:21:21,041 - automation_pipeline - INFO -   - versions.tf (327 bytes)
2025-11-18 09:21:21,041 - automation_pipeline - INFO -   - data.tf (246 bytes)
2025-11-18 09:21:21,041 - automation_pipeline - INFO -   - locals.tf (231 bytes)
2025-11-18 09:21:21,041 - automation_pipeline - INFO -   - scripts/validate.sh (1,158 bytes)
2025-11-18 09:21:21,041 - automation_pipeline - INFO -   - README.md (1,672 bytes)
2025-11-18 09:21:21,041 - automation_pipeline - INFO -   - .gitignore (776 bytes)
2025-11-18 09:21:21,042 - automation_pipeline - INFO - SUCCESS: Terraform files generated in: terraform_output/20251118_092121
2025-11-18 09:21:21,042 - automation_pipeline - INFO - Step 5: Validating generated files...
2025-11-18 09:21:21,065 - automation_pipeline - INFO - SUCCESS: Output validation completed
2025-11-18 09:21:21,065 - automation_pipeline - INFO - Step 5a: Running Terraform validation...
2025-11-18 09:21:21,065 - automation_pipeline - INFO - Validating Terraform in: terraform_output/20251118_092121
2025-11-18 09:21:21,071 - automation_pipeline - WARNING - Terraform not available: [Errno 2] No such file or directory: 'terraform'
2025-11-18 09:21:21,071 - automation_pipeline - INFO - SUCCESS: Terraform validation completed
2025-11-18 09:21:21,071 - automation_pipeline - INFO - Step 6: Generating summary report...
2025-11-18 09:21:21,071 - automation_pipeline - INFO - SUCCESS: Summary report generated
2025-11-18 09:21:21,071 - automation_pipeline - INFO - Step 7: Cleaning up temporary files...
2025-11-18 09:21:21,071 - automation_pipeline - INFO - SUCCESS: Temporary files cleaned up
2025-11-18 09:21:21,071 - automation_pipeline - INFO - ================================================================================
2025-11-18 09:21:21,071 - automation_pipeline - INFO - AUTOMATION PIPELINE COMPLETED SUCCESSFULLY!
2025-11-18 09:21:21,071 - automation_pipeline - INFO - ================================================================================
2025-11-18 09:21:21,071 - automation_pipeline - INFO - Files processed: 1
2025-11-18 09:21:21,071 - automation_pipeline - INFO - Files generated: 19
2025-11-18 09:21:21,071 - automation_pipeline - INFO - Steps completed: 8
2025-11-18 09:21:21,071 - automation_pipeline - INFO - Duration: 0.00 seconds
2025-11-18 09:21:21,071 - automation_pipeline - INFO - Results saved to: terraform_output/20251118_092121/automation_results.json
2025-11-18 09:21:21,072 - automation_pipeline - INFO - SUCCESS: Automation completed successfully - notification sent
2025-11-18 09:43:00,997 - automation_pipeline - INFO - ================================================================================
2025-11-18 09:43:00,997 - automation_pipeline - INFO - EXCEL TO TERRAFORM AUTOMATION PIPELINE
2025-11-18 09:43:00,998 - automation_pipeline - INFO - ================================================================================
2025-11-18 09:43:00,998 - automation_pipeline - INFO - Started at: 2025-11-18 09:43:00.997667
2025-11-18 09:43:00,998 - automation_pipeline - INFO - Configuration: automation_config.json
2025-11-18 09:43:00,998 - automation_pipeline - INFO - Step 1: Validating inputs...
2025-11-18 09:43:00,998 - automation_pipeline - INFO - Found 1 Excel files in sourcefiles
2025-11-18 09:43:00,998 - automation_pipeline - INFO -   - test_data.xlsm
2025-11-18 09:43:00,998 - automation_pipeline - INFO - SUCCESS: Input validation completed
2025-11-18 09:43:00,998 - automation_pipeline - INFO - Found 1 Excel files in sourcefiles
2025-11-18 09:43:00,998 - automation_pipeline - INFO -   - test_data.xlsm
2025-11-18 09:43:00,998 - automation_pipeline - INFO - Processing 1 Excel file(s)
2025-11-18 09:43:00,998 - automation_pipeline - INFO - Step 2: Backing up previous outputs...
2025-11-18 09:43:00,999 - automation_pipeline - INFO - Previous outputs backed up to: backup_20251118_094300
2025-11-18 09:43:00,999 - automation_pipeline - INFO - SUCCESS: Previous outputs backed up
2025-11-18 09:43:00,999 - automation_pipeline - INFO - Processing file 1/1: test_data.xlsm
2025-11-18 09:43:00,999 - automation_pipeline - INFO - Step 3.1: Extracting Excel data to JSON...
2025-11-18 09:43:02,755 - automation_pipeline - INFO - JSON file created: test_data_comprehensive_extract.json (5,143,854 bytes)
2025-11-18 09:43:02,756 - automation_pipeline - INFO - SUCCESS: Excel data extracted to: test_data_comprehensive_extract.json
2025-11-18 09:43:02,756 - automation_pipeline - INFO - Step 4.1: Generating Terraform files...
2025-11-18 09:43:02,788 - automation_pipeline - INFO - ================================================================================
2025-11-18 09:43:02,788 - automation_pipeline - INFO - DATA EXTRACTION VALIDATION RESULTS
2025-11-18 09:43:02,789 - automation_pipeline - INFO - ================================================================================
2025-11-18 09:43:02,789 - automation_pipeline - INFO - Extraction Quality: GOOD
2025-11-18 09:43:02,789 - automation_pipeline - INFO - Valid: True
2025-11-18 09:43:02,789 - automation_pipeline - WARNING - WARNINGS (1):
2025-11-18 09:43:02,789 - automation_pipeline - WARNING -   [WARN] Only 1 VM(s) extracted - may be using fallback defaults
2025-11-18 09:43:02,789 - automation_pipeline - INFO - [PASS] Required data extracted with warnings
2025-11-18 09:43:02,789 - automation_pipeline - INFO - ================================================================================
2025-11-18 09:43:02,789 - automation_pipeline - INFO - Using EnhancedTerraformGeneratorV2 (full resource file generation)
2025-11-18 09:43:02,789 - automation_pipeline - INFO - Output directory: terraform_output/20251118_094302
2025-11-18 09:43:02,791 - automation_pipeline - INFO - Generated 20 Terraform files
2025-11-18 09:43:02,791 - automation_pipeline - INFO -   - m-basevm.tf (1,420 bytes)
2025-11-18 09:43:02,791 - automation_pipeline - INFO -   - r-rg.tf (269 bytes)
2025-11-18 09:43:02,791 - automation_pipeline - INFO -   - r-asg.tf (426 bytes)
2025-11-18 09:43:02,791 - automation_pipeline - INFO -   - r-snet.tf (348 bytes)
2025-11-18 09:43:02,791 - automation_pipeline - INFO -   - r-nsr.tf (1,552 bytes)
2025-11-18 09:43:02,791 - automation_pipeline - INFO -   - r-kvlt.tf (1,630 bytes)
2025-11-18 09:43:02,791 - automation_pipeline - INFO -   - r-umid.tf (686 bytes)
2025-11-18 09:43:02,791 - automation_pipeline - INFO -   - r-dsk.tf (1,036 bytes)
2025-11-18 09:43:02,791 - automation_pipeline - INFO -   - r-pe.tf (1,333 bytes)
2025-11-18 09:43:02,791 - automation_pipeline - INFO -   - r-rnd.tf (259 bytes)
2025-11-18 09:43:02,791 - automation_pipeline - INFO -   - r-dcra.tf (626 bytes)
2025-11-18 09:43:02,791 - automation_pipeline - INFO -   - variables.tf (15,596 bytes)
2025-11-18 09:43:02,791 - automation_pipeline - INFO -   - terraform.tfvars (4,722 bytes)
2025-11-18 09:43:02,791 - automation_pipeline - INFO -   - outputs.tf (91 bytes)
2025-11-18 09:43:02,791 - automation_pipeline - INFO -   - versions.tf (327 bytes)
2025-11-18 09:43:02,791 - automation_pipeline - INFO -   - data.tf (2,478 bytes)
2025-11-18 09:43:02,791 - automation_pipeline - INFO -   - locals.tf (576 bytes)
2025-11-18 09:43:02,791 - automation_pipeline - INFO -   - scripts/validate.sh (1,158 bytes)
2025-11-18 09:43:02,791 - automation_pipeline - INFO -   - README.md (1,672 bytes)
2025-11-18 09:43:02,791 - automation_pipeline - INFO -   - .gitignore (776 bytes)
2025-11-18 09:43:02,792 - automation_pipeline - INFO - SUCCESS: Terraform files generated in: terraform_output/20251118_094302
2025-11-18 09:43:02,792 - automation_pipeline - INFO - Step 5: Validating generated files...
2025-11-18 09:43:02,812 - automation_pipeline - INFO - SUCCESS: Output validation completed
2025-11-18 09:43:02,812 - automation_pipeline - INFO - Step 5a: Running Terraform validation...
2025-11-18 09:43:02,812 - automation_pipeline - INFO - Validating Terraform in: terraform_output/20251118_094302
2025-11-18 09:43:02,817 - automation_pipeline - WARNING - Terraform not available: [Errno 2] No such file or directory: 'terraform'
2025-11-18 09:43:02,817 - automation_pipeline - INFO - SUCCESS: Terraform validation completed
2025-11-18 09:43:02,817 - automation_pipeline - INFO - Step 6: Generating summary report...
2025-11-18 09:43:02,817 - automation_pipeline - INFO - SUCCESS: Summary report generated
2025-11-18 09:43:02,817 - automation_pipeline - INFO - Step 7: Cleaning up temporary files...
2025-11-18 09:43:02,817 - automation_pipeline - INFO - SUCCESS: Temporary files cleaned up
2025-11-18 09:43:02,817 - automation_pipeline - INFO - ================================================================================
2025-11-18 09:43:02,817 - automation_pipeline - INFO - AUTOMATION PIPELINE COMPLETED SUCCESSFULLY!
2025-11-18 09:43:02,817 - automation_pipeline - INFO - ================================================================================
2025-11-18 09:43:02,817 - automation_pipeline - INFO - Files processed: 1
2025-11-18 09:43:02,817 - automation_pipeline - INFO - Files generated: 21
2025-11-18 09:43:02,817 - automation_pipeline - INFO - Steps completed: 8
2025-11-18 09:43:02,818 - automation_pipeline - INFO - Duration: 0.00 seconds
2025-11-18 09:43:02,818 - automation_pipeline - INFO - Results saved to: terraform_output/20251118_094302/automation_results.json
2025-11-18 09:43:02,818 - automation_pipeline - INFO - SUCCESS: Automation completed successfully - notification sent
2025-11-18 10:06:06,100 - automation_pipeline - INFO - ================================================================================
2025-11-18 10:06:06,100 - automation_pipeline - INFO - EXCEL TO TERRAFORM AUTOMATION PIPELINE
2025-11-18 10:06:06,100 - automation_pipeline - INFO - ================================================================================
2025-11-18 10:06:06,100 - automation_pipeline - INFO - Started at: 2025-11-18 10:06:06.100335
2025-11-18 10:06:06,100 - automation_pipeline - INFO - Configuration: automation_config.json
2025-11-18 10:06:06,100 - automation_pipeline - INFO - Step 1: Validating inputs...
2025-11-18 10:06:06,100 - automation_pipeline - INFO - Found 1 Excel files in sourcefiles
2025-11-18 10:06:06,100 - automation_pipeline - INFO -   - test_data.xlsm
2025-11-18 10:06:06,101 - automation_pipeline - INFO - SUCCESS: Input validation completed
2025-11-18 10:06:06,101 - automation_pipeline - INFO - Found 1 Excel files in sourcefiles
2025-11-18 10:06:06,101 - automation_pipeline - INFO -   - test_data.xlsm
2025-11-18 10:06:06,101 - automation_pipeline - INFO - Processing 1 Excel file(s)
2025-11-18 10:06:06,101 - automation_pipeline - INFO - Step 2: Backing up previous outputs...
2025-11-18 10:06:06,101 - automation_pipeline - INFO - Previous outputs backed up to: backup_20251118_100606
2025-11-18 10:06:06,101 - automation_pipeline - INFO - SUCCESS: Previous outputs backed up
2025-11-18 10:06:06,101 - automation_pipeline - INFO - Processing file 1/1: test_data.xlsm
2025-11-18 10:06:06,101 - automation_pipeline - INFO - Step 3.1: Extracting Excel data to JSON...
2025-11-18 10:06:07,843 - automation_pipeline - INFO - JSON file created: test_data_comprehensive_extract.json (5,143,854 bytes)
2025-11-18 10:06:07,844 - automation_pipeline - INFO - SUCCESS: Excel data extracted to: test_data_comprehensive_extract.json
2025-11-18 10:06:07,844 - automation_pipeline - INFO - Step 4.1: Generating Terraform files...
2025-11-18 10:06:07,876 - automation_pipeline - INFO - ================================================================================
2025-11-18 10:06:07,876 - automation_pipeline - INFO - DATA EXTRACTION VALIDATION RESULTS
2025-11-18 10:06:07,876 - automation_pipeline - INFO - ================================================================================
2025-11-18 10:06:07,876 - automation_pipeline - INFO - Extraction Quality: GOOD
2025-11-18 10:06:07,876 - automation_pipeline - INFO - Valid: True
2025-11-18 10:06:07,876 - automation_pipeline - WARNING - WARNINGS (1):
2025-11-18 10:06:07,876 - automation_pipeline - WARNING -   [WARN] Only 1 VM(s) extracted - may be using fallback defaults
2025-11-18 10:06:07,876 - automation_pipeline - INFO - [PASS] Required data extracted with warnings
2025-11-18 10:06:07,876 - automation_pipeline - INFO - ================================================================================
2025-11-18 10:06:07,876 - automation_pipeline - INFO - Using EnhancedTerraformGeneratorV2 (full resource file generation)
2025-11-18 10:06:07,877 - automation_pipeline - INFO - Output directory: terraform_output/20251118_100607
2025-11-18 10:06:07,878 - automation_pipeline - INFO - Generated 17 Terraform files
2025-11-18 10:06:07,878 - automation_pipeline - INFO -   - m-vm.tf (4,484 bytes)
2025-11-18 10:06:07,878 - automation_pipeline - INFO -   - main.tf (253 bytes)
2025-11-18 10:06:07,878 - automation_pipeline - INFO -   - r-asg.tf (426 bytes)
2025-11-18 10:06:07,878 - automation_pipeline - INFO -   - r-snet.tf (348 bytes)
2025-11-18 10:06:07,878 - automation_pipeline - INFO -   - r-kvlt.tf (1,630 bytes)
2025-11-18 10:06:07,878 - automation_pipeline - INFO -   - r-umid.tf (686 bytes)
2025-11-18 10:06:07,878 - automation_pipeline - INFO -   - r-dsk.tf (1,036 bytes)
2025-11-18 10:06:07,879 - automation_pipeline - INFO -   - r-rnd.tf (259 bytes)
2025-11-18 10:06:07,879 - automation_pipeline - INFO -   - r-dcra.tf (626 bytes)
2025-11-18 10:06:07,879 - automation_pipeline - INFO -   - variables.tf (15,596 bytes)
2025-11-18 10:06:07,879 - automation_pipeline - INFO -   - terraform.tfvars (4,722 bytes)
2025-11-18 10:06:07,879 - automation_pipeline - INFO -   - outputs.tf (72 bytes)
2025-11-18 10:06:07,879 - automation_pipeline - INFO -   - data.tf (2,478 bytes)
2025-11-18 10:06:07,879 - automation_pipeline - INFO -   - locals.tf (576 bytes)
2025-11-18 10:06:07,879 - automation_pipeline - INFO -   - scripts/validate.sh (1,158 bytes)
2025-11-18 10:06:07,879 - automation_pipeline - INFO -   - README.md (1,672 bytes)
2025-11-18 10:06:07,879 - automation_pipeline - INFO -   - .gitignore (776 bytes)
2025-11-18 10:06:07,879 - automation_pipeline - INFO - SUCCESS: Terraform files generated in: terraform_output/20251118_100607
2025-11-18 10:06:07,880 - automation_pipeline - INFO - Step 5: Validating generated files...
2025-11-18 10:06:07,899 - automation_pipeline - INFO - SUCCESS: Output validation completed
2025-11-18 10:06:07,900 - automation_pipeline - INFO - Step 5a: Running Terraform validation...
2025-11-18 10:06:07,900 - automation_pipeline - INFO - Validating Terraform in: terraform_output/20251118_100607
2025-11-18 10:06:07,904 - automation_pipeline - WARNING - Terraform not available: [Errno 2] No such file or directory: 'terraform'
2025-11-18 10:06:07,904 - automation_pipeline - INFO - SUCCESS: Terraform validation completed
2025-11-18 10:06:07,904 - automation_pipeline - INFO - Step 6: Generating summary report...
2025-11-18 10:06:07,904 - automation_pipeline - INFO - SUCCESS: Summary report generated
2025-11-18 10:06:07,904 - automation_pipeline - INFO - Step 7: Cleaning up temporary files...
2025-11-18 10:06:07,904 - automation_pipeline - INFO - SUCCESS: Temporary files cleaned up
2025-11-18 10:06:07,904 - automation_pipeline - INFO - ================================================================================
2025-11-18 10:06:07,904 - automation_pipeline - INFO - AUTOMATION PIPELINE COMPLETED SUCCESSFULLY!
2025-11-18 10:06:07,904 - automation_pipeline - INFO - ================================================================================
2025-11-18 10:06:07,904 - automation_pipeline - INFO - Files processed: 1
2025-11-18 10:06:07,904 - automation_pipeline - INFO - Files generated: 18
2025-11-18 10:06:07,904 - automation_pipeline - INFO - Steps completed: 8
2025-11-18 10:06:07,904 - automation_pipeline - INFO - Duration: 0.00 seconds
2025-11-18 10:06:07,905 - automation_pipeline - INFO - Results saved to: terraform_output/20251118_100607/automation_results.json
2025-11-18 10:06:07,905 - automation_pipeline - INFO - SUCCESS: Automation completed successfully - notification sent
2025-11-18 10:19:16,199 - automation_pipeline - INFO - ================================================================================
2025-11-18 10:19:16,199 - automation_pipeline - INFO - EXCEL TO TERRAFORM AUTOMATION PIPELINE
2025-11-18 10:19:16,199 - automation_pipeline - INFO - ================================================================================
2025-11-18 10:19:16,199 - automation_pipeline - INFO - Started at: 2025-11-18 10:19:16.199043
2025-11-18 10:19:16,199 - automation_pipeline - INFO - Configuration: automation_config.json
2025-11-18 10:19:16,199 - automation_pipeline - INFO - Step 1: Validating inputs...
2025-11-18 10:19:16,199 - automation_pipeline - INFO - No specific file provided, searching sourcefiles directory for Excel files...
2025-11-18 10:19:16,199 - automation_pipeline - INFO - Found 1 Excel file(s) in sourcefiles directory
2025-11-18 10:19:16,199 - automation_pipeline - INFO -   - test_data.xlsm
2025-11-18 10:19:16,200 - automation_pipeline - INFO - SUCCESS: Input validation completed
2025-11-18 10:19:16,200 - automation_pipeline - INFO - No specific file provided, searching sourcefiles directory for Excel files...
2025-11-18 10:19:16,200 - automation_pipeline - INFO - Found 1 Excel file(s) in sourcefiles directory
2025-11-18 10:19:16,200 - automation_pipeline - INFO -   - test_data.xlsm
2025-11-18 10:19:16,200 - automation_pipeline - INFO - Processing 1 Excel file(s)
2025-11-18 10:19:16,200 - automation_pipeline - INFO - Step 2: Backing up previous outputs...
2025-11-18 10:19:16,200 - automation_pipeline - INFO - Previous outputs backed up to: backup_20251118_101916
2025-11-18 10:19:16,200 - automation_pipeline - INFO - SUCCESS: Previous outputs backed up
2025-11-18 10:19:16,200 - automation_pipeline - INFO - Processing file 1/1: test_data.xlsm
2025-11-18 10:19:16,200 - automation_pipeline - INFO - Step 3.1: Extracting Excel data to JSON...
2025-11-18 10:19:17,838 - automation_pipeline - INFO - JSON file created: test_data_comprehensive_extract.json (5,143,854 bytes)
2025-11-18 10:19:17,840 - automation_pipeline - INFO - SUCCESS: Excel data extracted to: test_data_comprehensive_extract.json
2025-11-18 10:19:17,840 - automation_pipeline - INFO - Step 4.1: Generating Terraform files...
2025-11-18 10:19:17,869 - automation_pipeline - INFO - ================================================================================
2025-11-18 10:19:17,869 - automation_pipeline - INFO - DATA EXTRACTION VALIDATION RESULTS
2025-11-18 10:19:17,869 - automation_pipeline - INFO - ================================================================================
2025-11-18 10:19:17,869 - automation_pipeline - INFO - Extraction Quality: GOOD
2025-11-18 10:19:17,869 - automation_pipeline - INFO - Valid: True
2025-11-18 10:19:17,869 - automation_pipeline - WARNING - WARNINGS (1):
2025-11-18 10:19:17,869 - automation_pipeline - WARNING -   [WARN] Only 1 VM(s) extracted - may be using fallback defaults
2025-11-18 10:19:17,869 - automation_pipeline - INFO - [PASS] Required data extracted with warnings
2025-11-18 10:19:17,869 - automation_pipeline - INFO - ================================================================================
2025-11-18 10:19:17,870 - automation_pipeline - INFO - Using EnhancedTerraformGeneratorV2 (full resource file generation)
2025-11-18 10:19:17,870 - automation_pipeline - INFO - Output directory: terraform_output/20251118_101917
2025-11-18 10:19:17,872 - automation_pipeline - INFO - Generated 22 Terraform files
2025-11-18 10:19:17,872 - automation_pipeline - INFO -   - m-vm.tf (4,484 bytes)
2025-11-18 10:19:17,872 - automation_pipeline - INFO -   - main.tf (3,100 bytes)
2025-11-18 10:19:17,872 - automation_pipeline - INFO -   - r-asg.tf (1,361 bytes)
2025-11-18 10:19:17,872 - automation_pipeline - INFO -   - r-snet.tf (933 bytes)
2025-11-18 10:19:17,872 - automation_pipeline - INFO -   - r-kvlt.tf (1,952 bytes)
2025-11-18 10:19:17,872 - automation_pipeline - INFO -   - r-umid.tf (1,053 bytes)
2025-11-18 10:19:17,872 - automation_pipeline - INFO -   - r-dsk.tf (1,069 bytes)
2025-11-18 10:19:17,872 - automation_pipeline - INFO -   - r-rnd.tf (240 bytes)
2025-11-18 10:19:17,872 - automation_pipeline - INFO -   - r-dcra.tf (463 bytes)
2025-11-18 10:19:17,872 - automation_pipeline - INFO -   - networking.tf (1,029 bytes)
2025-11-18 10:19:17,872 - automation_pipeline - INFO -   - s3.tf (928 bytes)
2025-11-18 10:19:17,872 - automation_pipeline - INFO -   - packages/monitoring/alerts.tf (931 bytes)
2025-11-18 10:19:17,872 - automation_pipeline - INFO -   - packages/storage/buckets.tf (659 bytes)
2025-11-18 10:19:17,872 - automation_pipeline - INFO -   - variables.tf (15,596 bytes)
2025-11-18 10:19:17,873 - automation_pipeline - INFO -   - terraform.tfvars (4,722 bytes)
2025-11-18 10:19:17,873 - automation_pipeline - INFO -   - outputs.tf (72 bytes)
2025-11-18 10:19:17,873 - automation_pipeline - INFO -   - data.tf (3,032 bytes)
2025-11-18 10:19:17,873 - automation_pipeline - INFO -   - locals.tf (392 bytes)
2025-11-18 10:19:17,873 - automation_pipeline - INFO -   - production.tfvars (409 bytes)
2025-11-18 10:19:17,873 - automation_pipeline - INFO -   - scripts/validate.sh (1,158 bytes)
2025-11-18 10:19:17,873 - automation_pipeline - INFO -   - README.md (1,672 bytes)
2025-11-18 10:19:17,873 - automation_pipeline - INFO -   - .gitignore (776 bytes)
2025-11-18 10:19:17,874 - automation_pipeline - INFO - SUCCESS: Terraform files generated in: terraform_output/20251118_101917
2025-11-18 10:19:17,874 - automation_pipeline - INFO - Step 5: Validating generated files...
2025-11-18 10:19:17,894 - automation_pipeline - INFO - SUCCESS: Output validation completed
2025-11-18 10:19:17,894 - automation_pipeline - INFO - Step 5a: Running Terraform validation...
2025-11-18 10:19:17,894 - automation_pipeline - INFO - Validating Terraform in: terraform_output/20251118_101917
2025-11-18 10:19:17,898 - automation_pipeline - WARNING - Terraform not available: [Errno 2] No such file or directory: 'terraform'
2025-11-18 10:19:17,898 - automation_pipeline - INFO - SUCCESS: Terraform validation completed
2025-11-18 10:19:17,898 - automation_pipeline - INFO - Step 6: Generating summary report...
2025-11-18 10:19:17,898 - automation_pipeline - INFO - SUCCESS: Summary report generated
2025-11-18 10:19:17,898 - automation_pipeline - INFO - Step 7: Cleaning up temporary files...
2025-11-18 10:19:17,898 - automation_pipeline - INFO - SUCCESS: Temporary files cleaned up
2025-11-18 10:19:17,899 - automation_pipeline - INFO - ================================================================================
2025-11-18 10:19:17,899 - automation_pipeline - INFO - AUTOMATION PIPELINE COMPLETED SUCCESSFULLY!
2025-11-18 10:19:17,899 - automation_pipeline - INFO - ================================================================================
2025-11-18 10:19:17,899 - automation_pipeline - INFO - Files processed: 1
2025-11-18 10:19:17,899 - automation_pipeline - INFO - Files generated: 23
2025-11-18 10:19:17,899 - automation_pipeline - INFO - Steps completed: 8
2025-11-18 10:19:17,899 - automation_pipeline - INFO - Duration: 0.00 seconds
2025-11-18 10:19:17,899 - automation_pipeline - INFO - Results saved to: terraform_output/20251118_101917/automation_results.json
2025-11-18 10:19:17,899 - automation_pipeline - INFO - SUCCESS: Automation completed successfully - notification sent
2025-11-18 11:03:16,706 - automation_pipeline - INFO - ================================================================================
2025-11-18 11:03:16,707 - automation_pipeline - INFO - EXCEL TO TERRAFORM AUTOMATION PIPELINE
2025-11-18 11:03:16,707 - automation_pipeline - INFO - ================================================================================
2025-11-18 11:03:16,707 - automation_pipeline - INFO - Started at: 2025-11-18 11:03:16.706793
2025-11-18 11:03:16,707 - automation_pipeline - INFO - Configuration: automation_config.json
2025-11-18 11:03:16,707 - automation_pipeline - INFO - Step 1: Validating inputs...
2025-11-18 11:03:16,707 - automation_pipeline - INFO - No specific file provided, searching sourcefiles directory for Excel files...
2025-11-18 11:03:16,707 - automation_pipeline - INFO - Found 1 Excel file(s) in sourcefiles directory
2025-11-18 11:03:16,707 - automation_pipeline - INFO -   - test_data.xlsm
2025-11-18 11:03:16,707 - automation_pipeline - INFO - SUCCESS: Input validation completed
2025-11-18 11:03:16,707 - automation_pipeline - INFO - No specific file provided, searching sourcefiles directory for Excel files...
2025-11-18 11:03:16,707 - automation_pipeline - INFO - Found 1 Excel file(s) in sourcefiles directory
2025-11-18 11:03:16,707 - automation_pipeline - INFO -   - test_data.xlsm
2025-11-18 11:03:16,707 - automation_pipeline - INFO - Processing 1 Excel file(s)
2025-11-18 11:03:16,707 - automation_pipeline - INFO - Step 2: Backing up previous outputs...
2025-11-18 11:03:16,708 - automation_pipeline - INFO - Previous outputs backed up to: backup_20251118_110316
2025-11-18 11:03:16,708 - automation_pipeline - INFO - SUCCESS: Previous outputs backed up
2025-11-18 11:03:16,708 - automation_pipeline - INFO - Processing file 1/1: test_data.xlsm
2025-11-18 11:03:16,708 - automation_pipeline - INFO - Step 3.1: Extracting Excel data to JSON...
2025-11-18 11:03:18,446 - automation_pipeline - INFO - JSON file created: test_data_comprehensive_extract.json (5,143,854 bytes)
2025-11-18 11:03:18,447 - automation_pipeline - INFO - SUCCESS: Excel data extracted to: test_data_comprehensive_extract.json
2025-11-18 11:03:18,447 - automation_pipeline - INFO - Step 4.1: Generating Terraform files...
2025-11-18 11:03:18,479 - automation_pipeline - INFO - ================================================================================
2025-11-18 11:03:18,479 - automation_pipeline - INFO - DATA EXTRACTION VALIDATION RESULTS
2025-11-18 11:03:18,479 - automation_pipeline - INFO - ================================================================================
2025-11-18 11:03:18,479 - automation_pipeline - INFO - Extraction Quality: GOOD
2025-11-18 11:03:18,479 - automation_pipeline - INFO - Valid: True
2025-11-18 11:03:18,479 - automation_pipeline - WARNING - WARNINGS (1):
2025-11-18 11:03:18,479 - automation_pipeline - WARNING -   [WARN] Only 1 VM(s) extracted - may be using fallback defaults
2025-11-18 11:03:18,479 - automation_pipeline - INFO - [PASS] Required data extracted with warnings
2025-11-18 11:03:18,479 - automation_pipeline - INFO - ================================================================================
2025-11-18 11:03:18,479 - automation_pipeline - INFO - Using EnhancedTerraformGeneratorV2 (full resource file generation)
2025-11-18 11:03:18,480 - automation_pipeline - INFO - Output directory: terraform_output/20251118_110318
2025-11-18 11:03:18,482 - automation_pipeline - INFO - Generated 22 Terraform files
2025-11-18 11:03:18,482 - automation_pipeline - INFO -   - m-vm.tf (4,484 bytes)
2025-11-18 11:03:18,482 - automation_pipeline - INFO -   - main.tf (3,100 bytes)
2025-11-18 11:03:18,482 - automation_pipeline - INFO -   - r-asg.tf (1,361 bytes)
2025-11-18 11:03:18,482 - automation_pipeline - INFO -   - r-snet.tf (933 bytes)
2025-11-18 11:03:18,482 - automation_pipeline - INFO -   - r-kvlt.tf (1,952 bytes)
2025-11-18 11:03:18,482 - automation_pipeline - INFO -   - r-umid.tf (1,053 bytes)
2025-11-18 11:03:18,482 - automation_pipeline - INFO -   - r-dsk.tf (1,069 bytes)
2025-11-18 11:03:18,482 - automation_pipeline - INFO -   - r-rnd.tf (240 bytes)
2025-11-18 11:03:18,482 - automation_pipeline - INFO -   - r-dcra.tf (463 bytes)
2025-11-18 11:03:18,482 - automation_pipeline - INFO -   - networking.tf (1,029 bytes)
2025-11-18 11:03:18,482 - automation_pipeline - INFO -   - s3.tf (928 bytes)
2025-11-18 11:03:18,482 - automation_pipeline - INFO -   - packages/monitoring/alerts.tf (931 bytes)
2025-11-18 11:03:18,482 - automation_pipeline - INFO -   - packages/storage/buckets.tf (659 bytes)
2025-11-18 11:03:18,482 - automation_pipeline - INFO -   - variables.tf (15,596 bytes)
2025-11-18 11:03:18,482 - automation_pipeline - INFO -   - terraform.tfvars (4,702 bytes)
2025-11-18 11:03:18,482 - automation_pipeline - INFO -   - outputs.tf (72 bytes)
2025-11-18 11:03:18,482 - automation_pipeline - INFO -   - data.tf (3,032 bytes)
2025-11-18 11:03:18,482 - automation_pipeline - INFO -   - locals.tf (392 bytes)
2025-11-18 11:03:18,482 - automation_pipeline - INFO -   - production.tfvars (409 bytes)
2025-11-18 11:03:18,482 - automation_pipeline - INFO -   - scripts/validate.sh (1,158 bytes)
2025-11-18 11:03:18,482 - automation_pipeline - INFO -   - README.md (1,672 bytes)
2025-11-18 11:03:18,482 - automation_pipeline - INFO -   - .gitignore (776 bytes)
2025-11-18 11:03:18,483 - automation_pipeline - INFO - SUCCESS: Terraform files generated in: terraform_output/20251118_110318
2025-11-18 11:03:18,483 - automation_pipeline - INFO - Step 5: Validating generated files...
2025-11-18 11:03:18,502 - automation_pipeline - INFO - SUCCESS: Output validation completed
2025-11-18 11:03:18,502 - automation_pipeline - INFO - Step 5a: Running Terraform validation...
2025-11-18 11:03:18,502 - automation_pipeline - INFO - Validating Terraform in: terraform_output/20251118_110318
2025-11-18 11:03:18,510 - automation_pipeline - WARNING - Terraform not available: [Errno 2] No such file or directory: 'terraform'
2025-11-18 11:03:18,510 - automation_pipeline - INFO - SUCCESS: Terraform validation completed
2025-11-18 11:03:18,510 - automation_pipeline - INFO - Step 6: Generating summary report...
2025-11-18 11:03:18,510 - automation_pipeline - INFO - SUCCESS: Summary report generated
2025-11-18 11:03:18,510 - automation_pipeline - INFO - Step 7: Cleaning up temporary files...
2025-11-18 11:03:18,510 - automation_pipeline - INFO - SUCCESS: Temporary files cleaned up
2025-11-18 11:03:18,511 - automation_pipeline - INFO - ================================================================================
2025-11-18 11:03:18,511 - automation_pipeline - INFO - AUTOMATION PIPELINE COMPLETED SUCCESSFULLY!
2025-11-18 11:03:18,511 - automation_pipeline - INFO - ================================================================================
2025-11-18 11:03:18,511 - automation_pipeline - INFO - Files processed: 1
2025-11-18 11:03:18,511 - automation_pipeline - INFO - Files generated: 23
2025-11-18 11:03:18,511 - automation_pipeline - INFO - Steps completed: 8
2025-11-18 11:03:18,511 - automation_pipeline - INFO - Duration: 0.00 seconds
2025-11-18 11:03:18,511 - automation_pipeline - INFO - Results saved to: terraform_output/20251118_110318/automation_results.json
2025-11-18 11:03:18,511 - automation_pipeline - INFO - SUCCESS: Automation completed successfully - notification sent
2025-11-18 11:04:02,499 - automation_pipeline - INFO - ================================================================================
2025-11-18 11:04:02,500 - automation_pipeline - INFO - EXCEL TO TERRAFORM AUTOMATION PIPELINE
2025-11-18 11:04:02,500 - automation_pipeline - INFO - ================================================================================
2025-11-18 11:04:02,500 - automation_pipeline - INFO - Started at: 2025-11-18 11:04:02.499860
2025-11-18 11:04:02,500 - automation_pipeline - INFO - Configuration: automation_config.json
2025-11-18 11:04:02,500 - automation_pipeline - INFO - Step 1: Validating inputs...
2025-11-18 11:04:02,500 - automation_pipeline - INFO - No specific file provided, searching sourcefiles directory for Excel files...
2025-11-18 11:04:02,500 - automation_pipeline - INFO - Found 1 Excel file(s) in sourcefiles directory
2025-11-18 11:04:02,500 - automation_pipeline - INFO -   - test_data.xlsm
2025-11-18 11:04:02,501 - automation_pipeline - INFO - SUCCESS: Input validation completed
2025-11-18 11:04:02,501 - automation_pipeline - INFO - No specific file provided, searching sourcefiles directory for Excel files...
2025-11-18 11:04:02,501 - automation_pipeline - INFO - Found 1 Excel file(s) in sourcefiles directory
2025-11-18 11:04:02,501 - automation_pipeline - INFO -   - test_data.xlsm
2025-11-18 11:04:02,501 - automation_pipeline - INFO - Processing 1 Excel file(s)
2025-11-18 11:04:02,501 - automation_pipeline - INFO - Step 2: Backing up previous outputs...
2025-11-18 11:04:02,501 - automation_pipeline - INFO - Previous outputs backed up to: backup_20251118_110402
2025-11-18 11:04:02,501 - automation_pipeline - INFO - SUCCESS: Previous outputs backed up
2025-11-18 11:04:02,501 - automation_pipeline - INFO - Processing file 1/1: test_data.xlsm
2025-11-18 11:04:02,501 - automation_pipeline - INFO - Step 3.1: Extracting Excel data to JSON...
2025-11-18 11:04:04,250 - automation_pipeline - INFO - JSON file created: test_data_comprehensive_extract.json (5,143,854 bytes)
2025-11-18 11:04:04,251 - automation_pipeline - INFO - SUCCESS: Excel data extracted to: test_data_comprehensive_extract.json
2025-11-18 11:04:04,251 - automation_pipeline - INFO - Step 4.1: Generating Terraform files...
2025-11-18 11:04:04,277 - automation_pipeline - INFO - ================================================================================
2025-11-18 11:04:04,277 - automation_pipeline - INFO - DATA EXTRACTION VALIDATION RESULTS
2025-11-18 11:04:04,277 - automation_pipeline - INFO - ================================================================================
2025-11-18 11:04:04,277 - automation_pipeline - INFO - Extraction Quality: GOOD
2025-11-18 11:04:04,277 - automation_pipeline - INFO - Valid: True
2025-11-18 11:04:04,277 - automation_pipeline - WARNING - WARNINGS (1):
2025-11-18 11:04:04,277 - automation_pipeline - WARNING -   [WARN] Only 1 VM(s) extracted - may be using fallback defaults
2025-11-18 11:04:04,277 - automation_pipeline - INFO - [PASS] Required data extracted with warnings
2025-11-18 11:04:04,277 - automation_pipeline - INFO - ================================================================================
2025-11-18 11:04:04,277 - automation_pipeline - INFO - Using EnhancedTerraformGeneratorV2 (full resource file generation)
2025-11-18 11:04:04,277 - automation_pipeline - INFO - Output directory: terraform_output/20251118_110404
2025-11-18 11:04:04,280 - automation_pipeline - INFO - Generated 22 Terraform files
2025-11-18 11:04:04,280 - automation_pipeline - INFO -   - m-vm.tf (4,484 bytes)
2025-11-18 11:04:04,280 - automation_pipeline - INFO -   - main.tf (3,100 bytes)
2025-11-18 11:04:04,280 - automation_pipeline - INFO -   - r-asg.tf (1,361 bytes)
2025-11-18 11:04:04,280 - automation_pipeline - INFO -   - r-snet.tf (933 bytes)
2025-11-18 11:04:04,280 - automation_pipeline - INFO -   - r-kvlt.tf (1,952 bytes)
2025-11-18 11:04:04,280 - automation_pipeline - INFO -   - r-umid.tf (1,053 bytes)
2025-11-18 11:04:04,280 - automation_pipeline - INFO -   - r-dsk.tf (1,069 bytes)
2025-11-18 11:04:04,280 - automation_pipeline - INFO -   - r-rnd.tf (240 bytes)
2025-11-18 11:04:04,280 - automation_pipeline - INFO -   - r-dcra.tf (463 bytes)
2025-11-18 11:04:04,280 - automation_pipeline - INFO -   - networking.tf (1,029 bytes)
2025-11-18 11:04:04,280 - automation_pipeline - INFO -   - s3.tf (928 bytes)
2025-11-18 11:04:04,280 - automation_pipeline - INFO -   - packages/monitoring/alerts.tf (931 bytes)
2025-11-18 11:04:04,280 - automation_pipeline - INFO -   - packages/storage/buckets.tf (659 bytes)
2025-11-18 11:04:04,280 - automation_pipeline - INFO -   - variables.tf (15,596 bytes)
2025-11-18 11:04:04,280 - automation_pipeline - INFO -   - terraform.tfvars (4,702 bytes)
2025-11-18 11:04:04,280 - automation_pipeline - INFO -   - outputs.tf (72 bytes)
2025-11-18 11:04:04,280 - automation_pipeline - INFO -   - data.tf (3,032 bytes)
2025-11-18 11:04:04,280 - automation_pipeline - INFO -   - locals.tf (392 bytes)
2025-11-18 11:04:04,280 - automation_pipeline - INFO -   - production.tfvars (409 bytes)
2025-11-18 11:04:04,280 - automation_pipeline - INFO -   - scripts/validate.sh (1,158 bytes)
2025-11-18 11:04:04,280 - automation_pipeline - INFO -   - README.md (1,672 bytes)
2025-11-18 11:04:04,280 - automation_pipeline - INFO -   - .gitignore (776 bytes)
2025-11-18 11:04:04,281 - automation_pipeline - INFO - SUCCESS: Terraform files generated in: terraform_output/20251118_110404
2025-11-18 11:04:04,281 - automation_pipeline - INFO - Step 5: Validating generated files...
2025-11-18 11:04:04,301 - automation_pipeline - INFO - SUCCESS: Output validation completed
2025-11-18 11:04:04,301 - automation_pipeline - INFO - Step 5a: Running Terraform validation...
2025-11-18 11:04:04,301 - automation_pipeline - INFO - Validating Terraform in: terraform_output/20251118_110404
2025-11-18 11:04:04,305 - automation_pipeline - WARNING - Terraform not available: [Errno 2] No such file or directory: 'terraform'
2025-11-18 11:04:04,305 - automation_pipeline - INFO - SUCCESS: Terraform validation completed
2025-11-18 11:04:04,305 - automation_pipeline - INFO - Step 6: Generating summary report...
2025-11-18 11:04:04,305 - automation_pipeline - INFO - SUCCESS: Summary report generated
2025-11-18 11:04:04,305 - automation_pipeline - INFO - Step 7: Cleaning up temporary files...
2025-11-18 11:04:04,305 - automation_pipeline - INFO - SUCCESS: Temporary files cleaned up
2025-11-18 11:04:04,305 - automation_pipeline - INFO - ================================================================================
2025-11-18 11:04:04,305 - automation_pipeline - INFO - AUTOMATION PIPELINE COMPLETED SUCCESSFULLY!
2025-11-18 11:04:04,305 - automation_pipeline - INFO - ================================================================================
2025-11-18 11:04:04,305 - automation_pipeline - INFO - Files processed: 1
2025-11-18 11:04:04,305 - automation_pipeline - INFO - Files generated: 23
2025-11-18 11:04:04,305 - automation_pipeline - INFO - Steps completed: 8
2025-11-18 11:04:04,305 - automation_pipeline - INFO - Duration: 0.00 seconds
2025-11-18 11:04:04,306 - automation_pipeline - INFO - Results saved to: terraform_output/20251118_110404/automation_results.json
2025-11-18 11:04:04,306 - automation_pipeline - INFO - SUCCESS: Automation completed successfully - notification sent
2025-11-18 11:05:10,867 - automation_pipeline - INFO - ================================================================================
2025-11-18 11:05:10,867 - automation_pipeline - INFO - EXCEL TO TERRAFORM AUTOMATION PIPELINE
2025-11-18 11:05:10,867 - automation_pipeline - INFO - ================================================================================
2025-11-18 11:05:10,867 - automation_pipeline - INFO - Started at: 2025-11-18 11:05:10.867323
2025-11-18 11:05:10,867 - automation_pipeline - INFO - Configuration: automation_config.json
2025-11-18 11:05:10,867 - automation_pipeline - INFO - Step 1: Validating inputs...
2025-11-18 11:05:10,867 - automation_pipeline - INFO - No specific file provided, searching sourcefiles directory for Excel files...
2025-11-18 11:05:10,867 - automation_pipeline - INFO - Found 1 Excel file(s) in sourcefiles directory
2025-11-18 11:05:10,867 - automation_pipeline - INFO -   - test_data.xlsm
2025-11-18 11:05:10,868 - automation_pipeline - INFO - SUCCESS: Input validation completed
2025-11-18 11:05:10,868 - automation_pipeline - INFO - No specific file provided, searching sourcefiles directory for Excel files...
2025-11-18 11:05:10,868 - automation_pipeline - INFO - Found 1 Excel file(s) in sourcefiles directory
2025-11-18 11:05:10,868 - automation_pipeline - INFO -   - test_data.xlsm
2025-11-18 11:05:10,868 - automation_pipeline - INFO - Processing 1 Excel file(s)
2025-11-18 11:05:10,868 - automation_pipeline - INFO - Step 2: Backing up previous outputs...
2025-11-18 11:05:10,868 - automation_pipeline - INFO - Previous outputs backed up to: backup_20251118_110510
2025-11-18 11:05:10,868 - automation_pipeline - INFO - SUCCESS: Previous outputs backed up
2025-11-18 11:05:10,868 - automation_pipeline - INFO - Processing file 1/1: test_data.xlsm
2025-11-18 11:05:10,868 - automation_pipeline - INFO - Step 3.1: Extracting Excel data to JSON...
2025-11-18 11:05:12,709 - automation_pipeline - INFO - JSON file created: test_data_comprehensive_extract.json (5,143,854 bytes)
2025-11-18 11:05:12,710 - automation_pipeline - INFO - SUCCESS: Excel data extracted to: test_data_comprehensive_extract.json
2025-11-18 11:05:12,710 - automation_pipeline - INFO - Step 4.1: Generating Terraform files...
2025-11-18 11:05:12,739 - automation_pipeline - INFO - ================================================================================
2025-11-18 11:05:12,739 - automation_pipeline - INFO - DATA EXTRACTION VALIDATION RESULTS
2025-11-18 11:05:12,739 - automation_pipeline - INFO - ================================================================================
2025-11-18 11:05:12,739 - automation_pipeline - INFO - Extraction Quality: GOOD
2025-11-18 11:05:12,739 - automation_pipeline - INFO - Valid: True
2025-11-18 11:05:12,739 - automation_pipeline - WARNING - WARNINGS (1):
2025-11-18 11:05:12,739 - automation_pipeline - WARNING -   [WARN] Only 1 VM(s) extracted - may be using fallback defaults
2025-11-18 11:05:12,739 - automation_pipeline - INFO - [PASS] Required data extracted with warnings
2025-11-18 11:05:12,739 - automation_pipeline - INFO - ================================================================================
2025-11-18 11:05:12,740 - automation_pipeline - INFO - Using EnhancedTerraformGeneratorV2 (full resource file generation)
2025-11-18 11:05:12,740 - automation_pipeline - INFO - Output directory: terraform_output/20251118_110512
2025-11-18 11:05:12,742 - automation_pipeline - INFO - Generated 22 Terraform files
2025-11-18 11:05:12,742 - automation_pipeline - INFO -   - m-vm.tf (4,484 bytes)
2025-11-18 11:05:12,742 - automation_pipeline - INFO -   - main.tf (3,100 bytes)
2025-11-18 11:05:12,742 - automation_pipeline - INFO -   - r-asg.tf (1,361 bytes)
2025-11-18 11:05:12,742 - automation_pipeline - INFO -   - r-snet.tf (933 bytes)
2025-11-18 11:05:12,742 - automation_pipeline - INFO -   - r-kvlt.tf (1,952 bytes)
2025-11-18 11:05:12,742 - automation_pipeline - INFO -   - r-umid.tf (1,053 bytes)
2025-11-18 11:05:12,742 - automation_pipeline - INFO -   - r-dsk.tf (1,069 bytes)
2025-11-18 11:05:12,742 - automation_pipeline - INFO -   - r-rnd.tf (240 bytes)
2025-11-18 11:05:12,742 - automation_pipeline - INFO -   - r-dcra.tf (463 bytes)
2025-11-18 11:05:12,742 - automation_pipeline - INFO -   - networking.tf (1,029 bytes)
2025-11-18 11:05:12,742 - automation_pipeline - INFO -   - s3.tf (928 bytes)
2025-11-18 11:05:12,742 - automation_pipeline - INFO -   - packages/monitoring/alerts.tf (931 bytes)
2025-11-18 11:05:12,742 - automation_pipeline - INFO -   - packages/storage/buckets.tf (659 bytes)
2025-11-18 11:05:12,742 - automation_pipeline - INFO -   - variables.tf (15,596 bytes)
2025-11-18 11:05:12,743 - automation_pipeline - INFO -   - terraform.tfvars (4,702 bytes)
2025-11-18 11:05:12,743 - automation_pipeline - INFO -   - outputs.tf (72 bytes)
2025-11-18 11:05:12,743 - automation_pipeline - INFO -   - data.tf (3,032 bytes)
2025-11-18 11:05:12,743 - automation_pipeline - INFO -   - locals.tf (392 bytes)
2025-11-18 11:05:12,743 - automation_pipeline - INFO -   - production.tfvars (409 bytes)
2025-11-18 11:05:12,743 - automation_pipeline - INFO -   - scripts/validate.sh (1,158 bytes)
2025-11-18 11:05:12,743 - automation_pipeline - INFO -   - README.md (1,672 bytes)
2025-11-18 11:05:12,743 - automation_pipeline - INFO -   - .gitignore (776 bytes)
2025-11-18 11:05:12,744 - automation_pipeline - INFO - SUCCESS: Terraform files generated in: terraform_output/20251118_110512
2025-11-18 11:05:12,744 - automation_pipeline - INFO - Step 5: Validating generated files...
2025-11-18 11:05:12,764 - automation_pipeline - INFO - SUCCESS: Output validation completed
2025-11-18 11:05:12,764 - automation_pipeline - INFO - Step 5a: Running Terraform validation...
2025-11-18 11:05:12,764 - automation_pipeline - INFO - Validating Terraform in: terraform_output/20251118_110512
2025-11-18 11:05:12,768 - automation_pipeline - WARNING - Terraform not available: [Errno 2] No such file or directory: 'terraform'
2025-11-18 11:05:12,768 - automation_pipeline - INFO - SUCCESS: Terraform validation completed
2025-11-18 11:05:12,768 - automation_pipeline - INFO - Step 6: Generating summary report...
2025-11-18 11:05:12,769 - automation_pipeline - INFO - SUCCESS: Summary report generated
2025-11-18 11:05:12,769 - automation_pipeline - INFO - Step 7: Cleaning up temporary files...
2025-11-18 11:05:12,769 - automation_pipeline - INFO - SUCCESS: Temporary files cleaned up
2025-11-18 11:05:12,769 - automation_pipeline - INFO - ================================================================================
2025-11-18 11:05:12,769 - automation_pipeline - INFO - AUTOMATION PIPELINE COMPLETED SUCCESSFULLY!
2025-11-18 11:05:12,769 - automation_pipeline - INFO - ================================================================================
2025-11-18 11:05:12,769 - automation_pipeline - INFO - Files processed: 1
2025-11-18 11:05:12,769 - automation_pipeline - INFO - Files generated: 23
2025-11-18 11:05:12,769 - automation_pipeline - INFO - Steps completed: 8
2025-11-18 11:05:12,769 - automation_pipeline - INFO - Duration: 0.00 seconds
2025-11-18 11:05:12,769 - automation_pipeline - INFO - Results saved to: terraform_output/20251118_110512/automation_results.json
2025-11-18 11:05:12,769 - automation_pipeline - INFO - SUCCESS: Automation completed successfully - notification sent
2025-11-18 11:05:24,580 - automation_pipeline - INFO - ================================================================================
2025-11-18 11:05:24,580 - automation_pipeline - INFO - EXCEL TO TERRAFORM AUTOMATION PIPELINE
2025-11-18 11:05:24,580 - automation_pipeline - INFO - ================================================================================
2025-11-18 11:05:24,580 - automation_pipeline - INFO - Started at: 2025-11-18 11:05:24.580128
2025-11-18 11:05:24,580 - automation_pipeline - INFO - Configuration: automation_config.json
2025-11-18 11:05:24,580 - automation_pipeline - INFO - Step 1: Validating inputs...
2025-11-18 11:05:24,580 - automation_pipeline - INFO - No specific file provided, searching sourcefiles directory for Excel files...
2025-11-18 11:05:24,580 - automation_pipeline - INFO - Found 1 Excel file(s) in sourcefiles directory
2025-11-18 11:05:24,580 - automation_pipeline - INFO -   - test_data.xlsm
2025-11-18 11:05:24,580 - automation_pipeline - INFO - SUCCESS: Input validation completed
2025-11-18 11:05:24,580 - automation_pipeline - INFO - No specific file provided, searching sourcefiles directory for Excel files...
2025-11-18 11:05:24,581 - automation_pipeline - INFO - Found 1 Excel file(s) in sourcefiles directory
2025-11-18 11:05:24,581 - automation_pipeline - INFO -   - test_data.xlsm
2025-11-18 11:05:24,581 - automation_pipeline - INFO - Processing 1 Excel file(s)
2025-11-18 11:05:24,581 - automation_pipeline - INFO - Step 2: Backing up previous outputs...
2025-11-18 11:05:24,581 - automation_pipeline - INFO - Previous outputs backed up to: backup_20251118_110524
2025-11-18 11:05:24,581 - automation_pipeline - INFO - SUCCESS: Previous outputs backed up
2025-11-18 11:05:24,581 - automation_pipeline - INFO - Processing file 1/1: test_data.xlsm
2025-11-18 11:05:24,581 - automation_pipeline - INFO - Step 3.1: Extracting Excel data to JSON...
2025-11-18 11:05:26,295 - automation_pipeline - INFO - JSON file created: test_data_comprehensive_extract.json (5,143,854 bytes)
2025-11-18 11:05:26,296 - automation_pipeline - INFO - SUCCESS: Excel data extracted to: test_data_comprehensive_extract.json
2025-11-18 11:05:26,296 - automation_pipeline - INFO - Step 4.1: Generating Terraform files...
2025-11-18 11:05:26,321 - automation_pipeline - INFO - ================================================================================
2025-11-18 11:05:26,321 - automation_pipeline - INFO - DATA EXTRACTION VALIDATION RESULTS
2025-11-18 11:05:26,321 - automation_pipeline - INFO - ================================================================================
2025-11-18 11:05:26,321 - automation_pipeline - INFO - Extraction Quality: GOOD
2025-11-18 11:05:26,321 - automation_pipeline - INFO - Valid: True
2025-11-18 11:05:26,321 - automation_pipeline - WARNING - WARNINGS (1):
2025-11-18 11:05:26,321 - automation_pipeline - WARNING -   [WARN] Only 1 VM(s) extracted - may be using fallback defaults
2025-11-18 11:05:26,321 - automation_pipeline - INFO - [PASS] Required data extracted with warnings
2025-11-18 11:05:26,321 - automation_pipeline - INFO - ================================================================================
2025-11-18 11:05:26,322 - automation_pipeline - INFO - Using EnhancedTerraformGeneratorV2 (full resource file generation)
2025-11-18 11:05:26,322 - automation_pipeline - INFO - Output directory: terraform_output/20251118_110526
2025-11-18 11:05:26,324 - automation_pipeline - INFO - Generated 22 Terraform files
2025-11-18 11:05:26,324 - automation_pipeline - INFO -   - m-vm.tf (4,484 bytes)
2025-11-18 11:05:26,324 - automation_pipeline - INFO -   - main.tf (3,100 bytes)
2025-11-18 11:05:26,324 - automation_pipeline - INFO -   - r-asg.tf (1,361 bytes)
2025-11-18 11:05:26,324 - automation_pipeline - INFO -   - r-snet.tf (933 bytes)
2025-11-18 11:05:26,324 - automation_pipeline - INFO -   - r-kvlt.tf (1,952 bytes)
2025-11-18 11:05:26,324 - automation_pipeline - INFO -   - r-umid.tf (1,053 bytes)
2025-11-18 11:05:26,324 - automation_pipeline - INFO -   - r-dsk.tf (1,069 bytes)
2025-11-18 11:05:26,324 - automation_pipeline - INFO -   - r-rnd.tf (240 bytes)
2025-11-18 11:05:26,324 - automation_pipeline - INFO -   - r-dcra.tf (463 bytes)
2025-11-18 11:05:26,324 - automation_pipeline - INFO -   - networking.tf (1,029 bytes)
2025-11-18 11:05:26,324 - automation_pipeline - INFO -   - s3.tf (928 bytes)
2025-11-18 11:05:26,325 - automation_pipeline - INFO -   - packages/monitoring/alerts.tf (931 bytes)
2025-11-18 11:05:26,325 - automation_pipeline - INFO -   - packages/storage/buckets.tf (659 bytes)
2025-11-18 11:05:26,325 - automation_pipeline - INFO -   - variables.tf (15,596 bytes)
2025-11-18 11:05:26,325 - automation_pipeline - INFO -   - terraform.tfvars (4,702 bytes)
2025-11-18 11:05:26,325 - automation_pipeline - INFO -   - outputs.tf (72 bytes)
2025-11-18 11:05:26,325 - automation_pipeline - INFO -   - data.tf (3,032 bytes)
2025-11-18 11:05:26,325 - automation_pipeline - INFO -   - locals.tf (392 bytes)
2025-11-18 11:05:26,325 - automation_pipeline - INFO -   - production.tfvars (409 bytes)
2025-11-18 11:05:26,325 - automation_pipeline - INFO -   - scripts/validate.sh (1,158 bytes)
2025-11-18 11:05:26,325 - automation_pipeline - INFO -   - README.md (1,672 bytes)
2025-11-18 11:05:26,325 - automation_pipeline - INFO -   - .gitignore (776 bytes)
2025-11-18 11:05:26,326 - automation_pipeline - INFO - SUCCESS: Terraform files generated in: terraform_output/20251118_110526
2025-11-18 11:05:26,326 - automation_pipeline - INFO - Step 5: Validating generated files...
2025-11-18 11:05:26,347 - automation_pipeline - INFO - SUCCESS: Output validation completed
2025-11-18 11:05:26,347 - automation_pipeline - INFO - Step 5a: Running Terraform validation...
2025-11-18 11:05:26,347 - automation_pipeline - INFO - Validating Terraform in: terraform_output/20251118_110526
2025-11-18 11:05:26,352 - automation_pipeline - WARNING - Terraform not available: [Errno 2] No such file or directory: 'terraform'
2025-11-18 11:05:26,352 - automation_pipeline - INFO - SUCCESS: Terraform validation completed
2025-11-18 11:05:26,352 - automation_pipeline - INFO - Step 6: Generating summary report...
2025-11-18 11:05:26,353 - automation_pipeline - INFO - SUCCESS: Summary report generated
2025-11-18 11:05:26,353 - automation_pipeline - INFO - Step 7: Cleaning up temporary files...
2025-11-18 11:05:26,353 - automation_pipeline - INFO - SUCCESS: Temporary files cleaned up
2025-11-18 11:05:26,353 - automation_pipeline - INFO - ================================================================================
2025-11-18 11:05:26,353 - automation_pipeline - INFO - AUTOMATION PIPELINE COMPLETED SUCCESSFULLY!
2025-11-18 11:05:26,353 - automation_pipeline - INFO - ================================================================================
2025-11-18 11:05:26,353 - automation_pipeline - INFO - Files processed: 1
2025-11-18 11:05:26,353 - automation_pipeline - INFO - Files generated: 23
2025-11-18 11:05:26,353 - automation_pipeline - INFO - Steps completed: 8
2025-11-18 11:05:26,353 - automation_pipeline - INFO - Duration: 0.00 seconds
2025-11-18 11:05:26,353 - automation_pipeline - INFO - Results saved to: terraform_output/20251118_110526/automation_results.json
2025-11-18 11:05:26,353 - automation_pipeline - INFO - SUCCESS: Automation completed successfully - notification sent
2025-11-18 11:05:31,303 - automation_pipeline - INFO - ================================================================================
2025-11-18 11:05:31,304 - automation_pipeline - INFO - EXCEL TO TERRAFORM AUTOMATION PIPELINE
2025-11-18 11:05:31,304 - automation_pipeline - INFO - ================================================================================
2025-11-18 11:05:31,304 - automation_pipeline - INFO - Started at: 2025-11-18 11:05:31.303967
2025-11-18 11:05:31,304 - automation_pipeline - INFO - Configuration: automation_config.json
2025-11-18 11:05:31,304 - automation_pipeline - INFO - Step 1: Validating inputs...
2025-11-18 11:05:31,304 - automation_pipeline - INFO - No specific file provided, searching sourcefiles directory for Excel files...
2025-11-18 11:05:31,304 - automation_pipeline - INFO - Found 1 Excel file(s) in sourcefiles directory
2025-11-18 11:05:31,304 - automation_pipeline - INFO -   - test_data.xlsm
2025-11-18 11:05:31,304 - automation_pipeline - INFO - SUCCESS: Input validation completed
2025-11-18 11:05:31,304 - automation_pipeline - INFO - No specific file provided, searching sourcefiles directory for Excel files...
2025-11-18 11:05:31,304 - automation_pipeline - INFO - Found 1 Excel file(s) in sourcefiles directory
2025-11-18 11:05:31,304 - automation_pipeline - INFO -   - test_data.xlsm
2025-11-18 11:05:31,304 - automation_pipeline - INFO - Processing 1 Excel file(s)
2025-11-18 11:05:31,304 - automation_pipeline - INFO - Step 2: Backing up previous outputs...
2025-11-18 11:05:31,304 - automation_pipeline - INFO - Previous outputs backed up to: backup_20251118_110531
2025-11-18 11:05:31,304 - automation_pipeline - INFO - SUCCESS: Previous outputs backed up
2025-11-18 11:05:31,304 - automation_pipeline - INFO - Processing file 1/1: test_data.xlsm
2025-11-18 11:05:31,304 - automation_pipeline - INFO - Step 3.1: Extracting Excel data to JSON...
2025-11-18 11:05:33,042 - automation_pipeline - INFO - JSON file created: test_data_comprehensive_extract.json (5,143,854 bytes)
2025-11-18 11:05:33,043 - automation_pipeline - INFO - SUCCESS: Excel data extracted to: test_data_comprehensive_extract.json
2025-11-18 11:05:33,043 - automation_pipeline - INFO - Step 4.1: Generating Terraform files...
2025-11-18 11:05:33,066 - automation_pipeline - INFO - ================================================================================
2025-11-18 11:05:33,066 - automation_pipeline - INFO - DATA EXTRACTION VALIDATION RESULTS
2025-11-18 11:05:33,066 - automation_pipeline - INFO - ================================================================================
2025-11-18 11:05:33,066 - automation_pipeline - INFO - Extraction Quality: GOOD
2025-11-18 11:05:33,066 - automation_pipeline - INFO - Valid: True
2025-11-18 11:05:33,066 - automation_pipeline - WARNING - WARNINGS (1):
2025-11-18 11:05:33,066 - automation_pipeline - WARNING -   [WARN] Only 1 VM(s) extracted - may be using fallback defaults
2025-11-18 11:05:33,066 - automation_pipeline - INFO - [PASS] Required data extracted with warnings
2025-11-18 11:05:33,066 - automation_pipeline - INFO - ================================================================================
2025-11-18 11:05:33,066 - automation_pipeline - INFO - Using EnhancedTerraformGeneratorV2 (full resource file generation)
2025-11-18 11:05:33,066 - automation_pipeline - INFO - Output directory: terraform_output/20251118_110533
2025-11-18 11:05:33,069 - automation_pipeline - INFO - Generated 22 Terraform files
2025-11-18 11:05:33,069 - automation_pipeline - INFO -   - m-vm.tf (4,484 bytes)
2025-11-18 11:05:33,069 - automation_pipeline - INFO -   - main.tf (3,100 bytes)
2025-11-18 11:05:33,069 - automation_pipeline - INFO -   - r-asg.tf (1,361 bytes)
2025-11-18 11:05:33,069 - automation_pipeline - INFO -   - r-snet.tf (933 bytes)
2025-11-18 11:05:33,069 - automation_pipeline - INFO -   - r-kvlt.tf (1,952 bytes)
2025-11-18 11:05:33,069 - automation_pipeline - INFO -   - r-umid.tf (1,053 bytes)
2025-11-18 11:05:33,069 - automation_pipeline - INFO -   - r-dsk.tf (1,069 bytes)
2025-11-18 11:05:33,069 - automation_pipeline - INFO -   - r-rnd.tf (240 bytes)
2025-11-18 11:05:33,069 - automation_pipeline - INFO -   - r-dcra.tf (463 bytes)
2025-11-18 11:05:33,069 - automation_pipeline - INFO -   - networking.tf (1,029 bytes)
2025-11-18 11:05:33,069 - automation_pipeline - INFO -   - s3.tf (928 bytes)
2025-11-18 11:05:33,069 - automation_pipeline - INFO -   - packages/monitoring/alerts.tf (931 bytes)
2025-11-18 11:05:33,069 - automation_pipeline - INFO -   - packages/storage/buckets.tf (659 bytes)
2025-11-18 11:05:33,069 - automation_pipeline - INFO -   - variables.tf (15,596 bytes)
2025-11-18 11:05:33,069 - automation_pipeline - INFO -   - terraform.tfvars (4,702 bytes)
2025-11-18 11:05:33,069 - automation_pipeline - INFO -   - outputs.tf (72 bytes)
2025-11-18 11:05:33,069 - automation_pipeline - INFO -   - data.tf (3,032 bytes)
2025-11-18 11:05:33,069 - automation_pipeline - INFO -   - locals.tf (392 bytes)
2025-11-18 11:05:33,069 - automation_pipeline - INFO -   - production.tfvars (409 bytes)
2025-11-18 11:05:33,069 - automation_pipeline - INFO -   - scripts/validate.sh (1,158 bytes)
2025-11-18 11:05:33,069 - automation_pipeline - INFO -   - README.md (1,672 bytes)
2025-11-18 11:05:33,069 - automation_pipeline - INFO -   - .gitignore (776 bytes)
2025-11-18 11:05:33,070 - automation_pipeline - INFO - SUCCESS: Terraform files generated in: terraform_output/20251118_110533
2025-11-18 11:05:33,070 - automation_pipeline - INFO - Step 5: Validating generated files...
2025-11-18 11:05:33,090 - automation_pipeline - INFO - SUCCESS: Output validation completed
2025-11-18 11:05:33,090 - automation_pipeline - INFO - Step 5a: Running Terraform validation...
2025-11-18 11:05:33,090 - automation_pipeline - INFO - Validating Terraform in: terraform_output/20251118_110533
2025-11-18 11:05:33,095 - automation_pipeline - WARNING - Terraform not available: [Errno 2] No such file or directory: 'terraform'
2025-11-18 11:05:33,095 - automation_pipeline - INFO - SUCCESS: Terraform validation completed
2025-11-18 11:05:33,096 - automation_pipeline - INFO - Step 6: Generating summary report...
2025-11-18 11:05:33,096 - automation_pipeline - INFO - SUCCESS: Summary report generated
2025-11-18 11:05:33,096 - automation_pipeline - INFO - Step 7: Cleaning up temporary files...
2025-11-18 11:05:33,096 - automation_pipeline - INFO - SUCCESS: Temporary files cleaned up
2025-11-18 11:05:33,096 - automation_pipeline - INFO - ================================================================================
2025-11-18 11:05:33,096 - automation_pipeline - INFO - AUTOMATION PIPELINE COMPLETED SUCCESSFULLY!
2025-11-18 11:05:33,096 - automation_pipeline - INFO - ================================================================================
2025-11-18 11:05:33,096 - automation_pipeline - INFO - Files processed: 1
2025-11-18 11:05:33,096 - automation_pipeline - INFO - Files generated: 23
2025-11-18 11:05:33,096 - automation_pipeline - INFO - Steps completed: 8
2025-11-18 11:05:33,096 - automation_pipeline - INFO - Duration: 0.00 seconds
2025-11-18 11:05:33,096 - automation_pipeline - INFO - Results saved to: terraform_output/20251118_110533/automation_results.json
2025-11-18 11:05:33,096 - automation_pipeline - INFO - SUCCESS: Automation completed successfully - notification sent
2025-11-18 11:05:54,428 - automation_pipeline - INFO - ================================================================================
2025-11-18 11:05:54,429 - automation_pipeline - INFO - EXCEL TO TERRAFORM AUTOMATION PIPELINE
2025-11-18 11:05:54,429 - automation_pipeline - INFO - ================================================================================
2025-11-18 11:05:54,429 - automation_pipeline - INFO - Started at: 2025-11-18 11:05:54.428939
2025-11-18 11:05:54,429 - automation_pipeline - INFO - Configuration: automation_config.json
2025-11-18 11:05:54,429 - automation_pipeline - INFO - Step 1: Validating inputs...
2025-11-18 11:05:54,429 - automation_pipeline - INFO - No specific file provided, searching sourcefiles directory for Excel files...
2025-11-18 11:05:54,429 - automation_pipeline - INFO - Found 1 Excel file(s) in sourcefiles directory
2025-11-18 11:05:54,429 - automation_pipeline - INFO -   - test_data.xlsm
2025-11-18 11:05:54,429 - automation_pipeline - INFO - SUCCESS: Input validation completed
2025-11-18 11:05:54,429 - automation_pipeline - INFO - No specific file provided, searching sourcefiles directory for Excel files...
2025-11-18 11:05:54,429 - automation_pipeline - INFO - Found 1 Excel file(s) in sourcefiles directory
2025-11-18 11:05:54,429 - automation_pipeline - INFO -   - test_data.xlsm
2025-11-18 11:05:54,429 - automation_pipeline - INFO - Processing 1 Excel file(s)
2025-11-18 11:05:54,430 - automation_pipeline - INFO - Step 2: Backing up previous outputs...
2025-11-18 11:05:54,430 - automation_pipeline - INFO - Previous outputs backed up to: backup_20251118_110554
2025-11-18 11:05:54,430 - automation_pipeline - INFO - SUCCESS: Previous outputs backed up
2025-11-18 11:05:54,430 - automation_pipeline - INFO - Processing file 1/1: test_data.xlsm
2025-11-18 11:05:54,430 - automation_pipeline - INFO - Step 3.1: Extracting Excel data to JSON...
2025-11-18 11:05:56,197 - automation_pipeline - INFO - JSON file created: test_data_comprehensive_extract.json (5,143,854 bytes)
2025-11-18 11:05:56,198 - automation_pipeline - INFO - SUCCESS: Excel data extracted to: test_data_comprehensive_extract.json
2025-11-18 11:05:56,198 - automation_pipeline - INFO - Step 4.1: Generating Terraform files...
2025-11-18 11:05:56,221 - automation_pipeline - INFO - ================================================================================
2025-11-18 11:05:56,221 - automation_pipeline - INFO - DATA EXTRACTION VALIDATION RESULTS
2025-11-18 11:05:56,221 - automation_pipeline - INFO - ================================================================================
2025-11-18 11:05:56,221 - automation_pipeline - INFO - Extraction Quality: GOOD
2025-11-18 11:05:56,221 - automation_pipeline - INFO - Valid: True
2025-11-18 11:05:56,221 - automation_pipeline - WARNING - WARNINGS (1):
2025-11-18 11:05:56,221 - automation_pipeline - WARNING -   [WARN] Only 1 VM(s) extracted - may be using fallback defaults
2025-11-18 11:05:56,221 - automation_pipeline - INFO - [PASS] Required data extracted with warnings
2025-11-18 11:05:56,221 - automation_pipeline - INFO - ================================================================================
2025-11-18 11:05:56,222 - automation_pipeline - INFO - Using EnhancedTerraformGeneratorV2 (full resource file generation)
2025-11-18 11:05:56,222 - automation_pipeline - INFO - Output directory: terraform_output/20251118_110556
2025-11-18 11:05:56,224 - automation_pipeline - INFO - Generated 22 Terraform files
2025-11-18 11:05:56,224 - automation_pipeline - INFO -   - m-vm.tf (4,484 bytes)
2025-11-18 11:05:56,224 - automation_pipeline - INFO -   - main.tf (3,100 bytes)
2025-11-18 11:05:56,224 - automation_pipeline - INFO -   - r-asg.tf (1,361 bytes)
2025-11-18 11:05:56,224 - automation_pipeline - INFO -   - r-snet.tf (933 bytes)
2025-11-18 11:05:56,224 - automation_pipeline - INFO -   - r-kvlt.tf (1,952 bytes)
2025-11-18 11:05:56,224 - automation_pipeline - INFO -   - r-umid.tf (1,053 bytes)
2025-11-18 11:05:56,224 - automation_pipeline - INFO -   - r-dsk.tf (1,069 bytes)
2025-11-18 11:05:56,224 - automation_pipeline - INFO -   - r-rnd.tf (240 bytes)
2025-11-18 11:05:56,224 - automation_pipeline - INFO -   - r-dcra.tf (463 bytes)
2025-11-18 11:05:56,225 - automation_pipeline - INFO -   - networking.tf (1,029 bytes)
2025-11-18 11:05:56,225 - automation_pipeline - INFO -   - s3.tf (928 bytes)
2025-11-18 11:05:56,225 - automation_pipeline - INFO -   - packages/monitoring/alerts.tf (931 bytes)
2025-11-18 11:05:56,225 - automation_pipeline - INFO -   - packages/storage/buckets.tf (659 bytes)
2025-11-18 11:05:56,225 - automation_pipeline - INFO -   - variables.tf (15,596 bytes)
2025-11-18 11:05:56,225 - automation_pipeline - INFO -   - terraform.tfvars (4,702 bytes)
2025-11-18 11:05:56,225 - automation_pipeline - INFO -   - outputs.tf (72 bytes)
2025-11-18 11:05:56,225 - automation_pipeline - INFO -   - data.tf (3,032 bytes)
2025-11-18 11:05:56,225 - automation_pipeline - INFO -   - locals.tf (392 bytes)
2025-11-18 11:05:56,225 - automation_pipeline - INFO -   - production.tfvars (409 bytes)
2025-11-18 11:05:56,225 - automation_pipeline - INFO -   - scripts/validate.sh (1,158 bytes)
2025-11-18 11:05:56,225 - automation_pipeline - INFO -   - README.md (1,672 bytes)
2025-11-18 11:05:56,225 - automation_pipeline - INFO -   - .gitignore (776 bytes)
2025-11-18 11:05:56,226 - automation_pipeline - INFO - SUCCESS: Terraform files generated in: terraform_output/20251118_110556
2025-11-18 11:05:56,226 - automation_pipeline - INFO - Step 5: Validating generated files...
2025-11-18 11:05:56,247 - automation_pipeline - INFO - SUCCESS: Output validation completed
2025-11-18 11:05:56,247 - automation_pipeline - INFO - Step 5a: Running Terraform validation...
2025-11-18 11:05:56,247 - automation_pipeline - INFO - Validating Terraform in: terraform_output/20251118_110556
2025-11-18 11:05:56,252 - automation_pipeline - WARNING - Terraform not available: [Errno 2] No such file or directory: 'terraform'
2025-11-18 11:05:56,252 - automation_pipeline - INFO - SUCCESS: Terraform validation completed
2025-11-18 11:05:56,252 - automation_pipeline - INFO - Step 6: Generating summary report...
2025-11-18 11:05:56,252 - automation_pipeline - INFO - SUCCESS: Summary report generated
2025-11-18 11:05:56,252 - automation_pipeline - INFO - Step 7: Cleaning up temporary files...
2025-11-18 11:05:56,252 - automation_pipeline - INFO - SUCCESS: Temporary files cleaned up
2025-11-18 11:05:56,252 - automation_pipeline - INFO - ================================================================================
2025-11-18 11:05:56,252 - automation_pipeline - INFO - AUTOMATION PIPELINE COMPLETED SUCCESSFULLY!
2025-11-18 11:05:56,252 - automation_pipeline - INFO - ================================================================================
2025-11-18 11:05:56,252 - automation_pipeline - INFO - Files processed: 1
2025-11-18 11:05:56,252 - automation_pipeline - INFO - Files generated: 23
2025-11-18 11:05:56,252 - automation_pipeline - INFO - Steps completed: 8
2025-11-18 11:05:56,252 - automation_pipeline - INFO - Duration: 0.00 seconds
2025-11-18 11:05:56,253 - automation_pipeline - INFO - Results saved to: terraform_output/20251118_110556/automation_results.json
2025-11-18 11:05:56,253 - automation_pipeline - INFO - SUCCESS: Automation completed successfully - notification sent
2025-11-18 11:06:04,517 - automation_pipeline - INFO - ================================================================================
2025-11-18 11:06:04,517 - automation_pipeline - INFO - EXCEL TO TERRAFORM AUTOMATION PIPELINE
2025-11-18 11:06:04,517 - automation_pipeline - INFO - ================================================================================
2025-11-18 11:06:04,517 - automation_pipeline - INFO - Started at: 2025-11-18 11:06:04.517139
2025-11-18 11:06:04,517 - automation_pipeline - INFO - Configuration: automation_config.json
2025-11-18 11:06:04,517 - automation_pipeline - INFO - Step 1: Validating inputs...
2025-11-18 11:06:04,517 - automation_pipeline - INFO - No specific file provided, searching sourcefiles directory for Excel files...
2025-11-18 11:06:04,517 - automation_pipeline - INFO - Found 1 Excel file(s) in sourcefiles directory
2025-11-18 11:06:04,517 - automation_pipeline - INFO -   - test_data.xlsm
2025-11-18 11:06:04,517 - automation_pipeline - INFO - SUCCESS: Input validation completed
2025-11-18 11:06:04,517 - automation_pipeline - INFO - No specific file provided, searching sourcefiles directory for Excel files...
2025-11-18 11:06:04,517 - automation_pipeline - INFO - Found 1 Excel file(s) in sourcefiles directory
2025-11-18 11:06:04,517 - automation_pipeline - INFO -   - test_data.xlsm
2025-11-18 11:06:04,517 - automation_pipeline - INFO - Processing 1 Excel file(s)
2025-11-18 11:06:04,517 - automation_pipeline - INFO - Step 2: Backing up previous outputs...
2025-11-18 11:06:04,518 - automation_pipeline - INFO - Previous outputs backed up to: backup_20251118_110604
2025-11-18 11:06:04,518 - automation_pipeline - INFO - SUCCESS: Previous outputs backed up
2025-11-18 11:06:04,518 - automation_pipeline - INFO - Processing file 1/1: test_data.xlsm
2025-11-18 11:06:04,518 - automation_pipeline - INFO - Step 3.1: Extracting Excel data to JSON...
2025-11-18 11:06:06,251 - automation_pipeline - INFO - JSON file created: test_data_comprehensive_extract.json (5,143,854 bytes)
2025-11-18 11:06:06,252 - automation_pipeline - INFO - SUCCESS: Excel data extracted to: test_data_comprehensive_extract.json
2025-11-18 11:06:06,252 - automation_pipeline - INFO - Step 4.1: Generating Terraform files...
2025-11-18 11:06:06,275 - automation_pipeline - INFO - ================================================================================
2025-11-18 11:06:06,275 - automation_pipeline - INFO - DATA EXTRACTION VALIDATION RESULTS
2025-11-18 11:06:06,275 - automation_pipeline - INFO - ================================================================================
2025-11-18 11:06:06,275 - automation_pipeline - INFO - Extraction Quality: GOOD
2025-11-18 11:06:06,275 - automation_pipeline - INFO - Valid: True
2025-11-18 11:06:06,275 - automation_pipeline - WARNING - WARNINGS (1):
2025-11-18 11:06:06,275 - automation_pipeline - WARNING -   [WARN] Only 1 VM(s) extracted - may be using fallback defaults
2025-11-18 11:06:06,275 - automation_pipeline - INFO - [PASS] Required data extracted with warnings
2025-11-18 11:06:06,275 - automation_pipeline - INFO - ================================================================================
2025-11-18 11:06:06,276 - automation_pipeline - INFO - Using EnhancedTerraformGeneratorV2 (full resource file generation)
2025-11-18 11:06:06,276 - automation_pipeline - INFO - Output directory: terraform_output/20251118_110606
2025-11-18 11:06:06,278 - automation_pipeline - INFO - Generated 22 Terraform files
2025-11-18 11:06:06,278 - automation_pipeline - INFO -   - m-vm.tf (4,484 bytes)
2025-11-18 11:06:06,278 - automation_pipeline - INFO -   - main.tf (3,100 bytes)
2025-11-18 11:06:06,278 - automation_pipeline - INFO -   - r-asg.tf (1,361 bytes)
2025-11-18 11:06:06,278 - automation_pipeline - INFO -   - r-snet.tf (933 bytes)
2025-11-18 11:06:06,278 - automation_pipeline - INFO -   - r-kvlt.tf (1,952 bytes)
2025-11-18 11:06:06,278 - automation_pipeline - INFO -   - r-umid.tf (1,053 bytes)
2025-11-18 11:06:06,278 - automation_pipeline - INFO -   - r-dsk.tf (1,069 bytes)
2025-11-18 11:06:06,278 - automation_pipeline - INFO -   - r-rnd.tf (240 bytes)
2025-11-18 11:06:06,278 - automation_pipeline - INFO -   - r-dcra.tf (463 bytes)
2025-11-18 11:06:06,278 - automation_pipeline - INFO -   - networking.tf (1,029 bytes)
2025-11-18 11:06:06,278 - automation_pipeline - INFO -   - s3.tf (928 bytes)
2025-11-18 11:06:06,278 - automation_pipeline - INFO -   - packages/monitoring/alerts.tf (931 bytes)
2025-11-18 11:06:06,278 - automation_pipeline - INFO -   - packages/storage/buckets.tf (659 bytes)
2025-11-18 11:06:06,278 - automation_pipeline - INFO -   - variables.tf (15,596 bytes)
2025-11-18 11:06:06,278 - automation_pipeline - INFO -   - terraform.tfvars (4,702 bytes)
2025-11-18 11:06:06,278 - automation_pipeline - INFO -   - outputs.tf (72 bytes)
2025-11-18 11:06:06,278 - automation_pipeline - INFO -   - data.tf (3,032 bytes)
2025-11-18 11:06:06,279 - automation_pipeline - INFO -   - locals.tf (392 bytes)
2025-11-18 11:06:06,279 - automation_pipeline - INFO -   - production.tfvars (409 bytes)
2025-11-18 11:06:06,279 - automation_pipeline - INFO -   - scripts/validate.sh (1,158 bytes)
2025-11-18 11:06:06,279 - automation_pipeline - INFO -   - README.md (1,672 bytes)
2025-11-18 11:06:06,279 - automation_pipeline - INFO -   - .gitignore (776 bytes)
2025-11-18 11:06:06,279 - automation_pipeline - INFO - SUCCESS: Terraform files generated in: terraform_output/20251118_110606
2025-11-18 11:06:06,279 - automation_pipeline - INFO - Step 5: Validating generated files...
2025-11-18 11:06:06,299 - automation_pipeline - INFO - SUCCESS: Output validation completed
2025-11-18 11:06:06,299 - automation_pipeline - INFO - Step 5a: Running Terraform validation...
2025-11-18 11:06:06,300 - automation_pipeline - INFO - Validating Terraform in: terraform_output/20251118_110606
2025-11-18 11:06:06,304 - automation_pipeline - WARNING - Terraform not available: [Errno 2] No such file or directory: 'terraform'
2025-11-18 11:06:06,304 - automation_pipeline - INFO - SUCCESS: Terraform validation completed
2025-11-18 11:06:06,304 - automation_pipeline - INFO - Step 6: Generating summary report...
2025-11-18 11:06:06,304 - automation_pipeline - INFO - SUCCESS: Summary report generated
2025-11-18 11:06:06,304 - automation_pipeline - INFO - Step 7: Cleaning up temporary files...
2025-11-18 11:06:06,304 - automation_pipeline - INFO - SUCCESS: Temporary files cleaned up
2025-11-18 11:06:06,304 - automation_pipeline - INFO - ================================================================================
2025-11-18 11:06:06,304 - automation_pipeline - INFO - AUTOMATION PIPELINE COMPLETED SUCCESSFULLY!
2025-11-18 11:06:06,304 - automation_pipeline - INFO - ================================================================================
2025-11-18 11:06:06,304 - automation_pipeline - INFO - Files processed: 1
2025-11-18 11:06:06,304 - automation_pipeline - INFO - Files generated: 23
2025-11-18 11:06:06,304 - automation_pipeline - INFO - Steps completed: 8
2025-11-18 11:06:06,304 - automation_pipeline - INFO - Duration: 0.00 seconds
2025-11-18 11:06:06,304 - automation_pipeline - INFO - Results saved to: terraform_output/20251118_110606/automation_results.json
2025-11-18 11:06:06,305 - automation_pipeline - INFO - SUCCESS: Automation completed successfully - notification sent
2025-11-18 11:06:55,035 - automation_pipeline - INFO - ================================================================================
2025-11-18 11:06:55,035 - automation_pipeline - INFO - EXCEL TO TERRAFORM AUTOMATION PIPELINE
2025-11-18 11:06:55,035 - automation_pipeline - INFO - ================================================================================
2025-11-18 11:06:55,035 - automation_pipeline - INFO - Started at: 2025-11-18 11:06:55.035137
2025-11-18 11:06:55,035 - automation_pipeline - INFO - Configuration: automation_config.json
2025-11-18 11:06:55,035 - automation_pipeline - INFO - Step 1: Validating inputs...
2025-11-18 11:06:55,035 - automation_pipeline - INFO - No specific file provided, searching sourcefiles directory for Excel files...
2025-11-18 11:06:55,035 - automation_pipeline - INFO - Found 1 Excel file(s) in sourcefiles directory
2025-11-18 11:06:55,036 - automation_pipeline - INFO -   - test_data.xlsm
2025-11-18 11:06:55,036 - automation_pipeline - INFO - SUCCESS: Input validation completed
2025-11-18 11:06:55,036 - automation_pipeline - INFO - No specific file provided, searching sourcefiles directory for Excel files...
2025-11-18 11:06:55,037 - automation_pipeline - INFO - Found 1 Excel file(s) in sourcefiles directory
2025-11-18 11:06:55,037 - automation_pipeline - INFO -   - test_data.xlsm
2025-11-18 11:06:55,037 - automation_pipeline - INFO - Processing 1 Excel file(s)
2025-11-18 11:06:55,037 - automation_pipeline - INFO - Step 2: Backing up previous outputs...
2025-11-18 11:06:55,037 - automation_pipeline - INFO - Previous outputs backed up to: backup_20251118_110655
2025-11-18 11:06:55,037 - automation_pipeline - INFO - SUCCESS: Previous outputs backed up
2025-11-18 11:06:55,037 - automation_pipeline - INFO - Processing file 1/1: test_data.xlsm
2025-11-18 11:06:55,037 - automation_pipeline - INFO - Step 3.1: Extracting Excel data to JSON...
2025-11-18 11:06:56,911 - automation_pipeline - INFO - JSON file created: test_data_comprehensive_extract.json (5,143,854 bytes)
2025-11-18 11:06:56,912 - automation_pipeline - INFO - SUCCESS: Excel data extracted to: test_data_comprehensive_extract.json
2025-11-18 11:06:56,912 - automation_pipeline - INFO - Step 4.1: Generating Terraform files...
2025-11-18 11:06:56,936 - automation_pipeline - INFO - ================================================================================
2025-11-18 11:06:56,936 - automation_pipeline - INFO - DATA EXTRACTION VALIDATION RESULTS
2025-11-18 11:06:56,936 - automation_pipeline - INFO - ================================================================================
2025-11-18 11:06:56,936 - automation_pipeline - INFO - Extraction Quality: GOOD
2025-11-18 11:06:56,936 - automation_pipeline - INFO - Valid: True
2025-11-18 11:06:56,936 - automation_pipeline - WARNING - WARNINGS (1):
2025-11-18 11:06:56,936 - automation_pipeline - WARNING -   [WARN] Only 1 VM(s) extracted - may be using fallback defaults
2025-11-18 11:06:56,936 - automation_pipeline - INFO - [PASS] Required data extracted with warnings
2025-11-18 11:06:56,936 - automation_pipeline - INFO - ================================================================================
2025-11-18 11:06:56,936 - automation_pipeline - INFO - Using EnhancedTerraformGeneratorV2 (full resource file generation)
2025-11-18 11:06:56,936 - automation_pipeline - INFO - Output directory: terraform_output/20251118_110656
2025-11-18 11:06:56,939 - automation_pipeline - INFO - Generated 22 Terraform files
2025-11-18 11:06:56,939 - automation_pipeline - INFO -   - m-vm.tf (4,484 bytes)
2025-11-18 11:06:56,939 - automation_pipeline - INFO -   - main.tf (3,100 bytes)
2025-11-18 11:06:56,939 - automation_pipeline - INFO -   - r-asg.tf (1,361 bytes)
2025-11-18 11:06:56,939 - automation_pipeline - INFO -   - r-snet.tf (933 bytes)
2025-11-18 11:06:56,939 - automation_pipeline - INFO -   - r-kvlt.tf (1,952 bytes)
2025-11-18 11:06:56,939 - automation_pipeline - INFO -   - r-umid.tf (1,053 bytes)
2025-11-18 11:06:56,939 - automation_pipeline - INFO -   - r-dsk.tf (1,069 bytes)
2025-11-18 11:06:56,939 - automation_pipeline - INFO -   - r-rnd.tf (240 bytes)
2025-11-18 11:06:56,939 - automation_pipeline - INFO -   - r-dcra.tf (463 bytes)
2025-11-18 11:06:56,939 - automation_pipeline - INFO -   - networking.tf (1,029 bytes)
2025-11-18 11:06:56,939 - automation_pipeline - INFO -   - s3.tf (928 bytes)
2025-11-18 11:06:56,939 - automation_pipeline - INFO -   - packages/monitoring/alerts.tf (931 bytes)
2025-11-18 11:06:56,939 - automation_pipeline - INFO -   - packages/storage/buckets.tf (659 bytes)
2025-11-18 11:06:56,939 - automation_pipeline - INFO -   - variables.tf (15,596 bytes)
2025-11-18 11:06:56,939 - automation_pipeline - INFO -   - terraform.tfvars (4,588 bytes)
2025-11-18 11:06:56,939 - automation_pipeline - INFO -   - outputs.tf (72 bytes)
2025-11-18 11:06:56,939 - automation_pipeline - INFO -   - data.tf (3,032 bytes)
2025-11-18 11:06:56,939 - automation_pipeline - INFO -   - locals.tf (392 bytes)
2025-11-18 11:06:56,939 - automation_pipeline - INFO -   - production.tfvars (409 bytes)
2025-11-18 11:06:56,939 - automation_pipeline - INFO -   - scripts/validate.sh (1,158 bytes)
2025-11-18 11:06:56,939 - automation_pipeline - INFO -   - README.md (1,672 bytes)
2025-11-18 11:06:56,939 - automation_pipeline - INFO -   - .gitignore (776 bytes)
2025-11-18 11:06:56,940 - automation_pipeline - INFO - SUCCESS: Terraform files generated in: terraform_output/20251118_110656
2025-11-18 11:06:56,940 - automation_pipeline - INFO - Step 5: Validating generated files...
2025-11-18 11:06:56,961 - automation_pipeline - INFO - SUCCESS: Output validation completed
2025-11-18 11:06:56,961 - automation_pipeline - INFO - Step 5a: Running Terraform validation...
2025-11-18 11:06:56,961 - automation_pipeline - INFO - Validating Terraform in: terraform_output/20251118_110656
2025-11-18 11:06:56,968 - automation_pipeline - WARNING - Terraform not available: [Errno 2] No such file or directory: 'terraform'
2025-11-18 11:06:56,968 - automation_pipeline - INFO - SUCCESS: Terraform validation completed
2025-11-18 11:06:56,968 - automation_pipeline - INFO - Step 6: Generating summary report...
2025-11-18 11:06:56,969 - automation_pipeline - INFO - SUCCESS: Summary report generated
2025-11-18 11:06:56,969 - automation_pipeline - INFO - Step 7: Cleaning up temporary files...
2025-11-18 11:06:56,969 - automation_pipeline - INFO - SUCCESS: Temporary files cleaned up
2025-11-18 11:06:56,969 - automation_pipeline - INFO - ================================================================================
2025-11-18 11:06:56,969 - automation_pipeline - INFO - AUTOMATION PIPELINE COMPLETED SUCCESSFULLY!
2025-11-18 11:06:56,969 - automation_pipeline - INFO - ================================================================================
2025-11-18 11:06:56,969 - automation_pipeline - INFO - Files processed: 1
2025-11-18 11:06:56,969 - automation_pipeline - INFO - Files generated: 23
2025-11-18 11:06:56,969 - automation_pipeline - INFO - Steps completed: 8
2025-11-18 11:06:56,969 - automation_pipeline - INFO - Duration: 0.00 seconds
2025-11-18 11:06:56,969 - automation_pipeline - INFO - Results saved to: terraform_output/20251118_110656/automation_results.json
2025-11-18 11:06:56,970 - automation_pipeline - INFO - SUCCESS: Automation completed successfully - notification sent
2025-11-18 11:07:16,169 - automation_pipeline - INFO - ================================================================================
2025-11-18 11:07:16,169 - automation_pipeline - INFO - EXCEL TO TERRAFORM AUTOMATION PIPELINE
2025-11-18 11:07:16,169 - automation_pipeline - INFO - ================================================================================
2025-11-18 11:07:16,169 - automation_pipeline - INFO - Started at: 2025-11-18 11:07:16.169314
2025-11-18 11:07:16,169 - automation_pipeline - INFO - Configuration: automation_config.json
2025-11-18 11:07:16,169 - automation_pipeline - INFO - Step 1: Validating inputs...
2025-11-18 11:07:16,169 - automation_pipeline - INFO - No specific file provided, searching sourcefiles directory for Excel files...
2025-11-18 11:07:16,169 - automation_pipeline - INFO - Found 1 Excel file(s) in sourcefiles directory
2025-11-18 11:07:16,169 - automation_pipeline - INFO -   - test_data.xlsm
2025-11-18 11:07:16,170 - automation_pipeline - INFO - SUCCESS: Input validation completed
2025-11-18 11:07:16,170 - automation_pipeline - INFO - No specific file provided, searching sourcefiles directory for Excel files...
2025-11-18 11:07:16,170 - automation_pipeline - INFO - Found 1 Excel file(s) in sourcefiles directory
2025-11-18 11:07:16,170 - automation_pipeline - INFO -   - test_data.xlsm
2025-11-18 11:07:16,170 - automation_pipeline - INFO - Processing 1 Excel file(s)
2025-11-18 11:07:16,170 - automation_pipeline - INFO - Step 2: Backing up previous outputs...
2025-11-18 11:07:16,170 - automation_pipeline - INFO - Previous outputs backed up to: backup_20251118_110716
2025-11-18 11:07:16,170 - automation_pipeline - INFO - SUCCESS: Previous outputs backed up
2025-11-18 11:07:16,170 - automation_pipeline - INFO - Processing file 1/1: test_data.xlsm
2025-11-18 11:07:16,170 - automation_pipeline - INFO - Step 3.1: Extracting Excel data to JSON...
2025-11-18 11:07:17,912 - automation_pipeline - INFO - JSON file created: test_data_comprehensive_extract.json (5,143,854 bytes)
2025-11-18 11:07:17,913 - automation_pipeline - INFO - SUCCESS: Excel data extracted to: test_data_comprehensive_extract.json
2025-11-18 11:07:17,913 - automation_pipeline - INFO - Step 4.1: Generating Terraform files...
2025-11-18 11:07:17,938 - automation_pipeline - INFO - ================================================================================
2025-11-18 11:07:17,938 - automation_pipeline - INFO - DATA EXTRACTION VALIDATION RESULTS
2025-11-18 11:07:17,938 - automation_pipeline - INFO - ================================================================================
2025-11-18 11:07:17,938 - automation_pipeline - INFO - Extraction Quality: GOOD
2025-11-18 11:07:17,938 - automation_pipeline - INFO - Valid: True
2025-11-18 11:07:17,938 - automation_pipeline - WARNING - WARNINGS (1):
2025-11-18 11:07:17,938 - automation_pipeline - WARNING -   [WARN] Only 1 VM(s) extracted - may be using fallback defaults
2025-11-18 11:07:17,938 - automation_pipeline - INFO - [PASS] Required data extracted with warnings
2025-11-18 11:07:17,938 - automation_pipeline - INFO - ================================================================================
2025-11-18 11:07:17,938 - automation_pipeline - INFO - Using EnhancedTerraformGeneratorV2 (full resource file generation)
2025-11-18 11:07:17,938 - automation_pipeline - INFO - Output directory: terraform_output/20251118_110717
2025-11-18 11:07:17,940 - automation_pipeline - INFO - Generated 22 Terraform files
2025-11-18 11:07:17,940 - automation_pipeline - INFO -   - m-vm.tf (4,484 bytes)
2025-11-18 11:07:17,940 - automation_pipeline - INFO -   - main.tf (3,100 bytes)
2025-11-18 11:07:17,940 - automation_pipeline - INFO -   - r-asg.tf (1,361 bytes)
2025-11-18 11:07:17,940 - automation_pipeline - INFO -   - r-snet.tf (933 bytes)
2025-11-18 11:07:17,940 - automation_pipeline - INFO -   - r-kvlt.tf (1,952 bytes)
2025-11-18 11:07:17,940 - automation_pipeline - INFO -   - r-umid.tf (1,053 bytes)
2025-11-18 11:07:17,940 - automation_pipeline - INFO -   - r-dsk.tf (1,069 bytes)
2025-11-18 11:07:17,940 - automation_pipeline - INFO -   - r-rnd.tf (240 bytes)
2025-11-18 11:07:17,940 - automation_pipeline - INFO -   - r-dcra.tf (463 bytes)
2025-11-18 11:07:17,941 - automation_pipeline - INFO -   - networking.tf (1,029 bytes)
2025-11-18 11:07:17,941 - automation_pipeline - INFO -   - s3.tf (928 bytes)
2025-11-18 11:07:17,941 - automation_pipeline - INFO -   - packages/monitoring/alerts.tf (931 bytes)
2025-11-18 11:07:17,941 - automation_pipeline - INFO -   - packages/storage/buckets.tf (659 bytes)
2025-11-18 11:07:17,941 - automation_pipeline - INFO -   - variables.tf (15,596 bytes)
2025-11-18 11:07:17,941 - automation_pipeline - INFO -   - terraform.tfvars (4,588 bytes)
2025-11-18 11:07:17,941 - automation_pipeline - INFO -   - outputs.tf (72 bytes)
2025-11-18 11:07:17,941 - automation_pipeline - INFO -   - data.tf (3,032 bytes)
2025-11-18 11:07:17,941 - automation_pipeline - INFO -   - locals.tf (392 bytes)
2025-11-18 11:07:17,941 - automation_pipeline - INFO -   - production.tfvars (409 bytes)
2025-11-18 11:07:17,941 - automation_pipeline - INFO -   - scripts/validate.sh (1,158 bytes)
2025-11-18 11:07:17,941 - automation_pipeline - INFO -   - README.md (1,672 bytes)
2025-11-18 11:07:17,941 - automation_pipeline - INFO -   - .gitignore (776 bytes)
2025-11-18 11:07:17,942 - automation_pipeline - INFO - SUCCESS: Terraform files generated in: terraform_output/20251118_110717
2025-11-18 11:07:17,942 - automation_pipeline - INFO - Step 5: Validating generated files...
2025-11-18 11:07:17,962 - automation_pipeline - INFO - SUCCESS: Output validation completed
2025-11-18 11:07:17,963 - automation_pipeline - INFO - Step 5a: Running Terraform validation...
2025-11-18 11:07:17,963 - automation_pipeline - INFO - Validating Terraform in: terraform_output/20251118_110717
2025-11-18 11:07:17,968 - automation_pipeline - WARNING - Terraform not available: [Errno 2] No such file or directory: 'terraform'
2025-11-18 11:07:17,968 - automation_pipeline - INFO - SUCCESS: Terraform validation completed
2025-11-18 11:07:17,968 - automation_pipeline - INFO - Step 6: Generating summary report...
2025-11-18 11:07:17,968 - automation_pipeline - INFO - SUCCESS: Summary report generated
2025-11-18 11:07:17,968 - automation_pipeline - INFO - Step 7: Cleaning up temporary files...
2025-11-18 11:07:17,968 - automation_pipeline - INFO - SUCCESS: Temporary files cleaned up
2025-11-18 11:07:17,968 - automation_pipeline - INFO - ================================================================================
2025-11-18 11:07:17,968 - automation_pipeline - INFO - AUTOMATION PIPELINE COMPLETED SUCCESSFULLY!
2025-11-18 11:07:17,968 - automation_pipeline - INFO - ================================================================================
2025-11-18 11:07:17,968 - automation_pipeline - INFO - Files processed: 1
2025-11-18 11:07:17,968 - automation_pipeline - INFO - Files generated: 23
2025-11-18 11:07:17,968 - automation_pipeline - INFO - Steps completed: 8
2025-11-18 11:07:17,969 - automation_pipeline - INFO - Duration: 0.00 seconds
2025-11-18 11:07:17,969 - automation_pipeline - INFO - Results saved to: terraform_output/20251118_110717/automation_results.json
2025-11-18 11:07:17,969 - automation_pipeline - INFO - SUCCESS: Automation completed successfully - notification sent
2025-11-18 11:07:23,932 - automation_pipeline - INFO - ================================================================================
2025-11-18 11:07:23,932 - automation_pipeline - INFO - EXCEL TO TERRAFORM AUTOMATION PIPELINE
2025-11-18 11:07:23,932 - automation_pipeline - INFO - ================================================================================
2025-11-18 11:07:23,932 - automation_pipeline - INFO - Started at: 2025-11-18 11:07:23.932525
2025-11-18 11:07:23,932 - automation_pipeline - INFO - Configuration: automation_config.json
2025-11-18 11:07:23,932 - automation_pipeline - INFO - Step 1: Validating inputs...
2025-11-18 11:07:23,932 - automation_pipeline - INFO - No specific file provided, searching sourcefiles directory for Excel files...
2025-11-18 11:07:23,932 - automation_pipeline - INFO - Found 1 Excel file(s) in sourcefiles directory
2025-11-18 11:07:23,932 - automation_pipeline - INFO -   - test_data.xlsm
2025-11-18 11:07:23,933 - automation_pipeline - INFO - SUCCESS: Input validation completed
2025-11-18 11:07:23,933 - automation_pipeline - INFO - No specific file provided, searching sourcefiles directory for Excel files...
2025-11-18 11:07:23,933 - automation_pipeline - INFO - Found 1 Excel file(s) in sourcefiles directory
2025-11-18 11:07:23,933 - automation_pipeline - INFO -   - test_data.xlsm
2025-11-18 11:07:23,933 - automation_pipeline - INFO - Processing 1 Excel file(s)
2025-11-18 11:07:23,933 - automation_pipeline - INFO - Step 2: Backing up previous outputs...
2025-11-18 11:07:23,933 - automation_pipeline - INFO - Previous outputs backed up to: backup_20251118_110723
2025-11-18 11:07:23,933 - automation_pipeline - INFO - SUCCESS: Previous outputs backed up
2025-11-18 11:07:23,933 - automation_pipeline - INFO - Processing file 1/1: test_data.xlsm
2025-11-18 11:07:23,933 - automation_pipeline - INFO - Step 3.1: Extracting Excel data to JSON...
2025-11-18 11:07:25,653 - automation_pipeline - INFO - JSON file created: test_data_comprehensive_extract.json (5,143,854 bytes)
2025-11-18 11:07:25,654 - automation_pipeline - INFO - SUCCESS: Excel data extracted to: test_data_comprehensive_extract.json
2025-11-18 11:07:25,654 - automation_pipeline - INFO - Step 4.1: Generating Terraform files...
2025-11-18 11:07:25,676 - automation_pipeline - INFO - ================================================================================
2025-11-18 11:07:25,676 - automation_pipeline - INFO - DATA EXTRACTION VALIDATION RESULTS
2025-11-18 11:07:25,676 - automation_pipeline - INFO - ================================================================================
2025-11-18 11:07:25,676 - automation_pipeline - INFO - Extraction Quality: GOOD
2025-11-18 11:07:25,676 - automation_pipeline - INFO - Valid: True
2025-11-18 11:07:25,677 - automation_pipeline - WARNING - WARNINGS (1):
2025-11-18 11:07:25,677 - automation_pipeline - WARNING -   [WARN] Only 1 VM(s) extracted - may be using fallback defaults
2025-11-18 11:07:25,677 - automation_pipeline - INFO - [PASS] Required data extracted with warnings
2025-11-18 11:07:25,677 - automation_pipeline - INFO - ================================================================================
2025-11-18 11:07:25,677 - automation_pipeline - INFO - Using EnhancedTerraformGeneratorV2 (full resource file generation)
2025-11-18 11:07:25,677 - automation_pipeline - INFO - Output directory: terraform_output/20251118_110725
2025-11-18 11:07:25,680 - automation_pipeline - INFO - Generated 22 Terraform files
2025-11-18 11:07:25,680 - automation_pipeline - INFO -   - m-vm.tf (4,484 bytes)
2025-11-18 11:07:25,680 - automation_pipeline - INFO -   - main.tf (3,100 bytes)
2025-11-18 11:07:25,680 - automation_pipeline - INFO -   - r-asg.tf (1,361 bytes)
2025-11-18 11:07:25,680 - automation_pipeline - INFO -   - r-snet.tf (933 bytes)
2025-11-18 11:07:25,680 - automation_pipeline - INFO -   - r-kvlt.tf (1,952 bytes)
2025-11-18 11:07:25,680 - automation_pipeline - INFO -   - r-umid.tf (1,053 bytes)
2025-11-18 11:07:25,680 - automation_pipeline - INFO -   - r-dsk.tf (1,069 bytes)
2025-11-18 11:07:25,680 - automation_pipeline - INFO -   - r-rnd.tf (240 bytes)
2025-11-18 11:07:25,680 - automation_pipeline - INFO -   - r-dcra.tf (463 bytes)
2025-11-18 11:07:25,680 - automation_pipeline - INFO -   - networking.tf (1,029 bytes)
2025-11-18 11:07:25,680 - automation_pipeline - INFO -   - s3.tf (928 bytes)
2025-11-18 11:07:25,680 - automation_pipeline - INFO -   - packages/monitoring/alerts.tf (931 bytes)
2025-11-18 11:07:25,680 - automation_pipeline - INFO -   - packages/storage/buckets.tf (659 bytes)
2025-11-18 11:07:25,680 - automation_pipeline - INFO -   - variables.tf (15,596 bytes)
2025-11-18 11:07:25,680 - automation_pipeline - INFO -   - terraform.tfvars (4,588 bytes)
2025-11-18 11:07:25,680 - automation_pipeline - INFO -   - outputs.tf (72 bytes)
2025-11-18 11:07:25,680 - automation_pipeline - INFO -   - data.tf (3,032 bytes)
2025-11-18 11:07:25,680 - automation_pipeline - INFO -   - locals.tf (392 bytes)
2025-11-18 11:07:25,680 - automation_pipeline - INFO -   - production.tfvars (409 bytes)
2025-11-18 11:07:25,680 - automation_pipeline - INFO -   - scripts/validate.sh (1,158 bytes)
2025-11-18 11:07:25,680 - automation_pipeline - INFO -   - README.md (1,672 bytes)
2025-11-18 11:07:25,680 - automation_pipeline - INFO -   - .gitignore (776 bytes)
2025-11-18 11:07:25,681 - automation_pipeline - INFO - SUCCESS: Terraform files generated in: terraform_output/20251118_110725
2025-11-18 11:07:25,681 - automation_pipeline - INFO - Step 5: Validating generated files...
2025-11-18 11:07:25,703 - automation_pipeline - INFO - SUCCESS: Output validation completed
2025-11-18 11:07:25,703 - automation_pipeline - INFO - Step 5a: Running Terraform validation...
2025-11-18 11:07:25,703 - automation_pipeline - INFO - Validating Terraform in: terraform_output/20251118_110725
2025-11-18 11:07:25,708 - automation_pipeline - WARNING - Terraform not available: [Errno 2] No such file or directory: 'terraform'
2025-11-18 11:07:25,708 - automation_pipeline - INFO - SUCCESS: Terraform validation completed
2025-11-18 11:07:25,708 - automation_pipeline - INFO - Step 6: Generating summary report...
2025-11-18 11:07:25,708 - automation_pipeline - INFO - SUCCESS: Summary report generated
2025-11-18 11:07:25,708 - automation_pipeline - INFO - Step 7: Cleaning up temporary files...
2025-11-18 11:07:25,708 - automation_pipeline - INFO - SUCCESS: Temporary files cleaned up
2025-11-18 11:07:25,708 - automation_pipeline - INFO - ================================================================================
2025-11-18 11:07:25,708 - automation_pipeline - INFO - AUTOMATION PIPELINE COMPLETED SUCCESSFULLY!
2025-11-18 11:07:25,708 - automation_pipeline - INFO - ================================================================================
2025-11-18 11:07:25,708 - automation_pipeline - INFO - Files processed: 1
2025-11-18 11:07:25,708 - automation_pipeline - INFO - Files generated: 23
2025-11-18 11:07:25,709 - automation_pipeline - INFO - Steps completed: 8
2025-11-18 11:07:25,709 - automation_pipeline - INFO - Duration: 0.00 seconds
2025-11-18 11:07:25,709 - automation_pipeline - INFO - Results saved to: terraform_output/20251118_110725/automation_results.json
2025-11-18 11:07:25,709 - automation_pipeline - INFO - SUCCESS: Automation completed successfully - notification sent
2025-11-18 11:08:08,750 - automation_pipeline - INFO - ================================================================================
2025-11-18 11:08:08,751 - automation_pipeline - INFO - EXCEL TO TERRAFORM AUTOMATION PIPELINE
2025-11-18 11:08:08,751 - automation_pipeline - INFO - ================================================================================
2025-11-18 11:08:08,751 - automation_pipeline - INFO - Started at: 2025-11-18 11:08:08.750733
2025-11-18 11:08:08,751 - automation_pipeline - INFO - Configuration: automation_config.json
2025-11-18 11:08:08,751 - automation_pipeline - INFO - Step 1: Validating inputs...
2025-11-18 11:08:08,751 - automation_pipeline - INFO - No specific file provided, searching sourcefiles directory for Excel files...
2025-11-18 11:08:08,751 - automation_pipeline - INFO - Found 1 Excel file(s) in sourcefiles directory
2025-11-18 11:08:08,751 - automation_pipeline - INFO -   - test_data.xlsm
2025-11-18 11:08:08,751 - automation_pipeline - INFO - SUCCESS: Input validation completed
2025-11-18 11:08:08,751 - automation_pipeline - INFO - No specific file provided, searching sourcefiles directory for Excel files...
2025-11-18 11:08:08,751 - automation_pipeline - INFO - Found 1 Excel file(s) in sourcefiles directory
2025-11-18 11:08:08,751 - automation_pipeline - INFO -   - test_data.xlsm
2025-11-18 11:08:08,751 - automation_pipeline - INFO - Processing 1 Excel file(s)
2025-11-18 11:08:08,751 - automation_pipeline - INFO - Step 2: Backing up previous outputs...
2025-11-18 11:08:08,751 - automation_pipeline - INFO - Previous outputs backed up to: backup_20251118_110808
2025-11-18 11:08:08,752 - automation_pipeline - INFO - SUCCESS: Previous outputs backed up
2025-11-18 11:08:08,752 - automation_pipeline - INFO - Processing file 1/1: test_data.xlsm
2025-11-18 11:08:08,752 - automation_pipeline - INFO - Step 3.1: Extracting Excel data to JSON...
2025-11-18 11:08:10,497 - automation_pipeline - INFO - JSON file created: test_data_comprehensive_extract.json (5,143,854 bytes)
2025-11-18 11:08:10,498 - automation_pipeline - INFO - SUCCESS: Excel data extracted to: test_data_comprehensive_extract.json
2025-11-18 11:08:10,498 - automation_pipeline - INFO - Step 4.1: Generating Terraform files...
2025-11-18 11:08:10,523 - automation_pipeline - INFO - ================================================================================
2025-11-18 11:08:10,523 - automation_pipeline - INFO - DATA EXTRACTION VALIDATION RESULTS
2025-11-18 11:08:10,523 - automation_pipeline - INFO - ================================================================================
2025-11-18 11:08:10,523 - automation_pipeline - INFO - Extraction Quality: GOOD
2025-11-18 11:08:10,523 - automation_pipeline - INFO - Valid: True
2025-11-18 11:08:10,523 - automation_pipeline - WARNING - WARNINGS (1):
2025-11-18 11:08:10,523 - automation_pipeline - WARNING -   [WARN] Only 1 VM(s) extracted - may be using fallback defaults
2025-11-18 11:08:10,523 - automation_pipeline - INFO - [PASS] Required data extracted with warnings
2025-11-18 11:08:10,523 - automation_pipeline - INFO - ================================================================================
2025-11-18 11:08:10,524 - automation_pipeline - INFO - Using EnhancedTerraformGeneratorV2 (full resource file generation)
2025-11-18 11:08:10,524 - automation_pipeline - INFO - Output directory: terraform_output/20251118_110810
2025-11-18 11:08:10,526 - automation_pipeline - INFO - Generated 22 Terraform files
2025-11-18 11:08:10,526 - automation_pipeline - INFO -   - m-vm.tf (4,484 bytes)
2025-11-18 11:08:10,526 - automation_pipeline - INFO -   - main.tf (3,100 bytes)
2025-11-18 11:08:10,526 - automation_pipeline - INFO -   - r-asg.tf (1,361 bytes)
2025-11-18 11:08:10,526 - automation_pipeline - INFO -   - r-snet.tf (933 bytes)
2025-11-18 11:08:10,526 - automation_pipeline - INFO -   - r-kvlt.tf (1,952 bytes)
2025-11-18 11:08:10,526 - automation_pipeline - INFO -   - r-umid.tf (1,053 bytes)
2025-11-18 11:08:10,526 - automation_pipeline - INFO -   - r-dsk.tf (1,069 bytes)
2025-11-18 11:08:10,526 - automation_pipeline - INFO -   - r-rnd.tf (240 bytes)
2025-11-18 11:08:10,526 - automation_pipeline - INFO -   - r-dcra.tf (463 bytes)
2025-11-18 11:08:10,526 - automation_pipeline - INFO -   - networking.tf (1,029 bytes)
2025-11-18 11:08:10,526 - automation_pipeline - INFO -   - s3.tf (928 bytes)
2025-11-18 11:08:10,526 - automation_pipeline - INFO -   - packages/monitoring/alerts.tf (931 bytes)
2025-11-18 11:08:10,526 - automation_pipeline - INFO -   - packages/storage/buckets.tf (659 bytes)
2025-11-18 11:08:10,526 - automation_pipeline - INFO -   - variables.tf (15,596 bytes)
2025-11-18 11:08:10,527 - automation_pipeline - INFO -   - terraform.tfvars (4,728 bytes)
2025-11-18 11:08:10,527 - automation_pipeline - INFO -   - outputs.tf (72 bytes)
2025-11-18 11:08:10,527 - automation_pipeline - INFO -   - data.tf (3,032 bytes)
2025-11-18 11:08:10,527 - automation_pipeline - INFO -   - locals.tf (392 bytes)
2025-11-18 11:08:10,527 - automation_pipeline - INFO -   - production.tfvars (409 bytes)
2025-11-18 11:08:10,527 - automation_pipeline - INFO -   - scripts/validate.sh (1,180 bytes)
2025-11-18 11:08:10,527 - automation_pipeline - INFO -   - README.md (1,694 bytes)
2025-11-18 11:08:10,527 - automation_pipeline - INFO -   - .gitignore (776 bytes)
2025-11-18 11:08:10,528 - automation_pipeline - INFO - SUCCESS: Terraform files generated in: terraform_output/20251118_110810
2025-11-18 11:08:10,528 - automation_pipeline - INFO - Step 5: Validating generated files...
2025-11-18 11:08:10,548 - automation_pipeline - INFO - SUCCESS: Output validation completed
2025-11-18 11:08:10,548 - automation_pipeline - INFO - Step 5a: Running Terraform validation...
2025-11-18 11:08:10,548 - automation_pipeline - INFO - Validating Terraform in: terraform_output/20251118_110810
2025-11-18 11:08:10,553 - automation_pipeline - WARNING - Terraform not available: [Errno 2] No such file or directory: 'terraform'
2025-11-18 11:08:10,553 - automation_pipeline - INFO - SUCCESS: Terraform validation completed
2025-11-18 11:08:10,553 - automation_pipeline - INFO - Step 6: Generating summary report...
2025-11-18 11:08:10,553 - automation_pipeline - INFO - SUCCESS: Summary report generated
2025-11-18 11:08:10,553 - automation_pipeline - INFO - Step 7: Cleaning up temporary files...
2025-11-18 11:08:10,553 - automation_pipeline - INFO - SUCCESS: Temporary files cleaned up
2025-11-18 11:08:10,553 - automation_pipeline - INFO - ================================================================================
2025-11-18 11:08:10,553 - automation_pipeline - INFO - AUTOMATION PIPELINE COMPLETED SUCCESSFULLY!
2025-11-18 11:08:10,553 - automation_pipeline - INFO - ================================================================================
2025-11-18 11:08:10,553 - automation_pipeline - INFO - Files processed: 1
2025-11-18 11:08:10,553 - automation_pipeline - INFO - Files generated: 23
2025-11-18 11:08:10,553 - automation_pipeline - INFO - Steps completed: 8
2025-11-18 11:08:10,553 - automation_pipeline - INFO - Duration: 0.00 seconds
2025-11-18 11:08:10,554 - automation_pipeline - INFO - Results saved to: terraform_output/20251118_110810/automation_results.json
2025-11-18 11:08:10,554 - automation_pipeline - INFO - SUCCESS: Automation completed successfully - notification sent
2025-11-18 11:20:46,760 - automation_pipeline - INFO - ================================================================================
2025-11-18 11:20:46,760 - automation_pipeline - INFO - EXCEL TO TERRAFORM AUTOMATION PIPELINE
2025-11-18 11:20:46,760 - automation_pipeline - INFO - ================================================================================
2025-11-18 11:20:46,760 - automation_pipeline - INFO - Started at: 2025-11-18 11:20:46.760037
2025-11-18 11:20:46,760 - automation_pipeline - INFO - Configuration: automation_config.json
2025-11-18 11:20:46,760 - automation_pipeline - INFO - Step 1: Validating inputs...
2025-11-18 11:20:46,760 - automation_pipeline - INFO - No specific file provided, searching sourcefiles directory for Excel files...
2025-11-18 11:20:46,760 - automation_pipeline - INFO - Found 1 Excel file(s) in sourcefiles directory
2025-11-18 11:20:46,760 - automation_pipeline - INFO -   - test_data.xlsm
2025-11-18 11:20:46,761 - automation_pipeline - INFO - SUCCESS: Input validation completed
2025-11-18 11:20:46,761 - automation_pipeline - INFO - No specific file provided, searching sourcefiles directory for Excel files...
2025-11-18 11:20:46,761 - automation_pipeline - INFO - Found 1 Excel file(s) in sourcefiles directory
2025-11-18 11:20:46,761 - automation_pipeline - INFO -   - test_data.xlsm
2025-11-18 11:20:46,761 - automation_pipeline - INFO - Processing 1 Excel file(s)
2025-11-18 11:20:46,761 - automation_pipeline - INFO - Step 2: Backing up previous outputs...
2025-11-18 11:20:46,761 - automation_pipeline - INFO - Previous outputs backed up to: backup_20251118_112046
2025-11-18 11:20:46,761 - automation_pipeline - INFO - SUCCESS: Previous outputs backed up
2025-11-18 11:20:46,761 - automation_pipeline - INFO - Processing file 1/1: test_data.xlsm
2025-11-18 11:20:46,761 - automation_pipeline - INFO - Step 3.1: Extracting Excel data to JSON...
2025-11-18 11:20:48,510 - automation_pipeline - INFO - JSON file created: test_data_comprehensive_extract.json (5,143,854 bytes)
2025-11-18 11:20:48,511 - automation_pipeline - INFO - SUCCESS: Excel data extracted to: test_data_comprehensive_extract.json
2025-11-18 11:20:48,511 - automation_pipeline - INFO - Step 4.1: Generating Terraform files...
2025-11-18 11:20:48,543 - automation_pipeline - INFO - ================================================================================
2025-11-18 11:20:48,543 - automation_pipeline - INFO - DATA EXTRACTION VALIDATION RESULTS
2025-11-18 11:20:48,543 - automation_pipeline - INFO - ================================================================================
2025-11-18 11:20:48,543 - automation_pipeline - INFO - Extraction Quality: GOOD
2025-11-18 11:20:48,543 - automation_pipeline - INFO - Valid: True
2025-11-18 11:20:48,543 - automation_pipeline - WARNING - WARNINGS (1):
2025-11-18 11:20:48,544 - automation_pipeline - WARNING -   [WARN] Only 1 VM(s) extracted - may be using fallback defaults
2025-11-18 11:20:48,544 - automation_pipeline - INFO - [PASS] Required data extracted with warnings
2025-11-18 11:20:48,544 - automation_pipeline - INFO - ================================================================================
2025-11-18 11:20:48,544 - automation_pipeline - INFO - Using EnhancedTerraformGeneratorV2 (full resource file generation)
2025-11-18 11:20:48,544 - automation_pipeline - INFO - Output directory: terraform_output/20251118_112048
2025-11-18 11:20:48,547 - automation_pipeline - INFO - Generated 22 Terraform files
2025-11-18 11:20:48,547 - automation_pipeline - INFO -   - m-vm.tf (4,484 bytes)
2025-11-18 11:20:48,547 - automation_pipeline - INFO -   - main.tf (3,100 bytes)
2025-11-18 11:20:48,547 - automation_pipeline - INFO -   - r-asg.tf (1,361 bytes)
2025-11-18 11:20:48,547 - automation_pipeline - INFO -   - r-snet.tf (933 bytes)
2025-11-18 11:20:48,547 - automation_pipeline - INFO -   - r-kvlt.tf (1,952 bytes)
2025-11-18 11:20:48,547 - automation_pipeline - INFO -   - r-umid.tf (1,053 bytes)
2025-11-18 11:20:48,547 - automation_pipeline - INFO -   - r-dsk.tf (1,069 bytes)
2025-11-18 11:20:48,547 - automation_pipeline - INFO -   - r-rnd.tf (240 bytes)
2025-11-18 11:20:48,547 - automation_pipeline - INFO -   - r-dcra.tf (463 bytes)
2025-11-18 11:20:48,547 - automation_pipeline - INFO -   - networking.tf (1,029 bytes)
2025-11-18 11:20:48,547 - automation_pipeline - INFO -   - s3.tf (928 bytes)
2025-11-18 11:20:48,547 - automation_pipeline - INFO -   - packages/monitoring/alerts.tf (931 bytes)
2025-11-18 11:20:48,547 - automation_pipeline - INFO -   - packages/storage/buckets.tf (659 bytes)
2025-11-18 11:20:48,547 - automation_pipeline - INFO -   - variables.tf (15,596 bytes)
2025-11-18 11:20:48,547 - automation_pipeline - INFO -   - terraform.tfvars (4,571 bytes)
2025-11-18 11:20:48,547 - automation_pipeline - INFO -   - outputs.tf (72 bytes)
2025-11-18 11:20:48,547 - automation_pipeline - INFO -   - data.tf (3,032 bytes)
2025-11-18 11:20:48,547 - automation_pipeline - INFO -   - locals.tf (392 bytes)
2025-11-18 11:20:48,547 - automation_pipeline - INFO -   - production.tfvars (409 bytes)
2025-11-18 11:20:48,547 - automation_pipeline - INFO -   - scripts/validate.sh (1,180 bytes)
2025-11-18 11:20:48,547 - automation_pipeline - INFO -   - README.md (1,694 bytes)
2025-11-18 11:20:48,547 - automation_pipeline - INFO -   - .gitignore (776 bytes)
2025-11-18 11:20:48,549 - automation_pipeline - INFO - SUCCESS: Terraform files generated in: terraform_output/20251118_112048
2025-11-18 11:20:48,549 - automation_pipeline - INFO - Step 5: Validating generated files...
2025-11-18 11:20:48,569 - automation_pipeline - INFO - SUCCESS: Output validation completed
2025-11-18 11:20:48,569 - automation_pipeline - INFO - Step 5a: Running Terraform validation...
2025-11-18 11:20:48,570 - automation_pipeline - INFO - Validating Terraform in: terraform_output/20251118_112048
2025-11-18 11:20:48,575 - automation_pipeline - WARNING - Terraform not available: [Errno 2] No such file or directory: 'terraform'
2025-11-18 11:20:48,575 - automation_pipeline - INFO - SUCCESS: Terraform validation completed
2025-11-18 11:20:48,575 - automation_pipeline - INFO - Step 6: Generating summary report...
2025-11-18 11:20:48,575 - automation_pipeline - INFO - SUCCESS: Summary report generated
2025-11-18 11:20:48,575 - automation_pipeline - INFO - Step 7: Cleaning up temporary files...
2025-11-18 11:20:48,575 - automation_pipeline - INFO - SUCCESS: Temporary files cleaned up
2025-11-18 11:20:48,575 - automation_pipeline - INFO - ================================================================================
2025-11-18 11:20:48,575 - automation_pipeline - INFO - AUTOMATION PIPELINE COMPLETED SUCCESSFULLY!
2025-11-18 11:20:48,575 - automation_pipeline - INFO - ================================================================================
2025-11-18 11:20:48,575 - automation_pipeline - INFO - Files processed: 1
2025-11-18 11:20:48,575 - automation_pipeline - INFO - Files generated: 23
2025-11-18 11:20:48,575 - automation_pipeline - INFO - Steps completed: 8
2025-11-18 11:20:48,575 - automation_pipeline - INFO - Duration: 0.00 seconds
2025-11-18 11:20:48,576 - automation_pipeline - INFO - Results saved to: terraform_output/20251118_112048/automation_results.json
2025-11-18 11:20:48,576 - automation_pipeline - INFO - SUCCESS: Automation completed successfully - notification sent
2025-11-18 11:21:46,156 - automation_pipeline - INFO - ================================================================================
2025-11-18 11:21:46,156 - automation_pipeline - INFO - EXCEL TO TERRAFORM AUTOMATION PIPELINE
2025-11-18 11:21:46,156 - automation_pipeline - INFO - ================================================================================
2025-11-18 11:21:46,156 - automation_pipeline - INFO - Started at: 2025-11-18 11:21:46.156436
2025-11-18 11:21:46,156 - automation_pipeline - INFO - Configuration: automation_config.json
2025-11-18 11:21:46,156 - automation_pipeline - INFO - Step 1: Validating inputs...
2025-11-18 11:21:46,156 - automation_pipeline - INFO - No specific file provided, searching sourcefiles directory for Excel files...
2025-11-18 11:21:46,156 - automation_pipeline - INFO - Found 1 Excel file(s) in sourcefiles directory
2025-11-18 11:21:46,157 - automation_pipeline - INFO -   - test_data.xlsm
2025-11-18 11:21:46,157 - automation_pipeline - INFO - SUCCESS: Input validation completed
2025-11-18 11:21:46,157 - automation_pipeline - INFO - No specific file provided, searching sourcefiles directory for Excel files...
2025-11-18 11:21:46,157 - automation_pipeline - INFO - Found 1 Excel file(s) in sourcefiles directory
2025-11-18 11:21:46,157 - automation_pipeline - INFO -   - test_data.xlsm
2025-11-18 11:21:46,157 - automation_pipeline - INFO - Processing 1 Excel file(s)
2025-11-18 11:21:46,157 - automation_pipeline - INFO - Step 2: Backing up previous outputs...
2025-11-18 11:21:46,157 - automation_pipeline - INFO - Previous outputs backed up to: backup_20251118_112146
2025-11-18 11:21:46,157 - automation_pipeline - INFO - SUCCESS: Previous outputs backed up
2025-11-18 11:21:46,157 - automation_pipeline - INFO - Processing file 1/1: test_data.xlsm
2025-11-18 11:21:46,157 - automation_pipeline - INFO - Step 3.1: Extracting Excel data to JSON...
2025-11-18 11:21:47,803 - automation_pipeline - INFO - JSON file created: test_data_comprehensive_extract.json (5,143,854 bytes)
2025-11-18 11:21:47,804 - automation_pipeline - INFO - SUCCESS: Excel data extracted to: test_data_comprehensive_extract.json
2025-11-18 11:21:47,804 - automation_pipeline - INFO - Step 4.1: Generating Terraform files...
2025-11-18 11:21:47,834 - automation_pipeline - INFO - ================================================================================
2025-11-18 11:21:47,835 - automation_pipeline - INFO - DATA EXTRACTION VALIDATION RESULTS
2025-11-18 11:21:47,835 - automation_pipeline - INFO - ================================================================================
2025-11-18 11:21:47,835 - automation_pipeline - INFO - Extraction Quality: GOOD
2025-11-18 11:21:47,835 - automation_pipeline - INFO - Valid: True
2025-11-18 11:21:47,835 - automation_pipeline - WARNING - WARNINGS (1):
2025-11-18 11:21:47,835 - automation_pipeline - WARNING -   [WARN] Only 1 VM(s) extracted - may be using fallback defaults
2025-11-18 11:21:47,835 - automation_pipeline - INFO - [PASS] Required data extracted with warnings
2025-11-18 11:21:47,835 - automation_pipeline - INFO - ================================================================================
2025-11-18 11:21:47,835 - automation_pipeline - INFO - Using EnhancedTerraformGeneratorV2 (full resource file generation)
2025-11-18 11:21:47,835 - automation_pipeline - INFO - Output directory: terraform_output/20251118_112147
2025-11-18 11:21:47,837 - automation_pipeline - INFO - Generated 22 Terraform files
2025-11-18 11:21:47,837 - automation_pipeline - INFO -   - m-vm.tf (4,484 bytes)
2025-11-18 11:21:47,837 - automation_pipeline - INFO -   - main.tf (3,100 bytes)
2025-11-18 11:21:47,837 - automation_pipeline - INFO -   - r-asg.tf (1,361 bytes)
2025-11-18 11:21:47,837 - automation_pipeline - INFO -   - r-snet.tf (933 bytes)
2025-11-18 11:21:47,837 - automation_pipeline - INFO -   - r-kvlt.tf (1,952 bytes)
2025-11-18 11:21:47,837 - automation_pipeline - INFO -   - r-umid.tf (1,053 bytes)
2025-11-18 11:21:47,837 - automation_pipeline - INFO -   - r-dsk.tf (1,069 bytes)
2025-11-18 11:21:47,837 - automation_pipeline - INFO -   - r-rnd.tf (240 bytes)
2025-11-18 11:21:47,837 - automation_pipeline - INFO -   - r-dcra.tf (463 bytes)
2025-11-18 11:21:47,837 - automation_pipeline - INFO -   - networking.tf (1,029 bytes)
2025-11-18 11:21:47,837 - automation_pipeline - INFO -   - s3.tf (928 bytes)
2025-11-18 11:21:47,837 - automation_pipeline - INFO -   - packages/monitoring/alerts.tf (931 bytes)
2025-11-18 11:21:47,837 - automation_pipeline - INFO -   - packages/storage/buckets.tf (659 bytes)
2025-11-18 11:21:47,837 - automation_pipeline - INFO -   - variables.tf (15,596 bytes)
2025-11-18 11:21:47,838 - automation_pipeline - INFO -   - terraform.tfvars (4,266 bytes)
2025-11-18 11:21:47,838 - automation_pipeline - INFO -   - outputs.tf (72 bytes)
2025-11-18 11:21:47,838 - automation_pipeline - INFO -   - data.tf (3,032 bytes)
2025-11-18 11:21:47,838 - automation_pipeline - INFO -   - locals.tf (392 bytes)
2025-11-18 11:21:47,838 - automation_pipeline - INFO -   - production.tfvars (409 bytes)
2025-11-18 11:21:47,838 - automation_pipeline - INFO -   - scripts/validate.sh (1,180 bytes)
2025-11-18 11:21:47,838 - automation_pipeline - INFO -   - README.md (1,694 bytes)
2025-11-18 11:21:47,838 - automation_pipeline - INFO -   - .gitignore (776 bytes)
2025-11-18 11:21:47,839 - automation_pipeline - INFO - SUCCESS: Terraform files generated in: terraform_output/20251118_112147
2025-11-18 11:21:47,839 - automation_pipeline - INFO - Step 5: Validating generated files...
2025-11-18 11:21:47,859 - automation_pipeline - INFO - SUCCESS: Output validation completed
2025-11-18 11:21:47,859 - automation_pipeline - INFO - Step 5a: Running Terraform validation...
2025-11-18 11:21:47,859 - automation_pipeline - INFO - Validating Terraform in: terraform_output/20251118_112147
2025-11-18 11:21:47,863 - automation_pipeline - WARNING - Terraform not available: [Errno 2] No such file or directory: 'terraform'
2025-11-18 11:21:47,863 - automation_pipeline - INFO - SUCCESS: Terraform validation completed
2025-11-18 11:21:47,863 - automation_pipeline - INFO - Step 6: Generating summary report...
2025-11-18 11:21:47,863 - automation_pipeline - INFO - SUCCESS: Summary report generated
2025-11-18 11:21:47,863 - automation_pipeline - INFO - Step 7: Cleaning up temporary files...
2025-11-18 11:21:47,863 - automation_pipeline - INFO - SUCCESS: Temporary files cleaned up
2025-11-18 11:21:47,863 - automation_pipeline - INFO - ================================================================================
2025-11-18 11:21:47,863 - automation_pipeline - INFO - AUTOMATION PIPELINE COMPLETED SUCCESSFULLY!
2025-11-18 11:21:47,863 - automation_pipeline - INFO - ================================================================================
2025-11-18 11:21:47,863 - automation_pipeline - INFO - Files processed: 1
2025-11-18 11:21:47,863 - automation_pipeline - INFO - Files generated: 23
2025-11-18 11:21:47,863 - automation_pipeline - INFO - Steps completed: 8
2025-11-18 11:21:47,863 - automation_pipeline - INFO - Duration: 0.00 seconds
2025-11-18 11:21:47,864 - automation_pipeline - INFO - Results saved to: terraform_output/20251118_112147/automation_results.json
2025-11-18 11:21:47,864 - automation_pipeline - INFO - SUCCESS: Automation completed successfully - notification sent
2025-11-20 10:41:12 - cli - INFO - Starting Build Ticket Automation Pipeline
2025-11-20 10:41:12 - cli - ERROR - Error: Input file not found: sourcefiles/Build Ticket V2 - Active Directory DR.xlsm
2025-11-20 10:41:20 - cli - INFO - Starting Build Ticket Automation Pipeline
2025-11-20 10:41:20 - cli - ERROR - Error: 'file'
2025-12-01 09:30:39,000 - automation_pipeline - INFO - ================================================================================
2025-12-01 09:30:39,000 - automation_pipeline - INFO - EXCEL TO TERRAFORM AUTOMATION PIPELINE
2025-12-01 09:30:39,000 - automation_pipeline - INFO - ================================================================================
2025-12-01 09:30:39,000 - automation_pipeline - INFO - Started at: 2025-12-01 09:30:39.000085
2025-12-01 09:30:39,000 - automation_pipeline - INFO - Configuration: automation_config.json
2025-12-01 09:30:39,000 - automation_pipeline - INFO - Step 1: Validating inputs...
2025-12-01 09:30:39,000 - automation_pipeline - INFO - Found 1 Excel files in sourcefiles
2025-12-01 09:30:39,000 - automation_pipeline - INFO -   - test_data.xlsm
2025-12-01 09:30:39,000 - automation_pipeline - INFO - SUCCESS: Input validation completed
2025-12-01 09:30:39,001 - automation_pipeline - INFO - Found 1 Excel files in sourcefiles
2025-12-01 09:30:39,001 - automation_pipeline - INFO -   - test_data.xlsm
2025-12-01 09:30:39,001 - automation_pipeline - INFO - Processing 1 Excel file(s)
2025-12-01 09:30:39,001 - automation_pipeline - INFO - Step 2: Backing up previous outputs...
2025-12-01 09:30:39,004 - automation_pipeline - INFO - Previous outputs backed up to: backup_20251201_093039
2025-12-01 09:30:39,004 - automation_pipeline - INFO - SUCCESS: Previous outputs backed up
2025-12-01 09:30:39,004 - automation_pipeline - INFO - Processing file 1/1: test_data.xlsm
2025-12-01 09:30:39,004 - automation_pipeline - INFO - Step 3.1: Extracting Excel data to JSON...
2025-12-01 09:30:40,769 - automation_pipeline - INFO - JSON file created: test_data_comprehensive_extract.json (5,143,854 bytes)
2025-12-01 09:30:40,770 - automation_pipeline - INFO - SUCCESS: Excel data extracted to: test_data_comprehensive_extract.json
2025-12-01 09:30:40,770 - automation_pipeline - INFO - Step 4.1: Generating Terraform files...
2025-12-01 09:30:40,795 - automation_pipeline - INFO - ================================================================================
2025-12-01 09:30:40,795 - automation_pipeline - INFO - DATA EXTRACTION VALIDATION RESULTS
2025-12-01 09:30:40,795 - automation_pipeline - INFO - ================================================================================
2025-12-01 09:30:40,795 - automation_pipeline - INFO - Extraction Quality: GOOD
2025-12-01 09:30:40,795 - automation_pipeline - INFO - Valid: True
2025-12-01 09:30:40,795 - automation_pipeline - WARNING - WARNINGS (1):
2025-12-01 09:30:40,795 - automation_pipeline - WARNING -   [WARN] Only 1 VM(s) extracted - may be using fallback defaults
2025-12-01 09:30:40,796 - automation_pipeline - INFO - [PASS] Required data extracted with warnings
2025-12-01 09:30:40,796 - automation_pipeline - INFO - ================================================================================
2025-12-01 09:30:40,796 - automation_pipeline - INFO - Using EnhancedTerraformGeneratorV2 (full resource file generation)
2025-12-01 09:30:40,796 - automation_pipeline - INFO - Output directory: terraform_output/20251201_093040
2025-12-01 09:30:40,799 - automation_pipeline - INFO - Generated 22 Terraform files
2025-12-01 09:30:40,799 - automation_pipeline - INFO -   - m-vm.tf (4,484 bytes)
2025-12-01 09:30:40,799 - automation_pipeline - INFO -   - main.tf (3,100 bytes)
2025-12-01 09:30:40,799 - automation_pipeline - INFO -   - r-asg.tf (1,361 bytes)
2025-12-01 09:30:40,799 - automation_pipeline - INFO -   - r-snet.tf (933 bytes)
2025-12-01 09:30:40,799 - automation_pipeline - INFO -   - r-kvlt.tf (1,952 bytes)
2025-12-01 09:30:40,799 - automation_pipeline - INFO -   - r-umid.tf (1,053 bytes)
2025-12-01 09:30:40,799 - automation_pipeline - INFO -   - r-dsk.tf (1,069 bytes)
2025-12-01 09:30:40,799 - automation_pipeline - INFO -   - r-rnd.tf (240 bytes)
2025-12-01 09:30:40,799 - automation_pipeline - INFO -   - r-dcra.tf (463 bytes)
2025-12-01 09:30:40,799 - automation_pipeline - INFO -   - networking.tf (1,029 bytes)
2025-12-01 09:30:40,799 - automation_pipeline - INFO -   - s3.tf (928 bytes)
2025-12-01 09:30:40,799 - automation_pipeline - INFO -   - packages/monitoring/alerts.tf (931 bytes)
2025-12-01 09:30:40,799 - automation_pipeline - INFO -   - packages/storage/buckets.tf (659 bytes)
2025-12-01 09:30:40,799 - automation_pipeline - INFO -   - variables.tf (15,596 bytes)
2025-12-01 09:30:40,799 - automation_pipeline - INFO -   - terraform.tfvars (4,213 bytes)
2025-12-01 09:30:40,799 - automation_pipeline - INFO -   - outputs.tf (72 bytes)
2025-12-01 09:30:40,799 - automation_pipeline - INFO -   - data.tf (3,032 bytes)
2025-12-01 09:30:40,799 - automation_pipeline - INFO -   - locals.tf (392 bytes)
2025-12-01 09:30:40,799 - automation_pipeline - INFO -   - production.tfvars (409 bytes)
2025-12-01 09:30:40,799 - automation_pipeline - INFO -   - scripts/validate.sh (1,180 bytes)
2025-12-01 09:30:40,799 - automation_pipeline - INFO -   - README.md (1,694 bytes)
2025-12-01 09:30:40,799 - automation_pipeline - INFO -   - .gitignore (776 bytes)
2025-12-01 09:30:40,801 - automation_pipeline - INFO - SUCCESS: Terraform files generated in: terraform_output/20251201_093040
2025-12-01 09:30:40,801 - automation_pipeline - INFO - Step 5: Validating generated files...
2025-12-01 09:30:40,877 - automation_pipeline - INFO - SUCCESS: Output validation completed
2025-12-01 09:30:40,877 - automation_pipeline - INFO - Step 5a: Running Terraform validation...
2025-12-01 09:30:40,877 - automation_pipeline - INFO - Validating Terraform in: terraform_output/20251201_093040
2025-12-01 09:30:41,699 - automation_pipeline - INFO - Found Terraform v1.5.7
2025-12-01 09:30:41,699 - automation_pipeline - INFO - Running terraform fmt on terraform_output/20251201_093040
2025-12-01 09:30:41,744 - automation_pipeline - WARNING - Terraform fmt: [FAIL] Formatting issues found
2025-12-01 09:30:41,745 - automation_pipeline - INFO - Running terraform init
2025-12-01 09:30:42,379 - automation_pipeline - WARNING - Terraform init failed: [31m[31m╷[0m[0m
[31m│[0m [0m[1m[31mError: [0m[0m[1mError accessing remote module registry[0m
[31m│[0m [0m
[31m│[0m [0m[0m  on m-vm.tf line 38:
[31m│[0m [0m  38: [4mmodule "vm"[0m {[0m
[31m│[0m [0m
[31m│[0m [0mFailed to retrieve available versions for module "vm" (m-vm.tf:38) from
[31m│[0m [0mapp.terraform.io: error looking up module versions: 401 Unauthorized.
[31m╵[0m[0m
[0m[0m
[31m[31m╷[0m[0m
[31m│[0m [0m[1m[31mError: [0m[0m[1mDuplicate local value definition[0m
[31m│[0m [0m
[31m│[0m [0m[0m  on main.tf line 22, in locals:
[31m│[0m [0m  22:   [4mcommon_tags = {
[31m│[0m [0m  23:     Environment = local.environment
[31m│[0m [0m  24:     Project     = local.project_name
[31m│[0m [0m  25:     ManagedBy   = "terraform"
[31m│[0m [0m  26:   }[0m[0m
[31m│[0m [0m
[31m│[0m [0mA local value named "common_tags" was already defined at locals.tf:6,3-8,4.
[31m│[0m [0mLocal value names must be unique within a module.
[31m╵[0m[0m
[0m[0m
[31m[31m╷[0m[0m
[31m│[0m [0m[1m[31mError: [0m[0m[1mInvalid reference in variable validation[0m
[31m│[0m [0m
[31m│[0m [0m[0m  on variables.tf line 27, in variable "location":
[31m│[0m [0m  27:     error_message = format("A location value of "%[4ms[0m" is not allowed. Please use one of the following: \n %s", var.location,[0m
[31m│[0m [0m
[31m│[0m [0mThe error message for variable "location" can only refer to the variable
[31m│[0m [0mitself, using var.location.
[31m╵[0m[0m
[0m[0m
[31m[31m╷[0m[0m
[31m│[0m [0m[1m[31mError: [0m[0m[1mInvalid reference in variable validation[0m
[31m│[0m [0m
[31m│[0m [0m[0m  on variables.tf line 333, in variable "common_tags":
[31m│[0m [0m 333:     error_message = format("An environment tag value of "%[4ms[0m" is not allowed. Please use one of the following: \n %s", var.common_tags.environment,[0m
[31m│[0m [0m
[31m│[0m [0mThe error message for variable "common_tags" can only refer to the variable
[31m│[0m [0mitself, using var.common_tags.
[31m╵[0m[0m
[0m[0m
[31m[31m╷[0m[0m
[31m│[0m [0m[1m[31mError: [0m[0m[1mInvalid reference in variable validation[0m
[31m│[0m [0m
[31m│[0m [0m[0m  on variables.tf line 356, in variable "common_tags":
[31m│[0m [0m 356:     error_message = format("A app-tier tag value of "%[4ms[0m" is not allowed. Please use one of the following: \n %s", var.common_tags.app-tier,[0m
[31m│[0m [0m
[31m│[0m [0mThe error message for variable "common_tags" can only refer to the variable
[31m│[0m [0mitself, using var.common_tags.
[31m╵[0m[0m
[0m[0m
[31m[31m╷[0m[0m
[31m│[0m [0m[1m[31mError: [0m[0m[1mInvalid reference in variable validation[0m
[31m│[0m [0m
[31m│[0m [0m[0m  on variables.tf line 371, in variable "common_tags":
[31m│[0m [0m 371:     error_message = format("An it-cost-center tag value of "%[4ms[0m" is not allowed. Please use NA or a whole number", var.common_tags.it-cost-center)[0m
[31m│[0m [0m
[31m│[0m [0mThe error message for variable "common_tags" can only refer to the variable
[31m│[0m [0mitself, using var.common_tags.
[31m╵[0m[0m
[0m[0m
[31m[31m╷[0m[0m
[31m│[0m [0m[1m[31mError: [0m[0m[1mInvalid reference in variable validation[0m
[31m│[0m [0m
[31m│[0m [0m[0m  on variables.tf line 388, in variable "resource_specific_tags":
[31m│[0m [0m 388:     error_message = format("A patch-optin tag value of "%[4ms[0m" is not allowed. Please use one of the following: YES, NO, NA", var.resource_specific_tags.patch-optin)[0m
[31m│[0m [0m
[31m│[0m [0mThe error message for variable "resource_specific_tags" can only refer to
[31m│[0m [0mthe variable itself, using var.resource_specific_tags.
[31m╵[0m[0m
[0m[0m

2025-12-01 09:30:42,379 - automation_pipeline - WARNING -   Terraform fmt: [FAIL]
2025-12-01 09:30:42,379 - automation_pipeline - INFO - SUCCESS: Terraform validation completed
2025-12-01 09:30:42,379 - automation_pipeline - INFO - Step 6: Generating summary report...
2025-12-01 09:30:42,380 - automation_pipeline - INFO - SUCCESS: Summary report generated
2025-12-01 09:30:42,380 - automation_pipeline - INFO - Step 7: Cleaning up temporary files...
2025-12-01 09:30:42,380 - automation_pipeline - INFO - SUCCESS: Temporary files cleaned up
2025-12-01 09:30:42,380 - automation_pipeline - INFO - ================================================================================
2025-12-01 09:30:42,380 - automation_pipeline - INFO - AUTOMATION PIPELINE COMPLETED SUCCESSFULLY!
2025-12-01 09:30:42,380 - automation_pipeline - INFO - ================================================================================
2025-12-01 09:30:42,380 - automation_pipeline - INFO - Files processed: 1
2025-12-01 09:30:42,380 - automation_pipeline - INFO - Files generated: 23
2025-12-01 09:30:42,380 - automation_pipeline - INFO - Steps completed: 8
2025-12-01 09:30:42,380 - automation_pipeline - INFO - Duration: 0.00 seconds
2025-12-01 09:30:42,381 - automation_pipeline - INFO - Results saved to: terraform_output/20251201_093040/automation_results.json
2025-12-01 09:30:42,381 - automation_pipeline - INFO - SUCCESS: Automation completed successfully - notification sent
2025-12-01 10:20:56,896 - automation_pipeline - INFO - ================================================================================
2025-12-01 10:20:56,896 - automation_pipeline - INFO - EXCEL TO TERRAFORM AUTOMATION PIPELINE
2025-12-01 10:20:56,897 - automation_pipeline - INFO - ================================================================================
2025-12-01 10:20:56,897 - automation_pipeline - INFO - Started at: 2025-12-01 10:20:56.896622
2025-12-01 10:20:56,897 - automation_pipeline - INFO - Configuration: automation_config.json
2025-12-01 10:20:56,897 - automation_pipeline - INFO - Step 1: Validating inputs...
2025-12-01 10:20:56,897 - automation_pipeline - INFO - Processing single file: BTA5.xlsx
2025-12-01 10:20:56,897 - automation_pipeline - INFO - SUCCESS: Input validation completed
2025-12-01 10:20:56,897 - automation_pipeline - INFO - Processing single file: BTA5.xlsx
2025-12-01 10:20:56,897 - automation_pipeline - INFO - Processing 1 Excel file(s)
2025-12-01 10:20:56,897 - automation_pipeline - INFO - Step 2: Backing up previous outputs...
2025-12-01 10:20:56,901 - automation_pipeline - INFO - Previous outputs backed up to: backup_20251201_102056
2025-12-01 10:20:56,901 - automation_pipeline - INFO - SUCCESS: Previous outputs backed up
2025-12-01 10:20:56,901 - automation_pipeline - INFO - Processing file 1/1: BTA5.xlsx
2025-12-01 10:20:56,901 - automation_pipeline - INFO - Step 3.1: Extracting Excel data to JSON...
2025-12-01 10:20:57,113 - automation_pipeline - INFO - JSON file created: BTA5_comprehensive_extract.json (468,251 bytes)
2025-12-01 10:20:57,114 - automation_pipeline - INFO - SUCCESS: Excel data extracted to: BTA5_comprehensive_extract.json
2025-12-01 10:20:57,114 - automation_pipeline - INFO - Step 4.1: Generating Terraform files...
2025-12-01 10:20:57,117 - automation_pipeline - INFO - ================================================================================
2025-12-01 10:20:57,117 - automation_pipeline - INFO - DATA EXTRACTION VALIDATION RESULTS
2025-12-01 10:20:57,117 - automation_pipeline - INFO - ================================================================================
2025-12-01 10:20:57,117 - automation_pipeline - INFO - Extraction Quality: PARTIAL
2025-12-01 10:20:57,117 - automation_pipeline - INFO - Valid: False
2025-12-01 10:20:57,117 - automation_pipeline - ERROR - ERRORS FOUND (1):
2025-12-01 10:20:57,117 - automation_pipeline - ERROR -   [ERROR] Required field 'application_name' is missing or empty
2025-12-01 10:20:57,117 - automation_pipeline - WARNING - WARNINGS (2):
2025-12-01 10:20:57,117 - automation_pipeline - WARNING -   [WARN] Only 2 VM(s) extracted - may be using fallback defaults
2025-12-01 10:20:57,117 - automation_pipeline - WARNING -   [WARN] No NSG security rules extracted
2025-12-01 10:20:57,117 - automation_pipeline - ERROR - Missing Required Fields: application_name
2025-12-01 10:20:57,117 - automation_pipeline - ERROR - [FAIL] Data extraction incomplete - missing required fields
2025-12-01 10:20:57,117 - automation_pipeline - INFO - ================================================================================
2025-12-01 10:20:57,118 - automation_pipeline - INFO - Using EnhancedTerraformGeneratorV2 (full resource file generation)
2025-12-01 10:20:57,118 - automation_pipeline - INFO - Output directory: terraform_output/20251201_102057
2025-12-01 10:20:57,120 - automation_pipeline - INFO - Generated 22 Terraform files
2025-12-01 10:20:57,120 - automation_pipeline - INFO -   - m-vm.tf (4,484 bytes)
2025-12-01 10:20:57,120 - automation_pipeline - INFO -   - main.tf (3,100 bytes)
2025-12-01 10:20:57,120 - automation_pipeline - INFO -   - r-asg.tf (1,361 bytes)
2025-12-01 10:20:57,120 - automation_pipeline - INFO -   - r-snet.tf (933 bytes)
2025-12-01 10:20:57,120 - automation_pipeline - INFO -   - r-kvlt.tf (1,952 bytes)
2025-12-01 10:20:57,120 - automation_pipeline - INFO -   - r-umid.tf (1,053 bytes)
2025-12-01 10:20:57,120 - automation_pipeline - INFO -   - r-dsk.tf (1,069 bytes)
2025-12-01 10:20:57,120 - automation_pipeline - INFO -   - r-rnd.tf (240 bytes)
2025-12-01 10:20:57,120 - automation_pipeline - INFO -   - r-dcra.tf (463 bytes)
2025-12-01 10:20:57,120 - automation_pipeline - INFO -   - networking.tf (1,029 bytes)
2025-12-01 10:20:57,120 - automation_pipeline - INFO -   - s3.tf (928 bytes)
2025-12-01 10:20:57,120 - automation_pipeline - INFO -   - packages/monitoring/alerts.tf (931 bytes)
2025-12-01 10:20:57,120 - automation_pipeline - INFO -   - packages/storage/buckets.tf (659 bytes)
2025-12-01 10:20:57,120 - automation_pipeline - INFO -   - variables.tf (15,596 bytes)
2025-12-01 10:20:57,120 - automation_pipeline - INFO -   - terraform.tfvars (1,815 bytes)
2025-12-01 10:20:57,120 - automation_pipeline - INFO -   - outputs.tf (72 bytes)
2025-12-01 10:20:57,120 - automation_pipeline - INFO -   - data.tf (3,032 bytes)
2025-12-01 10:20:57,120 - automation_pipeline - INFO -   - locals.tf (392 bytes)
2025-12-01 10:20:57,120 - automation_pipeline - INFO -   - production.tfvars (409 bytes)
2025-12-01 10:20:57,120 - automation_pipeline - INFO -   - scripts/validate.sh (1,158 bytes)
2025-12-01 10:20:57,120 - automation_pipeline - INFO -   - README.md (1,673 bytes)
2025-12-01 10:20:57,120 - automation_pipeline - INFO -   - .gitignore (776 bytes)
2025-12-01 10:20:57,121 - automation_pipeline - INFO - SUCCESS: Terraform files generated in: terraform_output/20251201_102057
2025-12-01 10:20:57,121 - automation_pipeline - INFO - Step 5: Validating generated files...
2025-12-01 10:20:57,122 - automation_pipeline - INFO - SUCCESS: Output validation completed
2025-12-01 10:20:57,122 - automation_pipeline - INFO - Step 5a: Running Terraform validation...
2025-12-01 10:20:57,122 - automation_pipeline - INFO - Validating Terraform in: terraform_output/20251201_102057
2025-12-01 10:20:57,259 - automation_pipeline - INFO - Found Terraform v1.5.7
2025-12-01 10:20:57,259 - automation_pipeline - INFO - Running terraform fmt on terraform_output/20251201_102057
2025-12-01 10:20:57,282 - automation_pipeline - WARNING - Terraform fmt: [FAIL] Formatting issues found
2025-12-01 10:20:57,282 - automation_pipeline - INFO - Running terraform init
2025-12-01 10:20:58,007 - automation_pipeline - WARNING - Terraform init failed: [31m[31m╷[0m[0m
[31m│[0m [0m[1m[31mError: [0m[0m[1mError accessing remote module registry[0m
[31m│[0m [0m
[31m│[0m [0m[0m  on m-vm.tf line 38:
[31m│[0m [0m  38: [4mmodule "vm"[0m {[0m
[31m│[0m [0m
[31m│[0m [0mFailed to retrieve available versions for module "vm" (m-vm.tf:38) from
[31m│[0m [0mapp.terraform.io: error looking up module versions: 401 Unauthorized.
[31m╵[0m[0m
[0m[0m
[31m[31m╷[0m[0m
[31m│[0m [0m[1m[31mError: [0m[0m[1mDuplicate local value definition[0m
[31m│[0m [0m
[31m│[0m [0m[0m  on main.tf line 22, in locals:
[31m│[0m [0m  22:   [4mcommon_tags = {
[31m│[0m [0m  23:     Environment = local.environment
[31m│[0m [0m  24:     Project     = local.project_name
[31m│[0m [0m  25:     ManagedBy   = "terraform"
[31m│[0m [0m  26:   }[0m[0m
[31m│[0m [0m
[31m│[0m [0mA local value named "common_tags" was already defined at locals.tf:6,3-8,4.
[31m│[0m [0mLocal value names must be unique within a module.
[31m╵[0m[0m
[0m[0m
[31m[31m╷[0m[0m
[31m│[0m [0m[1m[31mError: [0m[0m[1mInvalid reference in variable validation[0m
[31m│[0m [0m
[31m│[0m [0m[0m  on variables.tf line 27, in variable "location":
[31m│[0m [0m  27:     error_message = format("A location value of "%[4ms[0m" is not allowed. Please use one of the following: \n %s", var.location,[0m
[31m│[0m [0m
[31m│[0m [0mThe error message for variable "location" can only refer to the variable
[31m│[0m [0mitself, using var.location.
[31m╵[0m[0m
[0m[0m
[31m[31m╷[0m[0m
[31m│[0m [0m[1m[31mError: [0m[0m[1mInvalid reference in variable validation[0m
[31m│[0m [0m
[31m│[0m [0m[0m  on variables.tf line 333, in variable "common_tags":
[31m│[0m [0m 333:     error_message = format("An environment tag value of "%[4ms[0m" is not allowed. Please use one of the following: \n %s", var.common_tags.environment,[0m
[31m│[0m [0m
[31m│[0m [0mThe error message for variable "common_tags" can only refer to the variable
[31m│[0m [0mitself, using var.common_tags.
[31m╵[0m[0m
[0m[0m
[31m[31m╷[0m[0m
[31m│[0m [0m[1m[31mError: [0m[0m[1mInvalid reference in variable validation[0m
[31m│[0m [0m
[31m│[0m [0m[0m  on variables.tf line 356, in variable "common_tags":
[31m│[0m [0m 356:     error_message = format("A app-tier tag value of "%[4ms[0m" is not allowed. Please use one of the following: \n %s", var.common_tags.app-tier,[0m
[31m│[0m [0m
[31m│[0m [0mThe error message for variable "common_tags" can only refer to the variable
[31m│[0m [0mitself, using var.common_tags.
[31m╵[0m[0m
[0m[0m
[31m[31m╷[0m[0m
[31m│[0m [0m[1m[31mError: [0m[0m[1mInvalid reference in variable validation[0m
[31m│[0m [0m
[31m│[0m [0m[0m  on variables.tf line 371, in variable "common_tags":
[31m│[0m [0m 371:     error_message = format("An it-cost-center tag value of "%[4ms[0m" is not allowed. Please use NA or a whole number", var.common_tags.it-cost-center)[0m
[31m│[0m [0m
[31m│[0m [0mThe error message for variable "common_tags" can only refer to the variable
[31m│[0m [0mitself, using var.common_tags.
[31m╵[0m[0m
[0m[0m
[31m[31m╷[0m[0m
[31m│[0m [0m[1m[31mError: [0m[0m[1mInvalid reference in variable validation[0m
[31m│[0m [0m
[31m│[0m [0m[0m  on variables.tf line 388, in variable "resource_specific_tags":
[31m│[0m [0m 388:     error_message = format("A patch-optin tag value of "%[4ms[0m" is not allowed. Please use one of the following: YES, NO, NA", var.resource_specific_tags.patch-optin)[0m
[31m│[0m [0m
[31m│[0m [0mThe error message for variable "resource_specific_tags" can only refer to
[31m│[0m [0mthe variable itself, using var.resource_specific_tags.
[31m╵[0m[0m
[0m[0m

2025-12-01 10:20:58,007 - automation_pipeline - WARNING -   Terraform fmt: [FAIL]
2025-12-01 10:20:58,007 - automation_pipeline - INFO - SUCCESS: Terraform validation completed
2025-12-01 10:20:58,007 - automation_pipeline - INFO - Step 6: Generating summary report...
2025-12-01 10:20:58,008 - automation_pipeline - INFO - SUCCESS: Summary report generated
2025-12-01 10:20:58,008 - automation_pipeline - INFO - Step 7: Cleaning up temporary files...
2025-12-01 10:20:58,008 - automation_pipeline - INFO - SUCCESS: Temporary files cleaned up
2025-12-01 10:20:58,008 - automation_pipeline - INFO - ================================================================================
2025-12-01 10:20:58,008 - automation_pipeline - INFO - AUTOMATION PIPELINE COMPLETED SUCCESSFULLY!
2025-12-01 10:20:58,008 - automation_pipeline - INFO - ================================================================================
2025-12-01 10:20:58,008 - automation_pipeline - INFO - Files processed: 1
2025-12-01 10:20:58,008 - automation_pipeline - INFO - Files generated: 23
2025-12-01 10:20:58,008 - automation_pipeline - INFO - Steps completed: 8
2025-12-01 10:20:58,008 - automation_pipeline - INFO - Duration: 0.00 seconds
2025-12-01 10:20:58,009 - automation_pipeline - INFO - Results saved to: terraform_output/20251201_102057/automation_results.json
2025-12-01 10:20:58,010 - automation_pipeline - INFO - SUCCESS: Automation completed successfully - notification sent
2025-12-01 10:22:31,650 - automation_pipeline - INFO - ================================================================================
2025-12-01 10:22:31,650 - automation_pipeline - INFO - EXCEL TO TERRAFORM AUTOMATION PIPELINE
2025-12-01 10:22:31,650 - automation_pipeline - INFO - ================================================================================
2025-12-01 10:22:31,650 - automation_pipeline - INFO - Started at: 2025-12-01 10:22:31.650672
2025-12-01 10:22:31,650 - automation_pipeline - INFO - Configuration: automation_config.json
2025-12-01 10:22:31,650 - automation_pipeline - INFO - Step 1: Validating inputs...
2025-12-01 10:22:31,651 - automation_pipeline - INFO - Processing single file: BTA5.xlsx
2025-12-01 10:22:31,651 - automation_pipeline - INFO - SUCCESS: Input validation completed
2025-12-01 10:22:31,651 - automation_pipeline - INFO - Processing single file: BTA5.xlsx
2025-12-01 10:22:31,651 - automation_pipeline - INFO - Processing 1 Excel file(s)
2025-12-01 10:22:31,651 - automation_pipeline - INFO - Step 2: Backing up previous outputs...
2025-12-01 10:22:31,654 - automation_pipeline - INFO - Previous outputs backed up to: backup_20251201_102231
2025-12-01 10:22:31,654 - automation_pipeline - INFO - SUCCESS: Previous outputs backed up
2025-12-01 10:22:31,654 - automation_pipeline - INFO - Processing file 1/1: BTA5.xlsx
2025-12-01 10:22:31,654 - automation_pipeline - INFO - Step 3.1: Extracting Excel data to JSON...
2025-12-01 10:22:31,853 - automation_pipeline - INFO - JSON file created: BTA5_comprehensive_extract.json (468,251 bytes)
2025-12-01 10:22:31,854 - automation_pipeline - INFO - SUCCESS: Excel data extracted to: BTA5_comprehensive_extract.json
2025-12-01 10:22:31,854 - automation_pipeline - INFO - Step 4.1: Generating Terraform files...
2025-12-01 10:22:31,856 - automation_pipeline - INFO - ================================================================================
2025-12-01 10:22:31,856 - automation_pipeline - INFO - DATA EXTRACTION VALIDATION RESULTS
2025-12-01 10:22:31,856 - automation_pipeline - INFO - ================================================================================
2025-12-01 10:22:31,856 - automation_pipeline - INFO - Extraction Quality: PARTIAL
2025-12-01 10:22:31,856 - automation_pipeline - INFO - Valid: False
2025-12-01 10:22:31,857 - automation_pipeline - ERROR - ERRORS FOUND (1):
2025-12-01 10:22:31,857 - automation_pipeline - ERROR -   [ERROR] Required field 'application_name' is missing or empty
2025-12-01 10:22:31,857 - automation_pipeline - WARNING - WARNINGS (2):
2025-12-01 10:22:31,857 - automation_pipeline - WARNING -   [WARN] Only 2 VM(s) extracted - may be using fallback defaults
2025-12-01 10:22:31,857 - automation_pipeline - WARNING -   [WARN] No NSG security rules extracted
2025-12-01 10:22:31,857 - automation_pipeline - ERROR - Missing Required Fields: application_name
2025-12-01 10:22:31,857 - automation_pipeline - ERROR - [FAIL] Data extraction incomplete - missing required fields
2025-12-01 10:22:31,857 - automation_pipeline - INFO - ================================================================================
2025-12-01 10:22:31,857 - automation_pipeline - INFO - Using EnhancedTerraformGeneratorV2 (full resource file generation)
2025-12-01 10:22:31,857 - automation_pipeline - INFO - Output directory: terraform_output/20251201_102231
2025-12-01 10:22:31,859 - automation_pipeline - INFO - Generated 22 Terraform files
2025-12-01 10:22:31,859 - automation_pipeline - INFO -   - m-vm.tf (4,484 bytes)
2025-12-01 10:22:31,859 - automation_pipeline - INFO -   - main.tf (3,100 bytes)
2025-12-01 10:22:31,859 - automation_pipeline - INFO -   - r-asg.tf (1,361 bytes)
2025-12-01 10:22:31,859 - automation_pipeline - INFO -   - r-snet.tf (933 bytes)
2025-12-01 10:22:31,859 - automation_pipeline - INFO -   - r-kvlt.tf (1,952 bytes)
2025-12-01 10:22:31,859 - automation_pipeline - INFO -   - r-umid.tf (1,053 bytes)
2025-12-01 10:22:31,859 - automation_pipeline - INFO -   - r-dsk.tf (1,069 bytes)
2025-12-01 10:22:31,859 - automation_pipeline - INFO -   - r-rnd.tf (240 bytes)
2025-12-01 10:22:31,859 - automation_pipeline - INFO -   - r-dcra.tf (463 bytes)
2025-12-01 10:22:31,859 - automation_pipeline - INFO -   - networking.tf (1,029 bytes)
2025-12-01 10:22:31,859 - automation_pipeline - INFO -   - s3.tf (928 bytes)
2025-12-01 10:22:31,859 - automation_pipeline - INFO -   - packages/monitoring/alerts.tf (931 bytes)
2025-12-01 10:22:31,859 - automation_pipeline - INFO -   - packages/storage/buckets.tf (659 bytes)
2025-12-01 10:22:31,859 - automation_pipeline - INFO -   - variables.tf (15,596 bytes)
2025-12-01 10:22:31,859 - automation_pipeline - INFO -   - terraform.tfvars (1,815 bytes)
2025-12-01 10:22:31,859 - automation_pipeline - INFO -   - outputs.tf (72 bytes)
2025-12-01 10:22:31,859 - automation_pipeline - INFO -   - data.tf (3,032 bytes)
2025-12-01 10:22:31,860 - automation_pipeline - INFO -   - locals.tf (392 bytes)
2025-12-01 10:22:31,860 - automation_pipeline - INFO -   - production.tfvars (409 bytes)
2025-12-01 10:22:31,860 - automation_pipeline - INFO -   - scripts/validate.sh (1,158 bytes)
2025-12-01 10:22:31,860 - automation_pipeline - INFO -   - README.md (1,673 bytes)
2025-12-01 10:22:31,860 - automation_pipeline - INFO -   - .gitignore (776 bytes)
2025-12-01 10:22:31,860 - automation_pipeline - INFO - SUCCESS: Terraform files generated in: terraform_output/20251201_102231
2025-12-01 10:22:31,860 - automation_pipeline - INFO - Step 5: Validating generated files...
2025-12-01 10:22:31,861 - automation_pipeline - INFO - SUCCESS: Output validation completed
2025-12-01 10:22:31,861 - automation_pipeline - INFO - Step 5a: Running Terraform validation...
2025-12-01 10:22:31,861 - automation_pipeline - INFO - Validating Terraform in: terraform_output/20251201_102231
2025-12-01 10:22:32,010 - automation_pipeline - INFO - Found Terraform v1.5.7
2025-12-01 10:22:32,010 - automation_pipeline - INFO - Running terraform fmt on terraform_output/20251201_102231
2025-12-01 10:22:32,032 - automation_pipeline - WARNING - Terraform fmt: [FAIL] Formatting issues found
2025-12-01 10:22:32,032 - automation_pipeline - INFO - Running terraform init
2025-12-01 10:22:32,439 - automation_pipeline - WARNING - Terraform init failed: [31m[31m╷[0m[0m
[31m│[0m [0m[1m[31mError: [0m[0m[1mError accessing remote module registry[0m
[31m│[0m [0m
[31m│[0m [0m[0m  on m-vm.tf line 38:
[31m│[0m [0m  38: [4mmodule "vm"[0m {[0m
[31m│[0m [0m
[31m│[0m [0mFailed to retrieve available versions for module "vm" (m-vm.tf:38) from
[31m│[0m [0mapp.terraform.io: error looking up module versions: 401 Unauthorized.
[31m╵[0m[0m
[0m[0m
[31m[31m╷[0m[0m
[31m│[0m [0m[1m[31mError: [0m[0m[1mDuplicate local value definition[0m
[31m│[0m [0m
[31m│[0m [0m[0m  on main.tf line 22, in locals:
[31m│[0m [0m  22:   [4mcommon_tags = {
[31m│[0m [0m  23:     Environment = local.environment
[31m│[0m [0m  24:     Project     = local.project_name
[31m│[0m [0m  25:     ManagedBy   = "terraform"
[31m│[0m [0m  26:   }[0m[0m
[31m│[0m [0m
[31m│[0m [0mA local value named "common_tags" was already defined at locals.tf:6,3-8,4.
[31m│[0m [0mLocal value names must be unique within a module.
[31m╵[0m[0m
[0m[0m
[31m[31m╷[0m[0m
[31m│[0m [0m[1m[31mError: [0m[0m[1mInvalid reference in variable validation[0m
[31m│[0m [0m
[31m│[0m [0m[0m  on variables.tf line 27, in variable "location":
[31m│[0m [0m  27:     error_message = format("A location value of "%[4ms[0m" is not allowed. Please use one of the following: \n %s", var.location,[0m
[31m│[0m [0m
[31m│[0m [0mThe error message for variable "location" can only refer to the variable
[31m│[0m [0mitself, using var.location.
[31m╵[0m[0m
[0m[0m
[31m[31m╷[0m[0m
[31m│[0m [0m[1m[31mError: [0m[0m[1mInvalid reference in variable validation[0m
[31m│[0m [0m
[31m│[0m [0m[0m  on variables.tf line 333, in variable "common_tags":
[31m│[0m [0m 333:     error_message = format("An environment tag value of "%[4ms[0m" is not allowed. Please use one of the following: \n %s", var.common_tags.environment,[0m
[31m│[0m [0m
[31m│[0m [0mThe error message for variable "common_tags" can only refer to the variable
[31m│[0m [0mitself, using var.common_tags.
[31m╵[0m[0m
[0m[0m
[31m[31m╷[0m[0m
[31m│[0m [0m[1m[31mError: [0m[0m[1mInvalid reference in variable validation[0m
[31m│[0m [0m
[31m│[0m [0m[0m  on variables.tf line 356, in variable "common_tags":
[31m│[0m [0m 356:     error_message = format("A app-tier tag value of "%[4ms[0m" is not allowed. Please use one of the following: \n %s", var.common_tags.app-tier,[0m
[31m│[0m [0m
[31m│[0m [0mThe error message for variable "common_tags" can only refer to the variable
[31m│[0m [0mitself, using var.common_tags.
[31m╵[0m[0m
[0m[0m
[31m[31m╷[0m[0m
[31m│[0m [0m[1m[31mError: [0m[0m[1mInvalid reference in variable validation[0m
[31m│[0m [0m
[31m│[0m [0m[0m  on variables.tf line 371, in variable "common_tags":
[31m│[0m [0m 371:     error_message = format("An it-cost-center tag value of "%[4ms[0m" is not allowed. Please use NA or a whole number", var.common_tags.it-cost-center)[0m
[31m│[0m [0m
[31m│[0m [0mThe error message for variable "common_tags" can only refer to the variable
[31m│[0m [0mitself, using var.common_tags.
[31m╵[0m[0m
[0m[0m
[31m[31m╷[0m[0m
[31m│[0m [0m[1m[31mError: [0m[0m[1mInvalid reference in variable validation[0m
[31m│[0m [0m
[31m│[0m [0m[0m  on variables.tf line 388, in variable "resource_specific_tags":
[31m│[0m [0m 388:     error_message = format("A patch-optin tag value of "%[4ms[0m" is not allowed. Please use one of the following: YES, NO, NA", var.resource_specific_tags.patch-optin)[0m
[31m│[0m [0m
[31m│[0m [0mThe error message for variable "resource_specific_tags" can only refer to
[31m│[0m [0mthe variable itself, using var.resource_specific_tags.
[31m╵[0m[0m
[0m[0m

2025-12-01 10:22:32,439 - automation_pipeline - WARNING -   Terraform fmt: [FAIL]
2025-12-01 10:22:32,439 - automation_pipeline - INFO - SUCCESS: Terraform validation completed
2025-12-01 10:22:32,440 - automation_pipeline - INFO - Step 6: Generating summary report...
2025-12-01 10:22:32,440 - automation_pipeline - INFO - SUCCESS: Summary report generated
2025-12-01 10:22:32,440 - automation_pipeline - INFO - Step 7: Cleaning up temporary files...
2025-12-01 10:22:32,440 - automation_pipeline - INFO - SUCCESS: Temporary files cleaned up
2025-12-01 10:22:32,440 - automation_pipeline - INFO - ================================================================================
2025-12-01 10:22:32,440 - automation_pipeline - INFO - AUTOMATION PIPELINE COMPLETED SUCCESSFULLY!
2025-12-01 10:22:32,440 - automation_pipeline - INFO - ================================================================================
2025-12-01 10:22:32,440 - automation_pipeline - INFO - Files processed: 1
2025-12-01 10:22:32,440 - automation_pipeline - INFO - Files generated: 23
2025-12-01 10:22:32,440 - automation_pipeline - INFO - Steps completed: 8
2025-12-01 10:22:32,440 - automation_pipeline - INFO - Duration: 0.00 seconds
2025-12-01 10:22:32,441 - automation_pipeline - INFO - Results saved to: terraform_output/20251201_102231/automation_results.json
2025-12-01 10:22:32,441 - automation_pipeline - INFO - SUCCESS: Automation completed successfully - notification sent
2025-12-01 10:23:13,619 - automation_pipeline - INFO - ================================================================================
2025-12-01 10:23:13,620 - automation_pipeline - INFO - EXCEL TO TERRAFORM AUTOMATION PIPELINE
2025-12-01 10:23:13,620 - automation_pipeline - INFO - ================================================================================
2025-12-01 10:23:13,620 - automation_pipeline - INFO - Started at: 2025-12-01 10:23:13.619964
2025-12-01 10:23:13,620 - automation_pipeline - INFO - Configuration: automation_config.json
2025-12-01 10:23:13,620 - automation_pipeline - INFO - Step 1: Validating inputs...
2025-12-01 10:23:13,620 - automation_pipeline - INFO - Processing single file: BTA5.xlsx
2025-12-01 10:23:13,620 - automation_pipeline - INFO - SUCCESS: Input validation completed
2025-12-01 10:23:13,620 - automation_pipeline - INFO - Processing single file: BTA5.xlsx
2025-12-01 10:23:13,620 - automation_pipeline - INFO - Processing 1 Excel file(s)
2025-12-01 10:23:13,620 - automation_pipeline - INFO - Step 2: Backing up previous outputs...
2025-12-01 10:23:13,621 - automation_pipeline - INFO - Previous outputs backed up to: backup_20251201_102313
2025-12-01 10:23:13,621 - automation_pipeline - INFO - SUCCESS: Previous outputs backed up
2025-12-01 10:23:13,621 - automation_pipeline - INFO - Processing file 1/1: BTA5.xlsx
2025-12-01 10:23:13,621 - automation_pipeline - INFO - Step 3.1: Extracting Excel data to JSON...
2025-12-01 10:23:13,827 - automation_pipeline - INFO - JSON file created: BTA5_comprehensive_extract.json (468,251 bytes)
2025-12-01 10:23:13,827 - automation_pipeline - INFO - SUCCESS: Excel data extracted to: BTA5_comprehensive_extract.json
2025-12-01 10:23:13,827 - automation_pipeline - INFO - Step 4.1: Generating Terraform files...
2025-12-01 10:23:13,830 - automation_pipeline - INFO - ================================================================================
2025-12-01 10:23:13,830 - automation_pipeline - INFO - DATA EXTRACTION VALIDATION RESULTS
2025-12-01 10:23:13,830 - automation_pipeline - INFO - ================================================================================
2025-12-01 10:23:13,830 - automation_pipeline - INFO - Extraction Quality: PARTIAL
2025-12-01 10:23:13,830 - automation_pipeline - INFO - Valid: False
2025-12-01 10:23:13,830 - automation_pipeline - ERROR - ERRORS FOUND (1):
2025-12-01 10:23:13,830 - automation_pipeline - ERROR -   [ERROR] Required field 'application_name' is missing or empty
2025-12-01 10:23:13,830 - automation_pipeline - WARNING - WARNINGS (1):
2025-12-01 10:23:13,830 - automation_pipeline - WARNING -   [WARN] Only 2 VM(s) extracted - may be using fallback defaults
2025-12-01 10:23:13,830 - automation_pipeline - ERROR - Missing Required Fields: application_name
2025-12-01 10:23:13,830 - automation_pipeline - ERROR - [FAIL] Data extraction incomplete - missing required fields
2025-12-01 10:23:13,830 - automation_pipeline - INFO - ================================================================================
2025-12-01 10:23:13,831 - automation_pipeline - INFO - Using EnhancedTerraformGeneratorV2 (full resource file generation)
2025-12-01 10:23:13,831 - automation_pipeline - INFO - Output directory: terraform_output/20251201_102313
2025-12-01 10:23:13,833 - automation_pipeline - INFO - Generated 22 Terraform files
2025-12-01 10:23:13,833 - automation_pipeline - INFO -   - m-vm.tf (4,484 bytes)
2025-12-01 10:23:13,833 - automation_pipeline - INFO -   - main.tf (3,100 bytes)
2025-12-01 10:23:13,833 - automation_pipeline - INFO -   - r-asg.tf (1,361 bytes)
2025-12-01 10:23:13,833 - automation_pipeline - INFO -   - r-snet.tf (933 bytes)
2025-12-01 10:23:13,833 - automation_pipeline - INFO -   - r-kvlt.tf (1,952 bytes)
2025-12-01 10:23:13,833 - automation_pipeline - INFO -   - r-umid.tf (1,053 bytes)
2025-12-01 10:23:13,833 - automation_pipeline - INFO -   - r-dsk.tf (1,069 bytes)
2025-12-01 10:23:13,833 - automation_pipeline - INFO -   - r-rnd.tf (240 bytes)
2025-12-01 10:23:13,833 - automation_pipeline - INFO -   - r-dcra.tf (463 bytes)
2025-12-01 10:23:13,833 - automation_pipeline - INFO -   - networking.tf (1,029 bytes)
2025-12-01 10:23:13,833 - automation_pipeline - INFO -   - s3.tf (928 bytes)
2025-12-01 10:23:13,833 - automation_pipeline - INFO -   - packages/monitoring/alerts.tf (931 bytes)
2025-12-01 10:23:13,833 - automation_pipeline - INFO -   - packages/storage/buckets.tf (659 bytes)
2025-12-01 10:23:13,833 - automation_pipeline - INFO -   - variables.tf (15,596 bytes)
2025-12-01 10:23:13,833 - automation_pipeline - INFO -   - terraform.tfvars (2,447 bytes)
2025-12-01 10:23:13,833 - automation_pipeline - INFO -   - outputs.tf (72 bytes)
2025-12-01 10:23:13,833 - automation_pipeline - INFO -   - data.tf (3,032 bytes)
2025-12-01 10:23:13,833 - automation_pipeline - INFO -   - locals.tf (392 bytes)
2025-12-01 10:23:13,833 - automation_pipeline - INFO -   - production.tfvars (409 bytes)
2025-12-01 10:23:13,833 - automation_pipeline - INFO -   - scripts/validate.sh (1,158 bytes)
2025-12-01 10:23:13,833 - automation_pipeline - INFO -   - README.md (1,673 bytes)
2025-12-01 10:23:13,833 - automation_pipeline - INFO -   - .gitignore (776 bytes)
2025-12-01 10:23:13,833 - automation_pipeline - INFO - SUCCESS: Terraform files generated in: terraform_output/20251201_102313
2025-12-01 10:23:13,833 - automation_pipeline - INFO - Step 5: Validating generated files...
2025-12-01 10:23:13,835 - automation_pipeline - INFO - SUCCESS: Output validation completed
2025-12-01 10:23:13,835 - automation_pipeline - INFO - Step 5a: Running Terraform validation...
2025-12-01 10:23:13,835 - automation_pipeline - INFO - Validating Terraform in: terraform_output/20251201_102313
2025-12-01 10:23:13,977 - automation_pipeline - INFO - Found Terraform v1.5.7
2025-12-01 10:23:13,977 - automation_pipeline - INFO - Running terraform fmt on terraform_output/20251201_102313
2025-12-01 10:23:13,998 - automation_pipeline - WARNING - Terraform fmt: [FAIL] Formatting issues found
2025-12-01 10:23:13,998 - automation_pipeline - INFO - Running terraform init
2025-12-01 10:23:14,414 - automation_pipeline - WARNING - Terraform init failed: [31m[31m╷[0m[0m
[31m│[0m [0m[1m[31mError: [0m[0m[1mError accessing remote module registry[0m
[31m│[0m [0m
[31m│[0m [0m[0m  on m-vm.tf line 38:
[31m│[0m [0m  38: [4mmodule "vm"[0m {[0m
[31m│[0m [0m
[31m│[0m [0mFailed to retrieve available versions for module "vm" (m-vm.tf:38) from
[31m│[0m [0mapp.terraform.io: error looking up module versions: 401 Unauthorized.
[31m╵[0m[0m
[0m[0m
[31m[31m╷[0m[0m
[31m│[0m [0m[1m[31mError: [0m[0m[1mDuplicate local value definition[0m
[31m│[0m [0m
[31m│[0m [0m[0m  on main.tf line 22, in locals:
[31m│[0m [0m  22:   [4mcommon_tags = {
[31m│[0m [0m  23:     Environment = local.environment
[31m│[0m [0m  24:     Project     = local.project_name
[31m│[0m [0m  25:     ManagedBy   = "terraform"
[31m│[0m [0m  26:   }[0m[0m
[31m│[0m [0m
[31m│[0m [0mA local value named "common_tags" was already defined at locals.tf:6,3-8,4.
[31m│[0m [0mLocal value names must be unique within a module.
[31m╵[0m[0m
[0m[0m
[31m[31m╷[0m[0m
[31m│[0m [0m[1m[31mError: [0m[0m[1mInvalid reference in variable validation[0m
[31m│[0m [0m
[31m│[0m [0m[0m  on variables.tf line 27, in variable "location":
[31m│[0m [0m  27:     error_message = format("A location value of "%[4ms[0m" is not allowed. Please use one of the following: \n %s", var.location,[0m
[31m│[0m [0m
[31m│[0m [0mThe error message for variable "location" can only refer to the variable
[31m│[0m [0mitself, using var.location.
[31m╵[0m[0m
[0m[0m
[31m[31m╷[0m[0m
[31m│[0m [0m[1m[31mError: [0m[0m[1mInvalid reference in variable validation[0m
[31m│[0m [0m
[31m│[0m [0m[0m  on variables.tf line 333, in variable "common_tags":
[31m│[0m [0m 333:     error_message = format("An environment tag value of "%[4ms[0m" is not allowed. Please use one of the following: \n %s", var.common_tags.environment,[0m
[31m│[0m [0m
[31m│[0m [0mThe error message for variable "common_tags" can only refer to the variable
[31m│[0m [0mitself, using var.common_tags.
[31m╵[0m[0m
[0m[0m
[31m[31m╷[0m[0m
[31m│[0m [0m[1m[31mError: [0m[0m[1mInvalid reference in variable validation[0m
[31m│[0m [0m
[31m│[0m [0m[0m  on variables.tf line 356, in variable "common_tags":
[31m│[0m [0m 356:     error_message = format("A app-tier tag value of "%[4ms[0m" is not allowed. Please use one of the following: \n %s", var.common_tags.app-tier,[0m
[31m│[0m [0m
[31m│[0m [0mThe error message for variable "common_tags" can only refer to the variable
[31m│[0m [0mitself, using var.common_tags.
[31m╵[0m[0m
[0m[0m
[31m[31m╷[0m[0m
[31m│[0m [0m[1m[31mError: [0m[0m[1mInvalid reference in variable validation[0m
[31m│[0m [0m
[31m│[0m [0m[0m  on variables.tf line 371, in variable "common_tags":
[31m│[0m [0m 371:     error_message = format("An it-cost-center tag value of "%[4ms[0m" is not allowed. Please use NA or a whole number", var.common_tags.it-cost-center)[0m
[31m│[0m [0m
[31m│[0m [0mThe error message for variable "common_tags" can only refer to the variable
[31m│[0m [0mitself, using var.common_tags.
[31m╵[0m[0m
[0m[0m
[31m[31m╷[0m[0m
[31m│[0m [0m[1m[31mError: [0m[0m[1mInvalid reference in variable validation[0m
[31m│[0m [0m
[31m│[0m [0m[0m  on variables.tf line 388, in variable "resource_specific_tags":
[31m│[0m [0m 388:     error_message = format("A patch-optin tag value of "%[4ms[0m" is not allowed. Please use one of the following: YES, NO, NA", var.resource_specific_tags.patch-optin)[0m
[31m│[0m [0m
[31m│[0m [0mThe error message for variable "resource_specific_tags" can only refer to
[31m│[0m [0mthe variable itself, using var.resource_specific_tags.
[31m╵[0m[0m
[0m[0m

2025-12-01 10:23:14,415 - automation_pipeline - WARNING -   Terraform fmt: [FAIL]
2025-12-01 10:23:14,415 - automation_pipeline - INFO - SUCCESS: Terraform validation completed
2025-12-01 10:23:14,415 - automation_pipeline - INFO - Step 6: Generating summary report...
2025-12-01 10:23:14,415 - automation_pipeline - INFO - SUCCESS: Summary report generated
2025-12-01 10:23:14,415 - automation_pipeline - INFO - Step 7: Cleaning up temporary files...
2025-12-01 10:23:14,415 - automation_pipeline - INFO - SUCCESS: Temporary files cleaned up
2025-12-01 10:23:14,415 - automation_pipeline - INFO - ================================================================================
2025-12-01 10:23:14,415 - automation_pipeline - INFO - AUTOMATION PIPELINE COMPLETED SUCCESSFULLY!
2025-12-01 10:23:14,415 - automation_pipeline - INFO - ================================================================================
2025-12-01 10:23:14,415 - automation_pipeline - INFO - Files processed: 1
2025-12-01 10:23:14,415 - automation_pipeline - INFO - Files generated: 23
2025-12-01 10:23:14,415 - automation_pipeline - INFO - Steps completed: 8
2025-12-01 10:23:14,415 - automation_pipeline - INFO - Duration: 0.00 seconds
2025-12-01 10:23:14,416 - automation_pipeline - INFO - Results saved to: terraform_output/20251201_102313/automation_results.json
2025-12-01 10:23:14,416 - automation_pipeline - INFO - SUCCESS: Automation completed successfully - notification sent
2025-12-01 10:23:20,560 - automation_pipeline - INFO - ================================================================================
2025-12-01 10:23:20,561 - automation_pipeline - INFO - EXCEL TO TERRAFORM AUTOMATION PIPELINE
2025-12-01 10:23:20,561 - automation_pipeline - INFO - ================================================================================
2025-12-01 10:23:20,561 - automation_pipeline - INFO - Started at: 2025-12-01 10:23:20.560921
2025-12-01 10:23:20,561 - automation_pipeline - INFO - Configuration: automation_config.json
2025-12-01 10:23:20,561 - automation_pipeline - INFO - Step 1: Validating inputs...
2025-12-01 10:23:20,561 - automation_pipeline - INFO - Processing single file: BTA5.xlsx
2025-12-01 10:23:20,561 - automation_pipeline - INFO - SUCCESS: Input validation completed
2025-12-01 10:23:20,561 - automation_pipeline - INFO - Processing single file: BTA5.xlsx
2025-12-01 10:23:20,561 - automation_pipeline - INFO - Processing 1 Excel file(s)
2025-12-01 10:23:20,561 - automation_pipeline - INFO - Step 2: Backing up previous outputs...
2025-12-01 10:23:20,562 - automation_pipeline - INFO - Previous outputs backed up to: backup_20251201_102320
2025-12-01 10:23:20,562 - automation_pipeline - INFO - SUCCESS: Previous outputs backed up
2025-12-01 10:23:20,562 - automation_pipeline - INFO - Processing file 1/1: BTA5.xlsx
2025-12-01 10:23:20,562 - automation_pipeline - INFO - Step 3.1: Extracting Excel data to JSON...
2025-12-01 10:23:20,747 - automation_pipeline - INFO - JSON file created: BTA5_comprehensive_extract.json (468,251 bytes)
2025-12-01 10:23:20,747 - automation_pipeline - INFO - SUCCESS: Excel data extracted to: BTA5_comprehensive_extract.json
2025-12-01 10:23:20,747 - automation_pipeline - INFO - Step 4.1: Generating Terraform files...
2025-12-01 10:23:20,749 - automation_pipeline - INFO - ================================================================================
2025-12-01 10:23:20,749 - automation_pipeline - INFO - DATA EXTRACTION VALIDATION RESULTS
2025-12-01 10:23:20,749 - automation_pipeline - INFO - ================================================================================
2025-12-01 10:23:20,749 - automation_pipeline - INFO - Extraction Quality: PARTIAL
2025-12-01 10:23:20,749 - automation_pipeline - INFO - Valid: False
2025-12-01 10:23:20,749 - automation_pipeline - ERROR - ERRORS FOUND (1):
2025-12-01 10:23:20,749 - automation_pipeline - ERROR -   [ERROR] Required field 'application_name' is missing or empty
2025-12-01 10:23:20,749 - automation_pipeline - WARNING - WARNINGS (1):
2025-12-01 10:23:20,749 - automation_pipeline - WARNING -   [WARN] Only 2 VM(s) extracted - may be using fallback defaults
2025-12-01 10:23:20,749 - automation_pipeline - ERROR - Missing Required Fields: application_name
2025-12-01 10:23:20,749 - automation_pipeline - ERROR - [FAIL] Data extraction incomplete - missing required fields
2025-12-01 10:23:20,749 - automation_pipeline - INFO - ================================================================================
2025-12-01 10:23:20,750 - automation_pipeline - INFO - Using EnhancedTerraformGeneratorV2 (full resource file generation)
2025-12-01 10:23:20,750 - automation_pipeline - INFO - Output directory: terraform_output/20251201_102320
2025-12-01 10:23:20,752 - automation_pipeline - INFO - Generated 22 Terraform files
2025-12-01 10:23:20,752 - automation_pipeline - INFO -   - m-vm.tf (4,484 bytes)
2025-12-01 10:23:20,752 - automation_pipeline - INFO -   - main.tf (3,100 bytes)
2025-12-01 10:23:20,752 - automation_pipeline - INFO -   - r-asg.tf (1,361 bytes)
2025-12-01 10:23:20,752 - automation_pipeline - INFO -   - r-snet.tf (933 bytes)
2025-12-01 10:23:20,752 - automation_pipeline - INFO -   - r-kvlt.tf (1,952 bytes)
2025-12-01 10:23:20,752 - automation_pipeline - INFO -   - r-umid.tf (1,053 bytes)
2025-12-01 10:23:20,752 - automation_pipeline - INFO -   - r-dsk.tf (1,069 bytes)
2025-12-01 10:23:20,752 - automation_pipeline - INFO -   - r-rnd.tf (240 bytes)
2025-12-01 10:23:20,752 - automation_pipeline - INFO -   - r-dcra.tf (463 bytes)
2025-12-01 10:23:20,752 - automation_pipeline - INFO -   - networking.tf (1,029 bytes)
2025-12-01 10:23:20,752 - automation_pipeline - INFO -   - s3.tf (928 bytes)
2025-12-01 10:23:20,753 - automation_pipeline - INFO -   - packages/monitoring/alerts.tf (931 bytes)
2025-12-01 10:23:20,753 - automation_pipeline - INFO -   - packages/storage/buckets.tf (659 bytes)
2025-12-01 10:23:20,753 - automation_pipeline - INFO -   - variables.tf (15,596 bytes)
2025-12-01 10:23:20,753 - automation_pipeline - INFO -   - terraform.tfvars (2,447 bytes)
2025-12-01 10:23:20,753 - automation_pipeline - INFO -   - outputs.tf (72 bytes)
2025-12-01 10:23:20,753 - automation_pipeline - INFO -   - data.tf (3,032 bytes)
2025-12-01 10:23:20,753 - automation_pipeline - INFO -   - locals.tf (392 bytes)
2025-12-01 10:23:20,753 - automation_pipeline - INFO -   - production.tfvars (409 bytes)
2025-12-01 10:23:20,753 - automation_pipeline - INFO -   - scripts/validate.sh (1,158 bytes)
2025-12-01 10:23:20,753 - automation_pipeline - INFO -   - README.md (1,673 bytes)
2025-12-01 10:23:20,753 - automation_pipeline - INFO -   - .gitignore (776 bytes)
2025-12-01 10:23:20,754 - automation_pipeline - INFO - SUCCESS: Terraform files generated in: terraform_output/20251201_102320
2025-12-01 10:23:20,754 - automation_pipeline - INFO - Step 5: Validating generated files...
2025-12-01 10:23:20,756 - automation_pipeline - INFO - SUCCESS: Output validation completed
2025-12-01 10:23:20,756 - automation_pipeline - INFO - Step 5a: Running Terraform validation...
2025-12-01 10:23:20,756 - automation_pipeline - INFO - Validating Terraform in: terraform_output/20251201_102320
2025-12-01 10:23:20,779 - automation_pipeline - INFO - Found Terraform v1.5.7
2025-12-01 10:23:20,779 - automation_pipeline - INFO - Running terraform fmt on terraform_output/20251201_102320
2025-12-01 10:23:20,801 - automation_pipeline - WARNING - Terraform fmt: [FAIL] Formatting issues found
2025-12-01 10:23:20,801 - automation_pipeline - INFO - Running terraform init
2025-12-01 10:23:21,200 - automation_pipeline - WARNING - Terraform init failed: [31m[31m╷[0m[0m
[31m│[0m [0m[1m[31mError: [0m[0m[1mError accessing remote module registry[0m
[31m│[0m [0m
[31m│[0m [0m[0m  on m-vm.tf line 38:
[31m│[0m [0m  38: [4mmodule "vm"[0m {[0m
[31m│[0m [0m
[31m│[0m [0mFailed to retrieve available versions for module "vm" (m-vm.tf:38) from
[31m│[0m [0mapp.terraform.io: error looking up module versions: 401 Unauthorized.
[31m╵[0m[0m
[0m[0m
[31m[31m╷[0m[0m
[31m│[0m [0m[1m[31mError: [0m[0m[1mDuplicate local value definition[0m
[31m│[0m [0m
[31m│[0m [0m[0m  on main.tf line 22, in locals:
[31m│[0m [0m  22:   [4mcommon_tags = {
[31m│[0m [0m  23:     Environment = local.environment
[31m│[0m [0m  24:     Project     = local.project_name
[31m│[0m [0m  25:     ManagedBy   = "terraform"
[31m│[0m [0m  26:   }[0m[0m
[31m│[0m [0m
[31m│[0m [0mA local value named "common_tags" was already defined at locals.tf:6,3-8,4.
[31m│[0m [0mLocal value names must be unique within a module.
[31m╵[0m[0m
[0m[0m
[31m[31m╷[0m[0m
[31m│[0m [0m[1m[31mError: [0m[0m[1mInvalid reference in variable validation[0m
[31m│[0m [0m
[31m│[0m [0m[0m  on variables.tf line 27, in variable "location":
[31m│[0m [0m  27:     error_message = format("A location value of "%[4ms[0m" is not allowed. Please use one of the following: \n %s", var.location,[0m
[31m│[0m [0m
[31m│[0m [0mThe error message for variable "location" can only refer to the variable
[31m│[0m [0mitself, using var.location.
[31m╵[0m[0m
[0m[0m
[31m[31m╷[0m[0m
[31m│[0m [0m[1m[31mError: [0m[0m[1mInvalid reference in variable validation[0m
[31m│[0m [0m
[31m│[0m [0m[0m  on variables.tf line 333, in variable "common_tags":
[31m│[0m [0m 333:     error_message = format("An environment tag value of "%[4ms[0m" is not allowed. Please use one of the following: \n %s", var.common_tags.environment,[0m
[31m│[0m [0m
[31m│[0m [0mThe error message for variable "common_tags" can only refer to the variable
[31m│[0m [0mitself, using var.common_tags.
[31m╵[0m[0m
[0m[0m
[31m[31m╷[0m[0m
[31m│[0m [0m[1m[31mError: [0m[0m[1mInvalid reference in variable validation[0m
[31m│[0m [0m
[31m│[0m [0m[0m  on variables.tf line 356, in variable "common_tags":
[31m│[0m [0m 356:     error_message = format("A app-tier tag value of "%[4ms[0m" is not allowed. Please use one of the following: \n %s", var.common_tags.app-tier,[0m
[31m│[0m [0m
[31m│[0m [0mThe error message for variable "common_tags" can only refer to the variable
[31m│[0m [0mitself, using var.common_tags.
[31m╵[0m[0m
[0m[0m
[31m[31m╷[0m[0m
[31m│[0m [0m[1m[31mError: [0m[0m[1mInvalid reference in variable validation[0m
[31m│[0m [0m
[31m│[0m [0m[0m  on variables.tf line 371, in variable "common_tags":
[31m│[0m [0m 371:     error_message = format("An it-cost-center tag value of "%[4ms[0m" is not allowed. Please use NA or a whole number", var.common_tags.it-cost-center)[0m
[31m│[0m [0m
[31m│[0m [0mThe error message for variable "common_tags" can only refer to the variable
[31m│[0m [0mitself, using var.common_tags.
[31m╵[0m[0m
[0m[0m
[31m[31m╷[0m[0m
[31m│[0m [0m[1m[31mError: [0m[0m[1mInvalid reference in variable validation[0m
[31m│[0m [0m
[31m│[0m [0m[0m  on variables.tf line 388, in variable "resource_specific_tags":
[31m│[0m [0m 388:     error_message = format("A patch-optin tag value of "%[4ms[0m" is not allowed. Please use one of the following: YES, NO, NA", var.resource_specific_tags.patch-optin)[0m
[31m│[0m [0m
[31m│[0m [0mThe error message for variable "resource_specific_tags" can only refer to
[31m│[0m [0mthe variable itself, using var.resource_specific_tags.
[31m╵[0m[0m
[0m[0m

2025-12-01 10:23:21,201 - automation_pipeline - WARNING -   Terraform fmt: [FAIL]
2025-12-01 10:23:21,201 - automation_pipeline - INFO - SUCCESS: Terraform validation completed
2025-12-01 10:23:21,201 - automation_pipeline - INFO - Step 6: Generating summary report...
2025-12-01 10:23:21,201 - automation_pipeline - INFO - SUCCESS: Summary report generated
2025-12-01 10:23:21,201 - automation_pipeline - INFO - Step 7: Cleaning up temporary files...
2025-12-01 10:23:21,201 - automation_pipeline - INFO - SUCCESS: Temporary files cleaned up
2025-12-01 10:23:21,201 - automation_pipeline - INFO - ================================================================================
2025-12-01 10:23:21,201 - automation_pipeline - INFO - AUTOMATION PIPELINE COMPLETED SUCCESSFULLY!
2025-12-01 10:23:21,201 - automation_pipeline - INFO - ================================================================================
2025-12-01 10:23:21,201 - automation_pipeline - INFO - Files processed: 1
2025-12-01 10:23:21,201 - automation_pipeline - INFO - Files generated: 23
2025-12-01 10:23:21,201 - automation_pipeline - INFO - Steps completed: 8
2025-12-01 10:23:21,201 - automation_pipeline - INFO - Duration: 0.00 seconds
2025-12-01 10:23:21,202 - automation_pipeline - INFO - Results saved to: terraform_output/20251201_102320/automation_results.json
2025-12-01 10:23:21,202 - automation_pipeline - INFO - SUCCESS: Automation completed successfully - notification sent
2025-12-01 10:24:14,777 - automation_pipeline - INFO - ================================================================================
2025-12-01 10:24:14,777 - automation_pipeline - INFO - EXCEL TO TERRAFORM AUTOMATION PIPELINE
2025-12-01 10:24:14,777 - automation_pipeline - INFO - ================================================================================
2025-12-01 10:24:14,777 - automation_pipeline - INFO - Started at: 2025-12-01 10:24:14.777500
2025-12-01 10:24:14,777 - automation_pipeline - INFO - Configuration: automation_config.json
2025-12-01 10:24:14,777 - automation_pipeline - INFO - Step 1: Validating inputs...
2025-12-01 10:24:14,777 - automation_pipeline - INFO - Processing single file: BTA5.xlsx
2025-12-01 10:24:14,778 - automation_pipeline - INFO - SUCCESS: Input validation completed
2025-12-01 10:24:14,778 - automation_pipeline - INFO - Processing single file: BTA5.xlsx
2025-12-01 10:24:14,778 - automation_pipeline - INFO - Processing 1 Excel file(s)
2025-12-01 10:24:14,778 - automation_pipeline - INFO - Step 2: Backing up previous outputs...
2025-12-01 10:24:14,779 - automation_pipeline - INFO - Previous outputs backed up to: backup_20251201_102414
2025-12-01 10:24:14,779 - automation_pipeline - INFO - SUCCESS: Previous outputs backed up
2025-12-01 10:24:14,779 - automation_pipeline - INFO - Processing file 1/1: BTA5.xlsx
2025-12-01 10:24:14,779 - automation_pipeline - INFO - Step 3.1: Extracting Excel data to JSON...
2025-12-01 10:24:14,981 - automation_pipeline - INFO - JSON file created: BTA5_comprehensive_extract.json (468,251 bytes)
2025-12-01 10:24:14,981 - automation_pipeline - INFO - SUCCESS: Excel data extracted to: BTA5_comprehensive_extract.json
2025-12-01 10:24:14,981 - automation_pipeline - INFO - Step 4.1: Generating Terraform files...
2025-12-01 10:24:14,991 - automation_pipeline - INFO - ================================================================================
2025-12-01 10:24:14,991 - automation_pipeline - INFO - DATA EXTRACTION VALIDATION RESULTS
2025-12-01 10:24:14,991 - automation_pipeline - INFO - ================================================================================
2025-12-01 10:24:14,991 - automation_pipeline - INFO - Extraction Quality: PARTIAL
2025-12-01 10:24:14,991 - automation_pipeline - INFO - Valid: False
2025-12-01 10:24:14,991 - automation_pipeline - ERROR - ERRORS FOUND (1):
2025-12-01 10:24:14,991 - automation_pipeline - ERROR -   [ERROR] Required field 'application_name' is missing or empty
2025-12-01 10:24:14,991 - automation_pipeline - WARNING - WARNINGS (1):
2025-12-01 10:24:14,991 - automation_pipeline - WARNING -   [WARN] Only 2 VM(s) extracted - may be using fallback defaults
2025-12-01 10:24:14,991 - automation_pipeline - ERROR - Missing Required Fields: application_name
2025-12-01 10:24:14,991 - automation_pipeline - ERROR - [FAIL] Data extraction incomplete - missing required fields
2025-12-01 10:24:14,991 - automation_pipeline - INFO - ================================================================================
2025-12-01 10:24:14,991 - automation_pipeline - INFO - Using EnhancedTerraformGeneratorV2 (full resource file generation)
2025-12-01 10:24:14,991 - automation_pipeline - INFO - Output directory: terraform_output/20251201_102414
2025-12-01 10:24:14,994 - automation_pipeline - INFO - Generated 22 Terraform files
2025-12-01 10:24:14,994 - automation_pipeline - INFO -   - m-vm.tf (4,484 bytes)
2025-12-01 10:24:14,994 - automation_pipeline - INFO -   - main.tf (3,100 bytes)
2025-12-01 10:24:14,994 - automation_pipeline - INFO -   - r-asg.tf (1,361 bytes)
2025-12-01 10:24:14,994 - automation_pipeline - INFO -   - r-snet.tf (933 bytes)
2025-12-01 10:24:14,994 - automation_pipeline - INFO -   - r-kvlt.tf (1,952 bytes)
2025-12-01 10:24:14,994 - automation_pipeline - INFO -   - r-umid.tf (1,053 bytes)
2025-12-01 10:24:14,994 - automation_pipeline - INFO -   - r-dsk.tf (1,069 bytes)
2025-12-01 10:24:14,994 - automation_pipeline - INFO -   - r-rnd.tf (240 bytes)
2025-12-01 10:24:14,994 - automation_pipeline - INFO -   - r-dcra.tf (463 bytes)
2025-12-01 10:24:14,994 - automation_pipeline - INFO -   - networking.tf (1,029 bytes)
2025-12-01 10:24:14,994 - automation_pipeline - INFO -   - s3.tf (928 bytes)
2025-12-01 10:24:14,994 - automation_pipeline - INFO -   - packages/monitoring/alerts.tf (931 bytes)
2025-12-01 10:24:14,994 - automation_pipeline - INFO -   - packages/storage/buckets.tf (659 bytes)
2025-12-01 10:24:14,994 - automation_pipeline - INFO -   - variables.tf (15,596 bytes)
2025-12-01 10:24:14,994 - automation_pipeline - INFO -   - terraform.tfvars (2,501 bytes)
2025-12-01 10:24:14,994 - automation_pipeline - INFO -   - outputs.tf (72 bytes)
2025-12-01 10:24:14,994 - automation_pipeline - INFO -   - data.tf (3,032 bytes)
2025-12-01 10:24:14,994 - automation_pipeline - INFO -   - locals.tf (392 bytes)
2025-12-01 10:24:14,994 - automation_pipeline - INFO -   - production.tfvars (409 bytes)
2025-12-01 10:24:14,994 - automation_pipeline - INFO -   - scripts/validate.sh (1,158 bytes)
2025-12-01 10:24:14,994 - automation_pipeline - INFO -   - README.md (1,673 bytes)
2025-12-01 10:24:14,994 - automation_pipeline - INFO -   - .gitignore (776 bytes)
2025-12-01 10:24:14,995 - automation_pipeline - INFO - SUCCESS: Terraform files generated in: terraform_output/20251201_102414
2025-12-01 10:24:14,995 - automation_pipeline - INFO - Step 5: Validating generated files...
2025-12-01 10:24:14,996 - automation_pipeline - INFO - SUCCESS: Output validation completed
2025-12-01 10:24:14,996 - automation_pipeline - INFO - Step 5a: Running Terraform validation...
2025-12-01 10:24:14,996 - automation_pipeline - INFO - Validating Terraform in: terraform_output/20251201_102414
2025-12-01 10:24:15,138 - automation_pipeline - INFO - Found Terraform v1.5.7
2025-12-01 10:24:15,139 - automation_pipeline - INFO - Running terraform fmt on terraform_output/20251201_102414
2025-12-01 10:24:15,164 - automation_pipeline - WARNING - Terraform fmt: [FAIL] Formatting issues found
2025-12-01 10:24:15,164 - automation_pipeline - INFO - Running terraform init
2025-12-01 10:24:15,588 - automation_pipeline - WARNING - Terraform init failed: [31m[31m╷[0m[0m
[31m│[0m [0m[1m[31mError: [0m[0m[1mError accessing remote module registry[0m
[31m│[0m [0m
[31m│[0m [0m[0m  on m-vm.tf line 38:
[31m│[0m [0m  38: [4mmodule "vm"[0m {[0m
[31m│[0m [0m
[31m│[0m [0mFailed to retrieve available versions for module "vm" (m-vm.tf:38) from
[31m│[0m [0mapp.terraform.io: error looking up module versions: 401 Unauthorized.
[31m╵[0m[0m
[0m[0m
[31m[31m╷[0m[0m
[31m│[0m [0m[1m[31mError: [0m[0m[1mDuplicate local value definition[0m
[31m│[0m [0m
[31m│[0m [0m[0m  on main.tf line 22, in locals:
[31m│[0m [0m  22:   [4mcommon_tags = {
[31m│[0m [0m  23:     Environment = local.environment
[31m│[0m [0m  24:     Project     = local.project_name
[31m│[0m [0m  25:     ManagedBy   = "terraform"
[31m│[0m [0m  26:   }[0m[0m
[31m│[0m [0m
[31m│[0m [0mA local value named "common_tags" was already defined at locals.tf:6,3-8,4.
[31m│[0m [0mLocal value names must be unique within a module.
[31m╵[0m[0m
[0m[0m
[31m[31m╷[0m[0m
[31m│[0m [0m[1m[31mError: [0m[0m[1mInvalid reference in variable validation[0m
[31m│[0m [0m
[31m│[0m [0m[0m  on variables.tf line 27, in variable "location":
[31m│[0m [0m  27:     error_message = format("A location value of "%[4ms[0m" is not allowed. Please use one of the following: \n %s", var.location,[0m
[31m│[0m [0m
[31m│[0m [0mThe error message for variable "location" can only refer to the variable
[31m│[0m [0mitself, using var.location.
[31m╵[0m[0m
[0m[0m
[31m[31m╷[0m[0m
[31m│[0m [0m[1m[31mError: [0m[0m[1mInvalid reference in variable validation[0m
[31m│[0m [0m
[31m│[0m [0m[0m  on variables.tf line 333, in variable "common_tags":
[31m│[0m [0m 333:     error_message = format("An environment tag value of "%[4ms[0m" is not allowed. Please use one of the following: \n %s", var.common_tags.environment,[0m
[31m│[0m [0m
[31m│[0m [0mThe error message for variable "common_tags" can only refer to the variable
[31m│[0m [0mitself, using var.common_tags.
[31m╵[0m[0m
[0m[0m
[31m[31m╷[0m[0m
[31m│[0m [0m[1m[31mError: [0m[0m[1mInvalid reference in variable validation[0m
[31m│[0m [0m
[31m│[0m [0m[0m  on variables.tf line 356, in variable "common_tags":
[31m│[0m [0m 356:     error_message = format("A app-tier tag value of "%[4ms[0m" is not allowed. Please use one of the following: \n %s", var.common_tags.app-tier,[0m
[31m│[0m [0m
[31m│[0m [0mThe error message for variable "common_tags" can only refer to the variable
[31m│[0m [0mitself, using var.common_tags.
[31m╵[0m[0m
[0m[0m
[31m[31m╷[0m[0m
[31m│[0m [0m[1m[31mError: [0m[0m[1mInvalid reference in variable validation[0m
[31m│[0m [0m
[31m│[0m [0m[0m  on variables.tf line 371, in variable "common_tags":
[31m│[0m [0m 371:     error_message = format("An it-cost-center tag value of "%[4ms[0m" is not allowed. Please use NA or a whole number", var.common_tags.it-cost-center)[0m
[31m│[0m [0m
[31m│[0m [0mThe error message for variable "common_tags" can only refer to the variable
[31m│[0m [0mitself, using var.common_tags.
[31m╵[0m[0m
[0m[0m
[31m[31m╷[0m[0m
[31m│[0m [0m[1m[31mError: [0m[0m[1mInvalid reference in variable validation[0m
[31m│[0m [0m
[31m│[0m [0m[0m  on variables.tf line 388, in variable "resource_specific_tags":
[31m│[0m [0m 388:     error_message = format("A patch-optin tag value of "%[4ms[0m" is not allowed. Please use one of the following: YES, NO, NA", var.resource_specific_tags.patch-optin)[0m
[31m│[0m [0m
[31m│[0m [0mThe error message for variable "resource_specific_tags" can only refer to
[31m│[0m [0mthe variable itself, using var.resource_specific_tags.
[31m╵[0m[0m
[0m[0m

2025-12-01 10:24:15,589 - automation_pipeline - WARNING -   Terraform fmt: [FAIL]
2025-12-01 10:24:15,589 - automation_pipeline - INFO - SUCCESS: Terraform validation completed
2025-12-01 10:24:15,589 - automation_pipeline - INFO - Step 6: Generating summary report...
2025-12-01 10:24:15,589 - automation_pipeline - INFO - SUCCESS: Summary report generated
2025-12-01 10:24:15,589 - automation_pipeline - INFO - Step 7: Cleaning up temporary files...
2025-12-01 10:24:15,589 - automation_pipeline - INFO - SUCCESS: Temporary files cleaned up
2025-12-01 10:24:15,589 - automation_pipeline - INFO - ================================================================================
2025-12-01 10:24:15,589 - automation_pipeline - INFO - AUTOMATION PIPELINE COMPLETED SUCCESSFULLY!
2025-12-01 10:24:15,589 - automation_pipeline - INFO - ================================================================================
2025-12-01 10:24:15,589 - automation_pipeline - INFO - Files processed: 1
2025-12-01 10:24:15,589 - automation_pipeline - INFO - Files generated: 23
2025-12-01 10:24:15,589 - automation_pipeline - INFO - Steps completed: 8
2025-12-01 10:24:15,589 - automation_pipeline - INFO - Duration: 0.00 seconds
2025-12-01 10:24:15,590 - automation_pipeline - INFO - Results saved to: terraform_output/20251201_102414/automation_results.json
2025-12-01 10:24:15,590 - automation_pipeline - INFO - SUCCESS: Automation completed successfully - notification sent
2025-12-01 11:32:27,419 - automation_pipeline - INFO - ================================================================================
2025-12-01 11:32:27,419 - automation_pipeline - INFO - EXCEL TO TERRAFORM AUTOMATION PIPELINE
2025-12-01 11:32:27,419 - automation_pipeline - INFO - ================================================================================
2025-12-01 11:32:27,420 - automation_pipeline - INFO - Started at: 2025-12-01 11:32:27.419658
2025-12-01 11:32:27,420 - automation_pipeline - INFO - Configuration: automation_config.json
2025-12-01 11:32:27,420 - automation_pipeline - INFO - Step 1: Validating inputs...
2025-12-01 11:32:27,420 - automation_pipeline - INFO - No specific file provided, searching sourcefiles directory for Excel files...
2025-12-01 11:32:27,420 - automation_pipeline - INFO - Found 1 Excel file(s) in sourcefiles directory
2025-12-01 11:32:27,420 - automation_pipeline - INFO -   - test_data.xlsm
2025-12-01 11:32:27,420 - automation_pipeline - INFO - SUCCESS: Input validation completed
2025-12-01 11:32:27,420 - automation_pipeline - INFO - No specific file provided, searching sourcefiles directory for Excel files...
2025-12-01 11:32:27,420 - automation_pipeline - INFO - Found 1 Excel file(s) in sourcefiles directory
2025-12-01 11:32:27,420 - automation_pipeline - INFO -   - test_data.xlsm
2025-12-01 11:32:27,420 - automation_pipeline - INFO - Processing 1 Excel file(s)
2025-12-01 11:32:27,420 - automation_pipeline - INFO - Step 2: Backing up previous outputs...
2025-12-01 11:32:27,424 - automation_pipeline - INFO - Previous outputs backed up to: backup_20251201_113227
2025-12-01 11:32:27,424 - automation_pipeline - INFO - SUCCESS: Previous outputs backed up
2025-12-01 11:32:27,424 - automation_pipeline - INFO - Processing file 1/1: test_data.xlsm
2025-12-01 11:32:27,424 - automation_pipeline - INFO - Step 3.1: Extracting Excel data to JSON...
2025-12-01 11:32:29,127 - automation_pipeline - INFO - JSON file created: test_data_comprehensive_extract.json (5,143,854 bytes)
2025-12-01 11:32:29,128 - automation_pipeline - INFO - SUCCESS: Excel data extracted to: test_data_comprehensive_extract.json
2025-12-01 11:32:29,128 - automation_pipeline - INFO - Step 4.1: Generating Terraform files...
2025-12-01 11:32:29,161 - automation_pipeline - INFO - ================================================================================
2025-12-01 11:32:29,161 - automation_pipeline - INFO - DATA EXTRACTION VALIDATION RESULTS
2025-12-01 11:32:29,161 - automation_pipeline - INFO - ================================================================================
2025-12-01 11:32:29,161 - automation_pipeline - INFO - Extraction Quality: GOOD
2025-12-01 11:32:29,161 - automation_pipeline - INFO - Valid: True
2025-12-01 11:32:29,161 - automation_pipeline - WARNING - WARNINGS (1):
2025-12-01 11:32:29,161 - automation_pipeline - WARNING -   [WARN] Only 1 VM(s) extracted - may be using fallback defaults
2025-12-01 11:32:29,161 - automation_pipeline - INFO - [PASS] Required data extracted with warnings
2025-12-01 11:32:29,161 - automation_pipeline - INFO - ================================================================================
2025-12-01 11:32:29,162 - automation_pipeline - INFO - Using EnhancedTerraformGeneratorV2 (full resource file generation)
2025-12-01 11:32:29,162 - automation_pipeline - INFO - Output directory: terraform_output/20251201_113229
2025-12-01 11:32:29,165 - automation_pipeline - INFO - Generated 22 Terraform files
2025-12-01 11:32:29,165 - automation_pipeline - INFO -   - m-vm.tf (4,484 bytes)
2025-12-01 11:32:29,165 - automation_pipeline - INFO -   - main.tf (3,100 bytes)
2025-12-01 11:32:29,165 - automation_pipeline - INFO -   - r-asg.tf (1,361 bytes)
2025-12-01 11:32:29,165 - automation_pipeline - INFO -   - r-snet.tf (933 bytes)
2025-12-01 11:32:29,165 - automation_pipeline - INFO -   - r-kvlt.tf (1,952 bytes)
2025-12-01 11:32:29,165 - automation_pipeline - INFO -   - r-umid.tf (1,053 bytes)
2025-12-01 11:32:29,165 - automation_pipeline - INFO -   - r-dsk.tf (1,069 bytes)
2025-12-01 11:32:29,165 - automation_pipeline - INFO -   - r-rnd.tf (240 bytes)
2025-12-01 11:32:29,165 - automation_pipeline - INFO -   - r-dcra.tf (463 bytes)
2025-12-01 11:32:29,165 - automation_pipeline - INFO -   - networking.tf (1,029 bytes)
2025-12-01 11:32:29,165 - automation_pipeline - INFO -   - s3.tf (928 bytes)
2025-12-01 11:32:29,165 - automation_pipeline - INFO -   - packages/monitoring/alerts.tf (931 bytes)
2025-12-01 11:32:29,166 - automation_pipeline - INFO -   - packages/storage/buckets.tf (659 bytes)
2025-12-01 11:32:29,166 - automation_pipeline - INFO -   - variables.tf (15,596 bytes)
2025-12-01 11:32:29,166 - automation_pipeline - INFO -   - terraform.tfvars (3,805 bytes)
2025-12-01 11:32:29,166 - automation_pipeline - INFO -   - outputs.tf (72 bytes)
2025-12-01 11:32:29,166 - automation_pipeline - INFO -   - data.tf (3,032 bytes)
2025-12-01 11:32:29,166 - automation_pipeline - INFO -   - locals.tf (392 bytes)
2025-12-01 11:32:29,166 - automation_pipeline - INFO -   - production.tfvars (409 bytes)
2025-12-01 11:32:29,166 - automation_pipeline - INFO -   - scripts/validate.sh (1,180 bytes)
2025-12-01 11:32:29,166 - automation_pipeline - INFO -   - README.md (1,694 bytes)
2025-12-01 11:32:29,166 - automation_pipeline - INFO -   - .gitignore (776 bytes)
2025-12-01 11:32:29,167 - automation_pipeline - INFO - SUCCESS: Terraform files generated in: terraform_output/20251201_113229
2025-12-01 11:32:29,167 - automation_pipeline - INFO - Step 5: Validating generated files...
2025-12-01 11:32:29,187 - automation_pipeline - INFO - SUCCESS: Output validation completed
2025-12-01 11:32:29,187 - automation_pipeline - INFO - Step 5a: Running Terraform validation...
2025-12-01 11:32:29,187 - automation_pipeline - INFO - Validating Terraform in: terraform_output/20251201_113229
2025-12-01 11:32:29,345 - automation_pipeline - INFO - Found Terraform v1.5.7
2025-12-01 11:32:29,345 - automation_pipeline - INFO - Running terraform fmt on terraform_output/20251201_113229
2025-12-01 11:32:29,367 - automation_pipeline - WARNING - Terraform fmt: [FAIL] Formatting issues found
2025-12-01 11:32:29,367 - automation_pipeline - INFO - Running terraform init
2025-12-01 11:32:30,076 - automation_pipeline - WARNING - Terraform init failed: [31m[31m╷[0m[0m
[31m│[0m [0m[1m[31mError: [0m[0m[1mError accessing remote module registry[0m
[31m│[0m [0m
[31m│[0m [0m[0m  on m-vm.tf line 38:
[31m│[0m [0m  38: [4mmodule "vm"[0m {[0m
[31m│[0m [0m
[31m│[0m [0mFailed to retrieve available versions for module "vm" (m-vm.tf:38) from
[31m│[0m [0mapp.terraform.io: error looking up module versions: 401 Unauthorized.
[31m╵[0m[0m
[0m[0m
[31m[31m╷[0m[0m
[31m│[0m [0m[1m[31mError: [0m[0m[1mDuplicate local value definition[0m
[31m│[0m [0m
[31m│[0m [0m[0m  on main.tf line 22, in locals:
[31m│[0m [0m  22:   [4mcommon_tags = {
[31m│[0m [0m  23:     Environment = local.environment
[31m│[0m [0m  24:     Project     = local.project_name
[31m│[0m [0m  25:     ManagedBy   = "terraform"
[31m│[0m [0m  26:   }[0m[0m
[31m│[0m [0m
[31m│[0m [0mA local value named "common_tags" was already defined at locals.tf:6,3-8,4.
[31m│[0m [0mLocal value names must be unique within a module.
[31m╵[0m[0m
[0m[0m
[31m[31m╷[0m[0m
[31m│[0m [0m[1m[31mError: [0m[0m[1mInvalid reference in variable validation[0m
[31m│[0m [0m
[31m│[0m [0m[0m  on variables.tf line 27, in variable "location":
[31m│[0m [0m  27:     error_message = format("A location value of "%[4ms[0m" is not allowed. Please use one of the following: \n %s", var.location,[0m
[31m│[0m [0m
[31m│[0m [0mThe error message for variable "location" can only refer to the variable
[31m│[0m [0mitself, using var.location.
[31m╵[0m[0m
[0m[0m
[31m[31m╷[0m[0m
[31m│[0m [0m[1m[31mError: [0m[0m[1mInvalid reference in variable validation[0m
[31m│[0m [0m
[31m│[0m [0m[0m  on variables.tf line 333, in variable "common_tags":
[31m│[0m [0m 333:     error_message = format("An environment tag value of "%[4ms[0m" is not allowed. Please use one of the following: \n %s", var.common_tags.environment,[0m
[31m│[0m [0m
[31m│[0m [0mThe error message for variable "common_tags" can only refer to the variable
[31m│[0m [0mitself, using var.common_tags.
[31m╵[0m[0m
[0m[0m
[31m[31m╷[0m[0m
[31m│[0m [0m[1m[31mError: [0m[0m[1mInvalid reference in variable validation[0m
[31m│[0m [0m
[31m│[0m [0m[0m  on variables.tf line 356, in variable "common_tags":
[31m│[0m [0m 356:     error_message = format("A app-tier tag value of "%[4ms[0m" is not allowed. Please use one of the following: \n %s", var.common_tags.app-tier,[0m
[31m│[0m [0m
[31m│[0m [0mThe error message for variable "common_tags" can only refer to the variable
[31m│[0m [0mitself, using var.common_tags.
[31m╵[0m[0m
[0m[0m
[31m[31m╷[0m[0m
[31m│[0m [0m[1m[31mError: [0m[0m[1mInvalid reference in variable validation[0m
[31m│[0m [0m
[31m│[0m [0m[0m  on variables.tf line 371, in variable "common_tags":
[31m│[0m [0m 371:     error_message = format("An it-cost-center tag value of "%[4ms[0m" is not allowed. Please use NA or a whole number", var.common_tags.it-cost-center)[0m
[31m│[0m [0m
[31m│[0m [0mThe error message for variable "common_tags" can only refer to the variable
[31m│[0m [0mitself, using var.common_tags.
[31m╵[0m[0m
[0m[0m
[31m[31m╷[0m[0m
[31m│[0m [0m[1m[31mError: [0m[0m[1mInvalid reference in variable validation[0m
[31m│[0m [0m
[31m│[0m [0m[0m  on variables.tf line 388, in variable "resource_specific_tags":
[31m│[0m [0m 388:     error_message = format("A patch-optin tag value of "%[4ms[0m" is not allowed. Please use one of the following: YES, NO, NA", var.resource_specific_tags.patch-optin)[0m
[31m│[0m [0m
[31m│[0m [0mThe error message for variable "resource_specific_tags" can only refer to
[31m│[0m [0mthe variable itself, using var.resource_specific_tags.
[31m╵[0m[0m
[0m[0m

2025-12-01 11:32:30,077 - automation_pipeline - WARNING -   Terraform fmt: [FAIL]
2025-12-01 11:32:30,077 - automation_pipeline - INFO - SUCCESS: Terraform validation completed
2025-12-01 11:32:30,077 - automation_pipeline - INFO - Step 6: Generating summary report...
2025-12-01 11:32:30,077 - automation_pipeline - INFO - SUCCESS: Summary report generated
2025-12-01 11:32:30,077 - automation_pipeline - INFO - Step 7: Cleaning up temporary files...
2025-12-01 11:32:30,077 - automation_pipeline - INFO - SUCCESS: Temporary files cleaned up
2025-12-01 11:32:30,078 - automation_pipeline - INFO - ================================================================================
2025-12-01 11:32:30,078 - automation_pipeline - INFO - AUTOMATION PIPELINE COMPLETED SUCCESSFULLY!
2025-12-01 11:32:30,078 - automation_pipeline - INFO - ================================================================================
2025-12-01 11:32:30,078 - automation_pipeline - INFO - Files processed: 1
2025-12-01 11:32:30,078 - automation_pipeline - INFO - Files generated: 23
2025-12-01 11:32:30,078 - automation_pipeline - INFO - Steps completed: 8
2025-12-01 11:32:30,078 - automation_pipeline - INFO - Duration: 0.00 seconds
2025-12-01 11:32:30,078 - automation_pipeline - INFO - Results saved to: terraform_output/20251201_113229/automation_results.json
2025-12-01 11:32:30,079 - automation_pipeline - INFO - SUCCESS: Automation completed successfully - notification sent
2025-12-01 11:33:09,288 - automation_pipeline - INFO - ================================================================================
2025-12-01 11:33:09,288 - automation_pipeline - INFO - EXCEL TO TERRAFORM AUTOMATION PIPELINE
2025-12-01 11:33:09,288 - automation_pipeline - INFO - ================================================================================
2025-12-01 11:33:09,288 - automation_pipeline - INFO - Started at: 2025-12-01 11:33:09.288491
2025-12-01 11:33:09,288 - automation_pipeline - INFO - Configuration: automation_config.json
2025-12-01 11:33:09,288 - automation_pipeline - INFO - Step 1: Validating inputs...
2025-12-01 11:33:09,288 - automation_pipeline - INFO - No specific file provided, searching sourcefiles directory for Excel files...
2025-12-01 11:33:09,289 - automation_pipeline - INFO - Found 1 Excel file(s) in sourcefiles directory
2025-12-01 11:33:09,289 - automation_pipeline - INFO -   - test_data.xlsm
2025-12-01 11:33:09,289 - automation_pipeline - INFO - SUCCESS: Input validation completed
2025-12-01 11:33:09,289 - automation_pipeline - INFO - No specific file provided, searching sourcefiles directory for Excel files...
2025-12-01 11:33:09,289 - automation_pipeline - INFO - Found 1 Excel file(s) in sourcefiles directory
2025-12-01 11:33:09,289 - automation_pipeline - INFO -   - test_data.xlsm
2025-12-01 11:33:09,289 - automation_pipeline - INFO - Processing 1 Excel file(s)
2025-12-01 11:33:09,289 - automation_pipeline - INFO - Step 2: Backing up previous outputs...
2025-12-01 11:33:09,292 - automation_pipeline - INFO - Previous outputs backed up to: backup_20251201_113309
2025-12-01 11:33:09,292 - automation_pipeline - INFO - SUCCESS: Previous outputs backed up
2025-12-01 11:33:09,292 - automation_pipeline - INFO - Processing file 1/1: test_data.xlsm
2025-12-01 11:33:09,292 - automation_pipeline - INFO - Step 3.1: Extracting Excel data to JSON...
2025-12-01 11:33:10,985 - automation_pipeline - INFO - JSON file created: test_data_comprehensive_extract.json (5,143,854 bytes)
2025-12-01 11:33:10,986 - automation_pipeline - INFO - SUCCESS: Excel data extracted to: test_data_comprehensive_extract.json
2025-12-01 11:33:10,986 - automation_pipeline - INFO - Step 4.1: Generating Terraform files...
2025-12-01 11:33:11,017 - automation_pipeline - INFO - ================================================================================
2025-12-01 11:33:11,017 - automation_pipeline - INFO - DATA EXTRACTION VALIDATION RESULTS
2025-12-01 11:33:11,017 - automation_pipeline - INFO - ================================================================================
2025-12-01 11:33:11,017 - automation_pipeline - INFO - Extraction Quality: GOOD
2025-12-01 11:33:11,017 - automation_pipeline - INFO - Valid: True
2025-12-01 11:33:11,017 - automation_pipeline - WARNING - WARNINGS (1):
2025-12-01 11:33:11,017 - automation_pipeline - WARNING -   [WARN] Only 1 VM(s) extracted - may be using fallback defaults
2025-12-01 11:33:11,017 - automation_pipeline - INFO - [PASS] Required data extracted with warnings
2025-12-01 11:33:11,017 - automation_pipeline - INFO - ================================================================================
2025-12-01 11:33:11,017 - automation_pipeline - INFO - Using EnhancedTerraformGeneratorV2 (full resource file generation)
2025-12-01 11:33:11,017 - automation_pipeline - INFO - Output directory: terraform_output/20251201_113310
2025-12-01 11:33:11,020 - automation_pipeline - INFO - Generated 22 Terraform files
2025-12-01 11:33:11,020 - automation_pipeline - INFO -   - m-vm.tf (4,484 bytes)
2025-12-01 11:33:11,020 - automation_pipeline - INFO -   - main.tf (3,100 bytes)
2025-12-01 11:33:11,020 - automation_pipeline - INFO -   - r-asg.tf (1,361 bytes)
2025-12-01 11:33:11,020 - automation_pipeline - INFO -   - r-snet.tf (933 bytes)
2025-12-01 11:33:11,020 - automation_pipeline - INFO -   - r-kvlt.tf (1,952 bytes)
2025-12-01 11:33:11,020 - automation_pipeline - INFO -   - r-umid.tf (1,053 bytes)
2025-12-01 11:33:11,020 - automation_pipeline - INFO -   - r-dsk.tf (1,069 bytes)
2025-12-01 11:33:11,020 - automation_pipeline - INFO -   - r-rnd.tf (240 bytes)
2025-12-01 11:33:11,020 - automation_pipeline - INFO -   - r-dcra.tf (463 bytes)
2025-12-01 11:33:11,020 - automation_pipeline - INFO -   - networking.tf (1,029 bytes)
2025-12-01 11:33:11,020 - automation_pipeline - INFO -   - s3.tf (928 bytes)
2025-12-01 11:33:11,020 - automation_pipeline - INFO -   - packages/monitoring/alerts.tf (931 bytes)
2025-12-01 11:33:11,021 - automation_pipeline - INFO -   - packages/storage/buckets.tf (659 bytes)
2025-12-01 11:33:11,021 - automation_pipeline - INFO -   - variables.tf (15,596 bytes)
2025-12-01 11:33:11,021 - automation_pipeline - INFO -   - terraform.tfvars (3,791 bytes)
2025-12-01 11:33:11,021 - automation_pipeline - INFO -   - outputs.tf (72 bytes)
2025-12-01 11:33:11,021 - automation_pipeline - INFO -   - data.tf (3,032 bytes)
2025-12-01 11:33:11,021 - automation_pipeline - INFO -   - locals.tf (392 bytes)
2025-12-01 11:33:11,021 - automation_pipeline - INFO -   - production.tfvars (409 bytes)
2025-12-01 11:33:11,021 - automation_pipeline - INFO -   - scripts/validate.sh (1,180 bytes)
2025-12-01 11:33:11,021 - automation_pipeline - INFO -   - README.md (1,694 bytes)
2025-12-01 11:33:11,021 - automation_pipeline - INFO -   - .gitignore (776 bytes)
2025-12-01 11:33:11,022 - automation_pipeline - INFO - SUCCESS: Terraform files generated in: terraform_output/20251201_113310
2025-12-01 11:33:11,022 - automation_pipeline - INFO - Step 5: Validating generated files...
2025-12-01 11:33:11,042 - automation_pipeline - INFO - SUCCESS: Output validation completed
2025-12-01 11:33:11,042 - automation_pipeline - INFO - Step 5a: Running Terraform validation...
2025-12-01 11:33:11,042 - automation_pipeline - INFO - Validating Terraform in: terraform_output/20251201_113310
2025-12-01 11:33:11,196 - automation_pipeline - INFO - Found Terraform v1.5.7
2025-12-01 11:33:11,196 - automation_pipeline - INFO - Running terraform fmt on terraform_output/20251201_113310
2025-12-01 11:33:11,218 - automation_pipeline - WARNING - Terraform fmt: [FAIL] Formatting issues found
2025-12-01 11:33:11,218 - automation_pipeline - INFO - Running terraform init
2025-12-01 11:33:11,633 - automation_pipeline - WARNING - Terraform init failed: [31m[31m╷[0m[0m
[31m│[0m [0m[1m[31mError: [0m[0m[1mError accessing remote module registry[0m
[31m│[0m [0m
[31m│[0m [0m[0m  on m-vm.tf line 38:
[31m│[0m [0m  38: [4mmodule "vm"[0m {[0m
[31m│[0m [0m
[31m│[0m [0mFailed to retrieve available versions for module "vm" (m-vm.tf:38) from
[31m│[0m [0mapp.terraform.io: error looking up module versions: 401 Unauthorized.
[31m╵[0m[0m
[0m[0m
[31m[31m╷[0m[0m
[31m│[0m [0m[1m[31mError: [0m[0m[1mDuplicate local value definition[0m
[31m│[0m [0m
[31m│[0m [0m[0m  on main.tf line 22, in locals:
[31m│[0m [0m  22:   [4mcommon_tags = {
[31m│[0m [0m  23:     Environment = local.environment
[31m│[0m [0m  24:     Project     = local.project_name
[31m│[0m [0m  25:     ManagedBy   = "terraform"
[31m│[0m [0m  26:   }[0m[0m
[31m│[0m [0m
[31m│[0m [0mA local value named "common_tags" was already defined at locals.tf:6,3-8,4.
[31m│[0m [0mLocal value names must be unique within a module.
[31m╵[0m[0m
[0m[0m
[31m[31m╷[0m[0m
[31m│[0m [0m[1m[31mError: [0m[0m[1mInvalid reference in variable validation[0m
[31m│[0m [0m
[31m│[0m [0m[0m  on variables.tf line 27, in variable "location":
[31m│[0m [0m  27:     error_message = format("A location value of "%[4ms[0m" is not allowed. Please use one of the following: \n %s", var.location,[0m
[31m│[0m [0m
[31m│[0m [0mThe error message for variable "location" can only refer to the variable
[31m│[0m [0mitself, using var.location.
[31m╵[0m[0m
[0m[0m
[31m[31m╷[0m[0m
[31m│[0m [0m[1m[31mError: [0m[0m[1mInvalid reference in variable validation[0m
[31m│[0m [0m
[31m│[0m [0m[0m  on variables.tf line 333, in variable "common_tags":
[31m│[0m [0m 333:     error_message = format("An environment tag value of "%[4ms[0m" is not allowed. Please use one of the following: \n %s", var.common_tags.environment,[0m
[31m│[0m [0m
[31m│[0m [0mThe error message for variable "common_tags" can only refer to the variable
[31m│[0m [0mitself, using var.common_tags.
[31m╵[0m[0m
[0m[0m
[31m[31m╷[0m[0m
[31m│[0m [0m[1m[31mError: [0m[0m[1mInvalid reference in variable validation[0m
[31m│[0m [0m
[31m│[0m [0m[0m  on variables.tf line 356, in variable "common_tags":
[31m│[0m [0m 356:     error_message = format("A app-tier tag value of "%[4ms[0m" is not allowed. Please use one of the following: \n %s", var.common_tags.app-tier,[0m
[31m│[0m [0m
[31m│[0m [0mThe error message for variable "common_tags" can only refer to the variable
[31m│[0m [0mitself, using var.common_tags.
[31m╵[0m[0m
[0m[0m
[31m[31m╷[0m[0m
[31m│[0m [0m[1m[31mError: [0m[0m[1mInvalid reference in variable validation[0m
[31m│[0m [0m
[31m│[0m [0m[0m  on variables.tf line 371, in variable "common_tags":
[31m│[0m [0m 371:     error_message = format("An it-cost-center tag value of "%[4ms[0m" is not allowed. Please use NA or a whole number", var.common_tags.it-cost-center)[0m
[31m│[0m [0m
[31m│[0m [0mThe error message for variable "common_tags" can only refer to the variable
[31m│[0m [0mitself, using var.common_tags.
[31m╵[0m[0m
[0m[0m
[31m[31m╷[0m[0m
[31m│[0m [0m[1m[31mError: [0m[0m[1mInvalid reference in variable validation[0m
[31m│[0m [0m
[31m│[0m [0m[0m  on variables.tf line 388, in variable "resource_specific_tags":
[31m│[0m [0m 388:     error_message = format("A patch-optin tag value of "%[4ms[0m" is not allowed. Please use one of the following: YES, NO, NA", var.resource_specific_tags.patch-optin)[0m
[31m│[0m [0m
[31m│[0m [0mThe error message for variable "resource_specific_tags" can only refer to
[31m│[0m [0mthe variable itself, using var.resource_specific_tags.
[31m╵[0m[0m
[0m[0m

2025-12-01 11:33:11,633 - automation_pipeline - WARNING -   Terraform fmt: [FAIL]
2025-12-01 11:33:11,633 - automation_pipeline - INFO - SUCCESS: Terraform validation completed
2025-12-01 11:33:11,633 - automation_pipeline - INFO - Step 6: Generating summary report...
2025-12-01 11:33:11,633 - automation_pipeline - INFO - SUCCESS: Summary report generated
2025-12-01 11:33:11,634 - automation_pipeline - INFO - Step 7: Cleaning up temporary files...
2025-12-01 11:33:11,634 - automation_pipeline - INFO - SUCCESS: Temporary files cleaned up
2025-12-01 11:33:11,634 - automation_pipeline - INFO - ================================================================================
2025-12-01 11:33:11,634 - automation_pipeline - INFO - AUTOMATION PIPELINE COMPLETED SUCCESSFULLY!
2025-12-01 11:33:11,634 - automation_pipeline - INFO - ================================================================================
2025-12-01 11:33:11,634 - automation_pipeline - INFO - Files processed: 1
2025-12-01 11:33:11,634 - automation_pipeline - INFO - Files generated: 23
2025-12-01 11:33:11,634 - automation_pipeline - INFO - Steps completed: 8
2025-12-01 11:33:11,634 - automation_pipeline - INFO - Duration: 0.00 seconds
2025-12-01 11:33:11,635 - automation_pipeline - INFO - Results saved to: terraform_output/20251201_113310/automation_results.json
2025-12-01 11:33:11,635 - automation_pipeline - INFO - SUCCESS: Automation completed successfully - notification sent
2025-12-03 15:25:29,263 - automation_pipeline - INFO - ================================================================================
2025-12-03 15:25:29,263 - automation_pipeline - INFO - EXCEL TO TERRAFORM AUTOMATION PIPELINE
2025-12-03 15:25:29,263 - automation_pipeline - INFO - ================================================================================
2025-12-03 15:25:29,263 - automation_pipeline - INFO - Started at: 2025-12-03 15:25:29.263486
2025-12-03 15:25:29,263 - automation_pipeline - INFO - Configuration: automation_config.json
2025-12-03 15:25:29,263 - automation_pipeline - INFO - Step 1: Validating inputs...
2025-12-03 15:25:29,263 - automation_pipeline - INFO - No specific file provided, searching sourcefiles directory for Excel files...
2025-12-03 15:25:29,263 - automation_pipeline - INFO - Found 1 Excel file(s) in sourcefiles directory
2025-12-03 15:25:29,263 - automation_pipeline - INFO -   - test_data.xlsm
2025-12-03 15:25:29,264 - automation_pipeline - INFO - SUCCESS: Input validation completed
2025-12-03 15:25:29,264 - automation_pipeline - INFO - No specific file provided, searching sourcefiles directory for Excel files...
2025-12-03 15:25:29,264 - automation_pipeline - INFO - Found 1 Excel file(s) in sourcefiles directory
2025-12-03 15:25:29,264 - automation_pipeline - INFO -   - test_data.xlsm
2025-12-03 15:25:29,264 - automation_pipeline - INFO - Processing 1 Excel file(s)
2025-12-03 15:25:29,264 - automation_pipeline - INFO - Step 2: Backing up previous outputs...
2025-12-03 15:25:29,267 - automation_pipeline - INFO - Previous outputs backed up to: backup_20251203_152529
2025-12-03 15:25:29,268 - automation_pipeline - INFO - SUCCESS: Previous outputs backed up
2025-12-03 15:25:29,268 - automation_pipeline - INFO - Processing file 1/1: test_data.xlsm
2025-12-03 15:25:29,268 - automation_pipeline - INFO - Step 3.1: Extracting Excel data to JSON...
2025-12-03 15:25:31,085 - automation_pipeline - INFO - JSON file created: test_data_comprehensive_extract.json (5,143,854 bytes)
2025-12-03 15:25:31,087 - automation_pipeline - INFO - SUCCESS: Excel data extracted to: test_data_comprehensive_extract.json
2025-12-03 15:25:31,087 - automation_pipeline - INFO - Step 4.1: Generating Terraform files...
2025-12-03 15:25:31,119 - automation_pipeline - INFO - ================================================================================
2025-12-03 15:25:31,119 - automation_pipeline - INFO - DATA EXTRACTION VALIDATION RESULTS
2025-12-03 15:25:31,120 - automation_pipeline - INFO - ================================================================================
2025-12-03 15:25:31,120 - automation_pipeline - INFO - Extraction Quality: GOOD
2025-12-03 15:25:31,120 - automation_pipeline - INFO - Valid: True
2025-12-03 15:25:31,120 - automation_pipeline - WARNING - WARNINGS (1):
2025-12-03 15:25:31,120 - automation_pipeline - WARNING -   [WARN] Only 1 VM(s) extracted - may be using fallback defaults
2025-12-03 15:25:31,120 - automation_pipeline - INFO - [PASS] Required data extracted with warnings
2025-12-03 15:25:31,120 - automation_pipeline - INFO - ================================================================================
2025-12-03 15:25:31,120 - automation_pipeline - INFO - Using EnhancedTerraformGeneratorV2 (full resource file generation)
2025-12-03 15:25:31,120 - automation_pipeline - INFO - Output directory: terraform_output/20251203_152531
2025-12-03 15:25:31,124 - automation_pipeline - INFO - Generated 22 Terraform files
2025-12-03 15:25:31,124 - automation_pipeline - INFO -   - m-vm.tf (4,484 bytes)
2025-12-03 15:25:31,124 - automation_pipeline - INFO -   - main.tf (3,100 bytes)
2025-12-03 15:25:31,124 - automation_pipeline - INFO -   - r-asg.tf (1,361 bytes)
2025-12-03 15:25:31,125 - automation_pipeline - INFO -   - r-snet.tf (933 bytes)
2025-12-03 15:25:31,125 - automation_pipeline - INFO -   - r-kvlt.tf (1,952 bytes)
2025-12-03 15:25:31,125 - automation_pipeline - INFO -   - r-umid.tf (1,053 bytes)
2025-12-03 15:25:31,125 - automation_pipeline - INFO -   - r-dsk.tf (1,069 bytes)
2025-12-03 15:25:31,125 - automation_pipeline - INFO -   - r-rnd.tf (240 bytes)
2025-12-03 15:25:31,125 - automation_pipeline - INFO -   - r-dcra.tf (463 bytes)
2025-12-03 15:25:31,125 - automation_pipeline - INFO -   - networking.tf (1,029 bytes)
2025-12-03 15:25:31,125 - automation_pipeline - INFO -   - s3.tf (928 bytes)
2025-12-03 15:25:31,125 - automation_pipeline - INFO -   - packages/monitoring/alerts.tf (931 bytes)
2025-12-03 15:25:31,125 - automation_pipeline - INFO -   - packages/storage/buckets.tf (659 bytes)
2025-12-03 15:25:31,125 - automation_pipeline - INFO -   - variables.tf (15,596 bytes)
2025-12-03 15:25:31,125 - automation_pipeline - INFO -   - terraform.tfvars (3,791 bytes)
2025-12-03 15:25:31,125 - automation_pipeline - INFO -   - outputs.tf (72 bytes)
2025-12-03 15:25:31,125 - automation_pipeline - INFO -   - data.tf (3,032 bytes)
2025-12-03 15:25:31,125 - automation_pipeline - INFO -   - locals.tf (392 bytes)
2025-12-03 15:25:31,125 - automation_pipeline - INFO -   - production.tfvars (409 bytes)
2025-12-03 15:25:31,125 - automation_pipeline - INFO -   - scripts/validate.sh (1,180 bytes)
2025-12-03 15:25:31,125 - automation_pipeline - INFO -   - README.md (1,694 bytes)
2025-12-03 15:25:31,125 - automation_pipeline - INFO -   - .gitignore (776 bytes)
2025-12-03 15:25:31,126 - automation_pipeline - INFO - SUCCESS: Terraform files generated in: terraform_output/20251203_152531
2025-12-03 15:25:31,126 - automation_pipeline - INFO - Step 5: Validating generated files...
2025-12-03 15:25:31,148 - automation_pipeline - INFO - SUCCESS: Output validation completed
2025-12-03 15:25:31,149 - automation_pipeline - INFO - Step 5a: Running Terraform validation...
2025-12-03 15:25:31,149 - automation_pipeline - INFO - Validating Terraform in: terraform_output/20251203_152531
2025-12-03 15:25:31,487 - automation_pipeline - INFO - Found Terraform v1.5.7
2025-12-03 15:25:31,487 - automation_pipeline - INFO - Running terraform fmt on terraform_output/20251203_152531
2025-12-03 15:25:31,525 - automation_pipeline - WARNING - Terraform fmt: [FAIL] Formatting issues found
2025-12-03 15:25:31,525 - automation_pipeline - INFO - Running terraform init
2025-12-03 15:25:32,002 - automation_pipeline - WARNING - Terraform init failed: [31m[31m╷[0m[0m
[31m│[0m [0m[1m[31mError: [0m[0m[1mError accessing remote module registry[0m
[31m│[0m [0m
[31m│[0m [0m[0m  on m-vm.tf line 38:
[31m│[0m [0m  38: [4mmodule "vm"[0m {[0m
[31m│[0m [0m
[31m│[0m [0mFailed to retrieve available versions for module "vm" (m-vm.tf:38) from
[31m│[0m [0mapp.terraform.io: error looking up module versions: 401 Unauthorized.
[31m╵[0m[0m
[0m[0m
[31m[31m╷[0m[0m
[31m│[0m [0m[1m[31mError: [0m[0m[1mDuplicate local value definition[0m
[31m│[0m [0m
[31m│[0m [0m[0m  on main.tf line 22, in locals:
[31m│[0m [0m  22:   [4mcommon_tags = {
[31m│[0m [0m  23:     Environment = local.environment
[31m│[0m [0m  24:     Project     = local.project_name
[31m│[0m [0m  25:     ManagedBy   = "terraform"
[31m│[0m [0m  26:   }[0m[0m
[31m│[0m [0m
[31m│[0m [0mA local value named "common_tags" was already defined at locals.tf:6,3-8,4.
[31m│[0m [0mLocal value names must be unique within a module.
[31m╵[0m[0m
[0m[0m
[31m[31m╷[0m[0m
[31m│[0m [0m[1m[31mError: [0m[0m[1mInvalid reference in variable validation[0m
[31m│[0m [0m
[31m│[0m [0m[0m  on variables.tf line 27, in variable "location":
[31m│[0m [0m  27:     error_message = format("A location value of "%[4ms[0m" is not allowed. Please use one of the following: \n %s", var.location,[0m
[31m│[0m [0m
[31m│[0m [0mThe error message for variable "location" can only refer to the variable
[31m│[0m [0mitself, using var.location.
[31m╵[0m[0m
[0m[0m
[31m[31m╷[0m[0m
[31m│[0m [0m[1m[31mError: [0m[0m[1mInvalid reference in variable validation[0m
[31m│[0m [0m
[31m│[0m [0m[0m  on variables.tf line 333, in variable "common_tags":
[31m│[0m [0m 333:     error_message = format("An environment tag value of "%[4ms[0m" is not allowed. Please use one of the following: \n %s", var.common_tags.environment,[0m
[31m│[0m [0m
[31m│[0m [0mThe error message for variable "common_tags" can only refer to the variable
[31m│[0m [0mitself, using var.common_tags.
[31m╵[0m[0m
[0m[0m
[31m[31m╷[0m[0m
[31m│[0m [0m[1m[31mError: [0m[0m[1mInvalid reference in variable validation[0m
[31m│[0m [0m
[31m│[0m [0m[0m  on variables.tf line 356, in variable "common_tags":
[31m│[0m [0m 356:     error_message = format("A app-tier tag value of "%[4ms[0m" is not allowed. Please use one of the following: \n %s", var.common_tags.app-tier,[0m
[31m│[0m [0m
[31m│[0m [0mThe error message for variable "common_tags" can only refer to the variable
[31m│[0m [0mitself, using var.common_tags.
[31m╵[0m[0m
[0m[0m
[31m[31m╷[0m[0m
[31m│[0m [0m[1m[31mError: [0m[0m[1mInvalid reference in variable validation[0m
[31m│[0m [0m
[31m│[0m [0m[0m  on variables.tf line 371, in variable "common_tags":
[31m│[0m [0m 371:     error_message = format("An it-cost-center tag value of "%[4ms[0m" is not allowed. Please use NA or a whole number", var.common_tags.it-cost-center)[0m
[31m│[0m [0m
[31m│[0m [0mThe error message for variable "common_tags" can only refer to the variable
[31m│[0m [0mitself, using var.common_tags.
[31m╵[0m[0m
[0m[0m
[31m[31m╷[0m[0m
[31m│[0m [0m[1m[31mError: [0m[0m[1mInvalid reference in variable validation[0m
[31m│[0m [0m
[31m│[0m [0m[0m  on variables.tf line 388, in variable "resource_specific_tags":
[31m│[0m [0m 388:     error_message = format("A patch-optin tag value of "%[4ms[0m" is not allowed. Please use one of the following: YES, NO, NA", var.resource_specific_tags.patch-optin)[0m
[31m│[0m [0m
[31m│[0m [0mThe error message for variable "resource_specific_tags" can only refer to
[31m│[0m [0mthe variable itself, using var.resource_specific_tags.
[31m╵[0m[0m
[0m[0m

2025-12-03 15:25:32,003 - automation_pipeline - WARNING -   Terraform fmt: [FAIL]
2025-12-03 15:25:32,003 - automation_pipeline - INFO - SUCCESS: Terraform validation completed
2025-12-03 15:25:32,003 - automation_pipeline - INFO - Step 6: Generating summary report...
2025-12-03 15:25:32,003 - automation_pipeline - INFO - SUCCESS: Summary report generated
2025-12-03 15:25:32,003 - automation_pipeline - INFO - Step 7: Cleaning up temporary files...
2025-12-03 15:25:32,004 - automation_pipeline - INFO - SUCCESS: Temporary files cleaned up
2025-12-03 15:25:32,004 - automation_pipeline - INFO - ================================================================================
2025-12-03 15:25:32,004 - automation_pipeline - INFO - AUTOMATION PIPELINE COMPLETED SUCCESSFULLY!
2025-12-03 15:25:32,004 - automation_pipeline - INFO - ================================================================================
2025-12-03 15:25:32,004 - automation_pipeline - INFO - Files processed: 1
2025-12-03 15:25:32,004 - automation_pipeline - INFO - Files generated: 23
2025-12-03 15:25:32,004 - automation_pipeline - INFO - Steps completed: 8
2025-12-03 15:25:32,004 - automation_pipeline - INFO - Duration: 0.00 seconds
2025-12-03 15:25:32,004 - automation_pipeline - INFO - Results saved to: terraform_output/20251203_152531/automation_results.json
2025-12-03 15:25:32,005 - automation_pipeline - INFO - SUCCESS: Automation completed successfully - notification sent
